SERIALNO,PUMA,PWGTP,AGEP,SCHL,SEX,WAGP,OCCP,PINCP,SOCP,HINCP,TEN,NP
2022GQ0000975,07509,52,23,21.0,2,2000.0,3050,2000.0,291051,,,1
2022GQ0001018,07512,20,85,21.0,2,0.0,,2500.0,,,,1
2022GQ0001336,07508,75,85,21.0,2,0.0,,2500.0,,,,1
2022GQ0001507,07512,59,18,18.0,1,130.0,4760,130.0,412031,,,1
2022GQ0002101,07508,14,28,21.0,2,38000.0,2012,38000.0,211022,,,1
2022GQ0002684,07513,7,35,16.0,1,21200.0,4020,21200.0,352010,,,1
2022GQ0002817,07508,4,44,11.0,2,0.0,2640,0.0,27102X,,,1
2022GQ0002853,07514,58,19,19.0,2,0.0,4720,0.0,412010,,,1
2022GQ0002974,07514,12,22,17.0,1,3800.0,7800,3800.0,513011,,,1
2022GQ0003001,07512,41,20,20.0,2,540.0,2350,540.0,253041,,,1
2022GQ0003578,07510,60,32,16.0,1,15000.0,2006,15000.0,211019,,,1
2022GQ0003595,07510,50,48,12.0,1,0.0,8450,0.0,516093,,,1
2022GQ0003961,07514,30,30,18.0,1,10000.0,2013,22000.0,211023,,,1
2022GQ0004137,07513,10,41,19.0,1,8000.0,3603,8000.0,311131,,,1
2022GQ0004309,07512,42,18,16.0,2,0.0,2016,0.0,211093,,,1
2022GQ0005234,07510,23,51,12.0,1,0.0,,11900.0,,,,1
2022GQ0005967,07514,18,56,16.0,1,0.0,,0.0,,,,1
2022GQ0006101,07509,146,69,19.0,1,60000.0,1108,60000.0,151299,,,1
2022GQ0006150,07508,31,22,19.0,1,0.0,,0.0,,,,1
2022GQ0006212,07510,73,66,19.0,2,0.0,,12000.0,,,,1
2022GQ0006335,07509,44,21,19.0,2,8500.0,0725,10500.0,131121,,,1
2022GQ0006451,07507,8,30,16.0,2,0.0,3603,0.0,311131,,,1
2022GQ0006624,07507,79,72,22.0,2,0.0,,7100.0,,,,1
2022GQ0006682,07512,31,19,18.0,2,0.0,,0.0,,,,1
2022GQ0006921,07508,59,22,19.0,1,0.0,,0.0,,,,1
2022GQ0008304,07512,53,21,19.0,2,3200.0,2205,3200.0,251000,,,1
2022GQ0008337,07511,72,65,15.0,2,0.0,,0.0,,,,1
2022GQ0008876,07508,23,22,19.0,2,0.0,4110,0.0,353031,,,1
2022GQ0009140,07512,25,36,22.0,2,65000.0,1650,65000.0,1910XX,,,1
2022GQ0009525,07509,40,64,15.0,1,0.0,,4300.0,,,,1
2022GQ0009647,07513,67,19,19.0,1,0.0,4010,0.0,351012,,,1
2022GQ0010003,07514,58,52,16.0,2,3100.0,4720,3100.0,412010,,,1
2022GQ0010105,07512,7,47,15.0,1,0.0,,11900.0,,,,1
2022GQ0010800,07509,30,52,1.0,1,0.0,,7100.0,,,,1
2022GQ0011130,07507,6,34,1.0,2,0.0,,0.0,,,,1
2022GQ0011948,07512,29,94,16.0,2,0.0,,109000.0,,,,1
2022GQ0012094,07510,94,32,16.0,1,15000.0,2006,15000.0,211019,,,1
2022GQ0012170,07510,71,64,20.0,1,0.0,9130,65000.0,533030,,,1
2022GQ0012726,07509,33,67,15.0,1,0.0,,7100.0,,,,1
2022GQ0012761,07513,11,36,19.0,2,157000.0,3500,192000.0,292061,,,1
2022GQ0013368,07510,67,34,1.0,2,0.0,,0.0,,,,1
2022GQ0013437,07514,101,69,15.0,2,0.0,,1400.0,,,,1
2022GQ0013459,07512,24,30,20.0,1,140000.0,0420,140000.0,119151,,,1
2022GQ0013507,07509,121,66,19.0,2,0.0,,12000.0,,,,1
2022GQ0014707,07510,55,94,21.0,1,0.0,,78000.0,,,,1
2022GQ0015211,07512,87,37,16.0,1,0.0,,0.0,,,,1
2022GQ0017900,07509,12,36,21.0,2,0.0,4010,3500.0,351012,,,1
2022GQ0018122,07514,49,90,23.0,1,0.0,,18000.0,,,,1
2022GQ0018152,07509,34,64,1.0,1,0.0,,2700.0,,,,1
2022GQ0018420,07507,19,44,18.0,1,140000.0,2040,140000.0,212011,,,1
2022GQ0018637,07507,67,67,23.0,2,0.0,,9400.0,,,,1
2022GQ0018839,07507,8,64,18.0,2,0.0,,0.0,,,,1
2022GQ0019016,07509,60,20,16.0,1,0.0,6442,0.0,472152,,,1
2022GQ0019767,07514,78,60,18.0,1,0.0,6305,1000.0,472070,,,1
2022GQ0019807,07514,95,27,18.0,1,15000.0,4252,15000.0,373013,,,1
2022GQ0020830,07514,96,52,20.0,2,0.0,,18200.0,,,,1
2022GQ0020856,07512,21,77,16.0,2,0.0,,12000.0,,,,1
2022GQ0021572,07509,7,23,16.0,1,0.0,,0.0,,,,1
2022GQ0021966,07514,58,30,16.0,2,0.0,3603,0.0,311131,,,1
2022GQ0022332,07509,63,59,18.0,2,0.0,,13200.0,,,,1
2022GQ0023339,07512,35,94,24.0,2,0.0,,34600.0,,,,1
2022GQ0023501,07510,18,22,17.0,1,3800.0,7800,3800.0,513011,,,1
2022GQ0023540,07510,67,30,16.0,1,1200.0,6260,6800.0,472061,,,1
2022GQ0023547,07508,67,18,16.0,2,1000.0,4110,1000.0,353031,,,1
2022GQ0023636,07508,47,27,21.0,1,0.0,3620,0.0,312020,,,1
2022GQ0023937,07508,58,18,16.0,2,0.0,,0.0,,,,1
2022GQ0024114,07511,14,54,19.0,2,0.0,,18200.0,,,,1
2022GQ0024396,07511,40,66,16.0,1,0.0,,26700.0,,,,1
2022GQ0024471,07512,9,23,21.0,2,2000.0,3050,2000.0,291051,,,1
2022GQ0024496,07512,54,89,8.0,2,0.0,,0.0,,,,1
2022GQ0024583,07510,20,28,24.0,2,60000.0,1970,60000.0,1940YY,,,1
2022GQ0025690,07514,46,80,19.0,2,0.0,,22800.0,,,,1
2022GQ0025709,07510,69,77,16.0,2,0.0,,12000.0,,,,1
2022GQ0025793,07514,33,75,16.0,1,0.0,,13000.0,,,,1
2022GQ0025839,07510,53,24,21.0,2,2500.0,3050,2500.0,291051,,,1
2022GQ0026586,07507,10,65,16.0,1,0.0,7140,28400.0,493011,,,1
2022GQ0027021,07514,79,64,18.0,2,0.0,,0.0,,,,1
2022GQ0027225,07510,134,64,15.0,1,0.0,,4300.0,,,,1
2022GQ0027720,07508,142,52,20.0,2,0.0,,18200.0,,,,1
2022GQ0029131,07514,42,18,16.0,2,880.0,2350,880.0,253041,,,1
2022GQ0029260,07508,31,53,21.0,1,6600.0,9620,6860.0,537062,,,1
2022GQ0032150,07514,67,59,17.0,2,1200.0,3602,7200.0,311122,,,1
2022GQ0032328,07510,154,23,19.0,2,35200.0,1970,35200.0,1940YY,,,1
2022GQ0032875,07511,91,69,15.0,2,0.0,,1400.0,,,,1
2022GQ0033368,07511,13,60,18.0,1,0.0,6305,1000.0,472070,,,1
2022GQ0033390,07510,55,43,20.0,1,128000.0,1305,128170.0,171011,,,1
2022GQ0033700,07512,36,94,8.0,2,0.0,,3000.0,,,,1
2022GQ0034928,07509,12,41,21.0,1,200.0,2025,7600.0,21109X,,,1
2022GQ0034934,07509,254,20,16.0,1,0.0,6442,0.0,472152,,,1
2022GQ0035080,07512,36,23,21.0,2,2000.0,3050,2000.0,291051,,,1
2022GQ0035135,07509,58,22,17.0,1,3800.0,7800,3800.0,513011,,,1
2022GQ0035531,07510,57,32,14.0,2,6200.0,4020,6200.0,352010,,,1
2022GQ0035543,07510,26,56,16.0,1,0.0,,6190.0,,,,1
2022GQ0036620,07514,15,57,12.0,1,0.0,,0.0,,,,1
2022GQ0036947,07513,27,40,16.0,1,38000.0,5310,38000.0,434111,,,1
2022GQ0037635,07510,50,42,16.0,1,0.0,,13800.0,,,,1
2022GQ0037700,07513,13,35,22.0,2,148000.0,0800,148000.0,132011,,,1
2022GQ0038017,07509,112,94,16.0,2,0.0,,22800.0,,,,1
2022GQ0038726,07508,10,21,19.0,1,0.0,6260,0.0,472061,,,1
2022GQ0038804,07513,61,18,16.0,1,300.0,2545,300.0,259040,,,1
2022GQ0039016,07508,60,18,16.0,2,0.0,2016,0.0,211093,,,1
2022GQ0039179,07512,24,72,22.0,2,0.0,,7100.0,,,,1
2022GQ0039359,07510,59,36,14.0,1,0.0,,0.0,,,,1
2022GQ0040725,07508,58,36,21.0,2,0.0,4010,3500.0,351012,,,1
2022GQ0040957,07513,84,18,18.0,2,0.0,4720,0.0,412010,,,1
2022GQ0041096,07511,24,40,16.0,1,38000.0,5310,38000.0,434111,,,1
2022GQ0042150,07512,27,24,21.0,2,1700.0,3050,1700.0,291051,,,1
2022GQ0042393,07514,6,16,14.0,2,0.0,,0.0,,,,1
2022GQ0043000,07513,25,30,18.0,1,10000.0,2013,22000.0,211023,,,1
2022GQ0043291,07507,66,78,16.0,1,0.0,,27800.0,,,,1
2022GQ0043404,07508,50,23,21.0,2,2000.0,3050,2000.0,291051,,,1
2022GQ0043843,07507,79,54,16.0,2,0.0,4600,0.0,399011,,,1
2022GQ0044060,07508,38,21,19.0,2,8500.0,0725,10500.0,131121,,,1
2022GQ0044120,07509,59,23,16.0,1,0.0,,0.0,,,,1
2022GQ0044339,07508,68,18,18.0,2,0.0,,0.0,,,,1
2022GQ0044700,07512,58,18,16.0,2,5000.0,4720,5000.0,412010,,,1
2022GQ0044894,07510,6,68,19.0,2,0.0,,0.0,,,,1
2022GQ0044924,07511,86,76,24.0,1,0.0,7340,0.0,499071,,,1
2022GQ0045307,07509,40,66,16.0,1,0.0,,26700.0,,,,1
2022GQ0045479,07511,78,24,16.0,1,28800.0,4020,28800.0,352010,,,1
2022GQ0046312,07509,26,60,18.0,1,0.0,6305,1000.0,472070,,,1
2022GQ0046386,07514,63,22,16.0,2,12000.0,4200,12000.0,371011,,,1
2022GQ0046722,07513,12,28,21.0,2,38000.0,2012,38000.0,211022,,,1
2022GQ0046893,07510,61,23,21.0,2,0.0,3640,1500.0,319091,,,1
2022GQ0047513,07510,109,89,8.0,2,0.0,,0.0,,,,1
2022GQ0047613,07510,93,30,22.0,2,0.0,5740,12000.0,436014,,,1
2022GQ0047688,07510,43,31,21.0,1,42900.0,3255,42900.0,291141,,,1
2022GQ0047718,07507,8,32,20.0,2,0.0,8300,600.0,516011,,,1
2022GQ0047836,07510,53,30,24.0,1,55000.0,1760,55000.0,192099,,,1
2022GQ0048268,07510,59,24,21.0,2,2500.0,3050,2500.0,291051,,,1
2022GQ0048388,07511,31,24,16.0,1,28800.0,4020,28800.0,352010,,,1
2022GQ0048530,07508,36,21,20.0,2,6000.0,0440,6000.0,1191XX,,,1
2022GQ0048556,07509,26,37,1.0,1,0.0,,14400.0,,,,1
2022GQ0048637,07511,141,65,15.0,2,0.0,,0.0,,,,1
2022GQ0049328,07510,48,33,9.0,2,0.0,3602,600.0,311122,,,1
2022GQ0049609,07514,5,85,21.0,2,0.0,,2500.0,,,,1
2022GQ0049830,07509,48,25,21.0,2,5500.0,3050,5500.0,291051,,,1
2022GQ0050006,07511,125,35,16.0,2,0.0,,0.0,,,,1
2022GQ0050357,07508,32,20,20.0,2,540.0,2350,540.0,253041,,,1
2022GQ0050377,07509,191,94,16.0,2,0.0,,22800.0,,,,1
2022GQ0050473,07509,99,34,1.0,2,0.0,,0.0,,,,1
2022GQ0050507,07509,74,19,18.0,2,0.0,4720,0.0,412010,,,1
2022GQ0050643,07509,44,36,23.0,1,92000.0,3090,92360.0,291210,,,1
2022GQ0050978,07510,50,22,16.0,2,12000.0,4200,12000.0,371011,,,1
2022GQ0051969,07509,30,69,15.0,2,0.0,,1400.0,,,,1
2022GQ0051983,07510,166,59,18.0,2,0.0,,13200.0,,,,1
2022GQ0052173,07514,37,71,21.0,1,0.0,,10700.0,,,,1
2022GQ0052813,07509,30,72,16.0,1,0.0,,0.0,,,,1
2022GQ0052904,07512,48,37,14.0,1,0.0,,14400.0,,,,1
2022GQ0052952,07510,13,16,13.0,1,0.0,,0.0,,,,1
2022GQ0053395,07510,78,66,19.0,2,0.0,,12000.0,,,,1
2022GQ0054000,07511,12,21,19.0,1,0.0,,0.0,,,,1
2022GQ0054331,07512,25,18,18.0,2,0.0,4720,0.0,412010,,,1
2022GQ0054681,07508,9,22,16.0,2,12000.0,4200,12000.0,371011,,,1
2022GQ0055003,07509,61,22,19.0,1,0.0,,0.0,,,,1
2022GQ0055818,07514,40,94,21.0,1,0.0,,78000.0,,,,1
2022GQ0056784,07512,25,35,24.0,1,61000.0,1650,61000.0,1910XX,,,1
2022GQ0056897,07513,23,94,21.0,1,0.0,,78000.0,,,,1
2022GQ0057040,07511,69,61,13.0,1,0.0,,16800.0,,,,1
2022GQ0057286,07509,36,21,19.0,2,3200.0,2205,3200.0,251000,,,1
2022GQ0057543,07508,8,64,18.0,2,0.0,,0.0,,,,1
2022GQ0057706,07508,109,76,19.0,1,0.0,7340,0.0,499071,,,1
2022GQ0058260,07509,106,94,16.0,2,0.0,,22800.0,,,,1
2022GQ0058317,07508,9,19,18.0,2,0.0,,0.0,,,,1
2022GQ0058818,07510,69,76,19.0,1,0.0,7340,0.0,499071,,,1
2022GQ0059140,07510,52,18,16.0,1,0.0,,0.0,,,,1
2022GQ0059198,07512,9,32,21.0,2,0.0,3640,0.0,319091,,,1
2022GQ0059669,07514,63,59,21.0,1,0.0,5940,0.0,439XXX,,,1
2022GQ0060500,07510,24,51,19.0,1,0.0,,6890.0,,,,1
2022GQ0060600,07510,81,65,17.0,2,0.0,,12000.0,,,,1
2022GQ0060904,07508,12,28,21.0,2,38000.0,2012,38000.0,211022,,,1
2022GQ0061372,07512,23,22,19.0,1,0.0,,0.0,,,,1
2022GQ0062056,07507,13,47,15.0,1,0.0,,11900.0,,,,1
2022GQ0062090,07508,17,56,16.0,1,0.0,,0.0,,,,1
2022GQ0062758,07511,20,66,15.0,1,0.0,,1300.0,,,,1
2022GQ0062799,07510,116,64,1.0,1,0.0,,2700.0,,,,1
2022GQ0062926,07514,49,94,21.0,2,0.0,,48000.0,,,,1
2022GQ0063552,07513,24,14,10.0,1,,,,,,,1
2022GQ0063755,07514,50,73,15.0,1,0.0,,8900.0,,,,1
2022GQ0064576,07507,48,32,13.0,1,0.0,9645,0.0,537065,,,1
2022GQ0064809,07514,59,68,19.0,2,0.0,,0.0,,,,1
2022GQ0064934,07508,49,66,19.0,2,0.0,,12000.0,,,,1
2022GQ0064937,07507,16,58,1.0,1,0.0,,16600.0,,,,1
2022GQ0065024,07513,81,18,19.0,2,5000.0,4720,5000.0,412010,,,1
2022GQ0065553,07512,31,71,21.0,1,0.0,,10700.0,,,,1
2022GQ0065940,07508,89,42,16.0,1,0.0,,13800.0,,,,1
2022GQ0066300,07509,11,27,1.0,1,0.0,,7400.0,,,,1
2022GQ0066365,07512,52,22,19.0,2,0.0,,0.0,,,,1
2022GQ0066396,07508,57,19,16.0,1,6100.0,2722,6100.0,272022,,,1
2022GQ0066412,07513,70,18,18.0,2,5200.0,4720,5200.0,412010,,,1
2022GQ0066749,07508,222,51,12.0,1,0.0,,11900.0,,,,1
2022GQ0066910,07511,87,59,18.0,2,0.0,,13200.0,,,,1
2022GQ0066983,07511,24,30,20.0,1,140000.0,0420,140000.0,119151,,,1
2022GQ0066987,07514,40,94,22.0,2,0.0,,213000.0,,,,1
2022GQ0067431,07514,114,59,17.0,2,1200.0,3602,7200.0,311122,,,1
2022GQ0067598,07512,75,60,18.0,1,0.0,6305,1000.0,472070,,,1
2022GQ0067982,07511,91,61,13.0,1,0.0,,16800.0,,,,1
2022GQ0068414,07510,122,52,16.0,2,3100.0,4720,3100.0,412010,,,1
2022GQ0068591,07508,25,20,19.0,2,0.0,4055,0.0,353023,,,1
2022GQ0068688,07514,50,72,15.0,1,0.0,,30000.0,,,,1
2022GQ0069485,07513,25,65,17.0,2,0.0,,12000.0,,,,1
2022GQ0069778,07509,91,94,24.0,2,0.0,,34600.0,,,,1
2022GQ0069784,07512,39,30,24.0,1,55000.0,1760,55000.0,192099,,,1
2022GQ0069959,07510,47,59,12.0,2,0.0,,1100.0,,,,1
2022GQ0070061,07510,41,71,16.0,1,0.0,,10700.0,,,,1
2022GQ0070533,07512,60,70,18.0,1,0.0,,0.0,,,,1
2022GQ0070549,07509,58,20,17.0,2,22000.0,5310,22000.0,434111,,,1
2022GQ0070706,07508,44,18,16.0,1,300.0,2545,300.0,259040,,,1
2022GQ0070970,07514,77,61,13.0,1,0.0,,16800.0,,,,1
2022GQ0071300,07509,32,41,1.0,1,0.0,,7100.0,,,,1
2022GQ0071324,07508,7,16,12.0,1,0.0,,0.0,,,,1
2022GQ0071345,07510,60,65,20.0,2,9000.0,4110,9000.0,353031,,,1
2022GQ0071707,07512,36,94,16.0,2,0.0,,22800.0,,,,1
2022GQ0071776,07510,18,27,21.0,1,0.0,3620,0.0,312020,,,1
2022GQ0071911,07510,17,36,23.0,1,92000.0,3090,92360.0,291210,,,1
2022GQ0072320,07508,49,18,16.0,1,0.0,,0.0,,,,1
2022GQ0072825,07511,28,27,18.0,1,15000.0,4252,15000.0,373013,,,1
2022GQ0073191,07514,13,72,16.0,1,0.0,,0.0,,,,1
2022GQ0073429,07511,33,30,18.0,1,10000.0,2013,22000.0,211023,,,1
2022GQ0073456,07511,109,69,15.0,2,0.0,,1400.0,,,,1
2022GQ0073611,07511,40,94,16.0,2,0.0,,22800.0,,,,1
2022GQ0074435,07513,13,55,12.0,1,0.0,,0.0,,,,1
2022GQ0074962,07510,90,30,24.0,1,55000.0,1760,55000.0,192099,,,1
2022GQ0076269,07511,16,20,16.0,1,0.0,6442,0.0,472152,,,1
2022GQ0077035,07510,20,36,22.0,2,65000.0,1650,65000.0,1910XX,,,1
2022GQ0077222,07508,31,21,19.0,2,3200.0,2205,3200.0,251000,,,1
2022GQ0077474,07510,78,31,24.0,1,30000.0,1240,30230.0,1520XX,,,1
2022GQ0077698,07511,73,69,19.0,1,60000.0,1108,60000.0,151299,,,1
2022GQ0078007,07513,63,25,21.0,2,5500.0,3050,5500.0,291051,,,1
2022GQ0078082,07514,60,73,15.0,1,0.0,,8900.0,,,,1
2022GQ0078750,07510,69,24,16.0,1,28800.0,4020,28800.0,352010,,,1
2022GQ0078819,07514,40,24,21.0,2,1700.0,3050,1700.0,291051,,,1
2022GQ0079481,07510,50,55,12.0,1,0.0,,0.0,,,,1
2022GQ0079558,07511,87,94,21.0,2,0.0,,0.0,,,,1
2022GQ0080008,07514,67,77,19.0,1,0.0,,10800.0,,,,1
2022GQ0080706,07511,69,66,19.0,2,0.0,,12000.0,,,,1
2022GQ0081078,07510,46,31,24.0,2,51000.0,1610,51000.0,191020,,,1
2022GQ0081262,07512,30,18,18.0,2,0.0,4720,0.0,412010,,,1
2022GQ0081391,07509,81,75,16.0,1,0.0,,13000.0,,,,1
2022GQ0082248,07509,50,31,16.0,1,0.0,4540,0.0,397010,,,1
2022GQ0082289,07510,49,66,13.0,1,0.0,,0.0,,,,1
2022GQ0082422,07512,63,30,24.0,1,55000.0,1760,55000.0,192099,,,1
2022GQ0083197,07508,11,21,19.0,1,0.0,,0.0,,,,1
2022GQ0083571,07509,4,65,15.0,2,0.0,,0.0,,,,1
2022GQ0083770,07512,73,35,16.0,1,21200.0,4020,21200.0,352010,,,1
2022GQ0083774,07513,8,54,21.0,2,49000.0,3255,49000.0,291141,,,1
2022GQ0083856,07507,48,41,21.0,1,600.0,2025,8000.0,21109X,,,1
2022GQ0084049,07512,24,18,18.0,2,0.0,4720,0.0,412010,,,1
2022GQ0084086,07509,17,21,19.0,1,0.0,,0.0,,,,1
2022GQ0084095,07509,62,19,16.0,1,6100.0,2722,6100.0,272022,,,1
2022GQ0084586,07514,7,69,19.0,1,60000.0,1108,60000.0,151299,,,1
2022GQ0084806,07511,12,28,21.0,2,38000.0,2012,38000.0,211022,,,1
2022GQ0084853,07514,93,64,18.0,2,0.0,,0.0,,,,1
2022GQ0086018,07511,23,32,16.0,1,15000.0,2006,15000.0,211019,,,1
2022GQ0086284,07514,40,94,21.0,2,0.0,,25800.0,,,,1
2022GQ0086685,07510,28,56,16.0,1,0.0,,0.0,,,,1
2022GQ0086760,07510,55,21,20.0,2,6000.0,0440,6000.0,1191XX,,,1
2022GQ0087390,07512,26,31,24.0,2,51000.0,1610,51000.0,191020,,,1
2022GQ0087977,07511,79,69,15.0,2,0.0,,1400.0,,,,1
2022GQ0088305,07512,29,90,8.0,1,0.0,,13000.0,,,,1
2022GQ0088395,07510,9,65,1.0,1,0.0,7140,28400.0,493011,,,1
2022GQ0089276,07512,78,36,23.0,1,92000.0,3090,92360.0,291210,,,1
2022GQ0089585,07510,90,48,18.0,2,73000.0,5730,73000.0,436013,,,1
2022GQ0090316,07507,8,30,19.0,2,0.0,8300,0.0,516011,,,1
2022GQ0090891,07510,16,38,24.0,1,94000.0,1760,94000.0,192099,,,1
2022GQ0091224,07510,41,34,16.0,1,0.0,1022,1200.0,151253,,,1
2022GQ0092693,07510,6,67,23.0,2,0.0,,9400.0,,,,1
2022GQ0092824,07509,53,30,21.0,2,110000.0,3255,110300.0,291141,,,1
2022GQ0092869,07509,63,23,21.0,2,2000.0,3050,2000.0,291051,,,1
2022GQ0093150,07511,13,28,15.0,2,0.0,4621,0.0,399031,,,1
2022GQ0093152,07509,51,21,16.0,1,300.0,2350,300.0,253041,,,1
2022GQ0093168,07507,12,68,21.0,2,57000.0,5400,57000.0,434171,,,1
2022GQ0093372,07512,39,23,16.0,1,0.0,,0.0,,,,1
2022GQ0093838,07509,127,56,16.0,1,0.0,,0.0,,,,1
2022GQ0094179,07507,19,76,24.0,1,0.0,7340,0.0,499071,,,1
2022GQ0094316,07509,28,33,24.0,1,60000.0,1760,60000.0,192099,,,1
2022GQ0094454,07510,103,88,22.0,2,0.0,,4000.0,,,,1
2022GQ0095353,07513,12,38,21.0,1,85000.0,0440,85000.0,1191XX,,,1
2022GQ0095697,07511,29,53,21.0,1,6600.0,9620,6860.0,537062,,,1
2022GQ0096040,07510,23,58,15.0,1,0.0,,6190.0,,,,1
2022GQ0096182,07510,112,55,1.0,1,0.0,,12000.0,,,,1
2022GQ0096473,07512,25,18,16.0,2,0.0,,0.0,,,,1
2022GQ0096707,07512,22,65,17.0,2,0.0,,12000.0,,,,1
2022GQ0097428,07508,51,18,16.0,2,4700.0,4230,4700.0,372012,,,1
2022GQ0097742,07512,30,23,16.0,1,0.0,,0.0,,,,1
2022GQ0097812,07509,114,65,15.0,2,0.0,,0.0,,,,1
2022GQ0098283,07510,84,76,24.0,1,0.0,7340,0.0,499071,,,1
2022GQ0098467,07511,90,57,12.0,1,0.0,,0.0,,,,1
2022GQ0099476,07511,18,30,20.0,1,140000.0,0420,140000.0,119151,,,1
2022GQ0099736,07514,31,36,17.0,2,0.0,,12500.0,,,,1
2022GQ0100685,07513,44,35,24.0,1,61000.0,1650,61000.0,1910XX,,,1
2022GQ0100972,07509,105,64,15.0,1,0.0,,4300.0,,,,1
2022GQ0101321,07512,22,77,19.0,1,0.0,,10800.0,,,,1
2022GQ0101399,07510,56,65,15.0,2,0.0,,0.0,,,,1
2022GQ0101726,07510,42,49,21.0,2,0.0,,14000.0,,,,1
2022GQ0102068,07510,49,22,16.0,2,12000.0,4200,12000.0,371011,,,1
2022GQ0102708,07513,35,44,18.0,1,140000.0,2040,140000.0,212011,,,1
2022GQ0103043,07511,57,18,16.0,2,1000.0,4110,1000.0,353031,,,1
2022GQ0103240,07513,57,94,21.0,2,0.0,,0.0,,,,1
2022GQ0103423,07511,41,38,21.0,1,85000.0,0440,85000.0,1191XX,,,1
2022GQ0103466,07512,66,65,20.0,2,9000.0,4110,9000.0,353031,,,1
2022GQ0103511,07510,48,19,16.0,1,6100.0,2722,6100.0,272022,,,1
2022GQ0103829,07510,45,32,24.0,2,50000.0,1650,50000.0,1910XX,,,1
2022GQ0104355,07512,8,23,20.0,2,1300.0,3603,1300.0,311131,,,1
2022GQ0104652,07513,11,44,18.0,1,140000.0,2040,140000.0,212011,,,1
2022GQ0104778,07514,154,48,18.0,2,73000.0,5730,73000.0,436013,,,1
2022GQ0104909,07513,69,19,19.0,2,0.0,4720,0.0,412010,,,1
2022GQ0105357,07509,13,49,8.0,1,12600.0,3930,12600.0,339030,,,1
2022GQ0105527,07512,19,69,21.0,1,0.0,,6100.0,,,,1
2022GQ0105929,07508,55,32,24.0,2,50000.0,1650,50000.0,1910XX,,,1
2022GQ0105985,07507,11,70,18.0,1,0.0,,0.0,,,,1
2022GQ0106283,07509,67,21,19.0,2,8500.0,0725,10500.0,131121,,,1
2022GQ0107098,07514,44,22,19.0,1,2000.0,2545,2000.0,259040,,,1
2022GQ0107631,07508,3,17,13.0,1,0.0,,0.0,,,,1
2022GQ0108803,07509,12,31,16.0,1,0.0,4540,0.0,397010,,,1
2022GQ0108907,07509,92,36,17.0,2,0.0,,12500.0,,,,1
2022GQ0110356,07510,49,36,13.0,1,0.0,,0.0,,,,1
2022GQ0110526,07510,141,66,16.0,1,0.0,,26700.0,,,,1
2022GQ0110991,07510,71,46,19.0,2,0.0,4600,52000.0,399011,,,1
2022GQ0111143,07510,123,59,12.0,2,0.0,,1100.0,,,,1
2022GQ0111233,07509,45,30,21.0,2,110000.0,3255,110300.0,291141,,,1
2022GQ0111447,07512,30,24,21.0,1,0.0,,12100.0,,,,1
2022GQ0111461,07511,75,66,15.0,1,0.0,,1300.0,,,,1
2022GQ0111937,07509,53,19,19.0,1,0.0,4010,0.0,351012,,,1
2022GQ0112091,07507,11,72,15.0,1,0.0,,30000.0,,,,1
2022GQ0112967,07508,77,46,19.0,2,0.0,4600,52000.0,399011,,,1
2022GQ0113413,07514,110,54,19.0,2,0.0,,18200.0,,,,1
2022GQ0113768,07510,164,66,17.0,1,0.0,,0.0,,,,1
2022GQ0114298,07508,49,23,20.0,2,0.0,4760,0.0,412031,,,1
2022GQ0114441,07508,11,21,16.0,1,300.0,2350,300.0,253041,,,1
2022GQ0115446,07513,11,42,16.0,2,155000.0,3255,155000.0,291141,,,1
2022GQ0115601,07512,15,41,19.0,1,8000.0,3603,8000.0,311131,,,1
2022GQ0115650,07510,127,30,16.0,2,0.0,3603,0.0,311131,,,1
2022GQ0115681,07514,47,88,22.0,2,0.0,,4000.0,,,,1
2022GQ0115829,07510,49,35,16.0,1,35000.0,7200,35000.0,493023,,,1
2022GQ0116036,07509,160,34,1.0,2,0.0,,0.0,,,,1
2022GQ0116414,07507,10,35,16.0,2,0.0,,0.0,,,,1
2022GQ0116512,07510,7,64,19.0,1,0.0,,17000.0,,,,1
2022GQ0116734,07513,13,53,21.0,2,48000.0,3255,48000.0,291141,,,1
2022GQ0116843,07508,9,19,20.0,2,0.0,4720,0.0,412010,,,1
2022GQ0117158,07513,13,68,21.0,2,57000.0,5400,57000.0,434171,,,1
2022GQ0117356,07510,8,35,16.0,1,21200.0,4020,21200.0,352010,,,1
2022GQ0117604,07512,10,35,24.0,1,61000.0,1650,61000.0,1910XX,,,1
2022GQ0117898,07511,24,24,16.0,1,28800.0,4020,28800.0,352010,,,1
2022GQ0118147,07513,61,18,16.0,1,0.0,,0.0,,,,1
2022GQ0118754,07509,31,37,14.0,1,0.0,,14400.0,,,,1
2022GQ0118957,07512,20,24,16.0,1,28800.0,4020,28800.0,352010,,,1
2022GQ0119032,07507,7,36,21.0,2,0.0,4010,3500.0,351012,,,1
2022GQ0119597,07509,66,31,24.0,1,30000.0,1240,30230.0,1520XX,,,1
2022GQ0119760,07512,8,24,21.0,2,1700.0,3050,1700.0,291051,,,1
2022GQ0119817,07508,79,18,16.0,2,5000.0,4230,5000.0,372012,,,1
2022GQ0120225,07511,30,58,16.0,1,0.0,4251,2000.0,373011,,,1
2022GQ0120617,07508,11,16,14.0,1,0.0,,0.0,,,,1
2022GQ0120629,07511,20,57,12.0,1,0.0,,0.0,,,,1
2022GQ0120814,07514,38,41,13.0,1,0.0,,12000.0,,,,1
2022GQ0121077,07512,72,82,21.0,1,0.0,,8900.0,,,,1
2022GQ0121525,07509,25,45,20.0,2,0.0,8300,12000.0,516011,,,1
2022GQ0121908,07510,26,52,16.0,2,3100.0,4720,3100.0,412010,,,1
2022GQ0121994,07512,9,23,21.0,2,0.0,3640,1500.0,319091,,,1
2022GQ0122010,07512,45,33,23.0,2,80000.0,3090,80000.0,291210,,,1
2022GQ0122166,07514,66,64,19.0,1,0.0,,17000.0,,,,1
2022GQ0122282,07507,34,59,17.0,2,1200.0,3602,7200.0,311122,,,1
2022GQ0122933,07509,121,56,16.0,1,0.0,,0.0,,,,1
2022GQ0123112,07508,37,24,21.0,1,0.0,,12100.0,,,,1
2022GQ0123586,07509,57,21,19.0,1,0.0,,0.0,,,,1
2022GQ0123655,07507,8,23,19.0,2,35200.0,1970,35200.0,1940YY,,,1
2022GQ0123973,07510,104,34,1.0,2,0.0,,0.0,,,,1
2022GQ0124082,07510,85,60,17.0,1,0.0,,16800.0,,,,1
2022GQ0124562,07514,13,43,17.0,1,0.0,,8100.0,,,,1
2022GQ0124681,07512,24,73,20.0,2,0.0,,2400.0,,,,1
2022GQ0124956,07508,51,32,24.0,2,50000.0,1650,50000.0,1910XX,,,1
2022GQ0125358,07507,8,78,16.0,1,0.0,,27800.0,,,,1
2022GQ0126280,07507,22,37,1.0,1,0.0,,14400.0,,,,1
2022GQ0126646,07510,75,27,21.0,1,0.0,3620,0.0,312020,,,1
2022GQ0126795,07513,69,18,16.0,2,5000.0,4720,5000.0,412010,,,1
2022GQ0127149,07510,72,66,17.0,1,0.0,,0.0,,,,1
2022GQ0127357,07508,38,22,19.0,1,2000.0,2545,2000.0,259040,,,1
2022GQ0127596,07510,7,48,18.0,1,21200.0,4020,21200.0,352010,,,1
2022GQ0127702,07510,22,59,17.0,2,1200.0,3602,7200.0,311122,,,1
2022GQ0128029,07510,85,48,18.0,2,73000.0,5730,73000.0,436013,,,1
2022GQ0128111,07510,52,31,21.0,1,42900.0,3255,42900.0,291141,,,1
2022GQ0128228,07507,39,41,19.0,1,0.0,9920,0.0,999920,,,1
2022GQ0128580,07513,52,27,21.0,1,0.0,3620,0.0,312020,,,1
2022GQ0128980,07512,31,87,16.0,2,0.0,,22800.0,,,,1
2022GQ0129634,07512,23,74,19.0,2,0.0,,4000.0,,,,1
2022GQ0129644,07508,211,43,17.0,1,0.0,,8100.0,,,,1
2022GQ0130329,07510,22,66,16.0,1,0.0,,26700.0,,,,1
2022GQ0130629,07511,162,32,20.0,2,0.0,8300,600.0,516011,,,1
2022GQ0130721,07512,26,66,17.0,1,0.0,,0.0,,,,1
2022GQ0131075,07511,2,59,23.0,1,40000.0,2040,40000.0,212011,,,1
2022GQ0131566,07514,91,34,1.0,2,0.0,,0.0,,,,1
2022GQ0131988,07512,22,24,21.0,2,1700.0,3050,1700.0,291051,,,1
2022GQ0132620,07510,60,23,16.0,1,0.0,7750,0.0,5120XX,,,1
2022GQ0132739,07508,50,18,16.0,2,0.0,,0.0,,,,1
2022GQ0132973,07509,12,41,1.0,1,0.0,9620,7100.0,537062,,,1
2022GQ0133475,07512,36,94,21.0,2,0.0,,0.0,,,,1
2022GQ0133632,07513,54,23,21.0,2,0.0,3640,1500.0,319091,,,1
2022GQ0133734,07509,138,94,21.0,1,0.0,,78000.0,,,,1
2022GQ0133959,07509,58,36,17.0,2,0.0,,12500.0,,,,1
2022GQ0134243,07512,9,43,18.0,1,2000.0,1305,2170.0,171011,,,1
2022GQ0134619,07507,11,68,21.0,2,57000.0,5400,57000.0,434171,,,1
2022GQ0134727,07511,87,59,18.0,2,0.0,,13200.0,,,,1
2022GQ0134880,07514,53,30,21.0,2,110000.0,3255,110300.0,291141,,,1
2022GQ0135307,07514,6,22,19.0,2,0.0,4110,0.0,353031,,,1
2022GQ0135675,07508,9,35,16.0,1,21200.0,4020,21200.0,352010,,,1
2022GQ0137026,07512,45,18,16.0,2,880.0,2350,880.0,253041,,,1
2022GQ0137365,07510,62,36,23.0,1,92000.0,3090,92360.0,291210,,,1
2022GQ0137852,07513,22,28,21.0,2,38000.0,2012,38000.0,211022,,,1
2022GQ0139738,07508,54,18,19.0,1,3800.0,4130,3800.0,359011,,,1
2022GQ0139940,07509,43,37,1.0,1,0.0,,14400.0,,,,1
2022GQ0140042,07510,62,65,20.0,2,9000.0,4110,9000.0,353031,,,1
2022GQ0140186,07509,60,31,21.0,1,42900.0,3255,42900.0,291141,,,1
2022GQ0140260,07512,30,89,8.0,2,0.0,,0.0,,,,1
2022GQ0140571,07514,62,27,21.0,1,0.0,3620,0.0,312020,,,1
2022GQ0140620,07512,81,54,16.0,2,0.0,4600,0.0,399011,,,1
2022GQ0140849,07509,71,20,19.0,2,0.0,4055,0.0,353023,,,1
2022GQ0141128,07512,36,21,16.0,1,300.0,2350,300.0,253041,,,1
2022GQ0141550,07510,40,41,19.0,1,0.0,9920,0.0,999920,,,1
2022GQ0141742,07508,57,19,19.0,1,0.0,4010,0.0,351012,,,1
2022GQ0141788,07508,49,18,16.0,1,300.0,2545,300.0,259040,,,1
2022GQ0142684,07510,20,30,23.0,2,60000.0,3010,60000.0,291020,,,1
2022GQ0143292,07509,62,20,20.0,2,540.0,2350,540.0,253041,,,1
2022GQ0143429,07508,79,18,16.0,2,0.0,,0.0,,,,1
2022GQ0145079,07510,171,51,19.0,1,0.0,,6890.0,,,,1
2022GQ0145910,07512,47,18,16.0,1,0.0,,0.0,,,,1
2022GQ0146088,07510,67,70,22.0,1,0.0,,14000.0,,,,1
2022GQ0147848,07509,72,36,17.0,2,0.0,,12500.0,,,,1
2022GQ0148137,07507,7,35,16.0,2,0.0,,0.0,,,,1
2022GQ0148293,07510,51,33,24.0,1,60000.0,1760,60000.0,192099,,,1
2022GQ0148340,07509,50,25,21.0,2,24000.0,0350,24000.0,119111,,,1
2022GQ0148581,07510,7,54,16.0,2,0.0,4600,0.0,399011,,,1
2022GQ0149435,07509,24,72,14.0,1,0.0,,0.0,,,,1
2022GQ0149705,07514,40,47,15.0,1,0.0,,11900.0,,,,1
2022GQ0149831,07508,59,36,22.0,2,65000.0,1650,65000.0,1910XX,,,1
2022GQ0149864,07512,6,25,21.0,2,5500.0,3050,5500.0,291051,,,1
2022GQ0150153,07510,7,65,20.0,2,9000.0,4110,9000.0,353031,,,1
2022GQ0150236,07513,49,58,1.0,1,0.0,,16600.0,,,,1
2022GQ0150337,07507,9,73,15.0,1,0.0,,8900.0,,,,1
2022GQ0150571,07511,15,30,16.0,1,1200.0,6260,6800.0,472061,,,1
2022GQ0150613,07508,41,30,23.0,2,60000.0,3010,60000.0,291020,,,1
2022GQ0151415,07514,14,51,12.0,1,0.0,,11900.0,,,,1
2022GQ0151792,07512,60,73,15.0,1,0.0,,8900.0,,,,1
2022GQ0152525,07512,8,30,23.0,1,80000.0,3090,87000.0,291210,,,1
2022GQ0153021,07511,28,30,16.0,1,1200.0,6260,6800.0,472061,,,1
2022GQ0153103,07508,68,23,16.0,1,0.0,,0.0,,,,1
2022GQ0153209,07508,116,72,15.0,1,0.0,,30000.0,,,,1
2022GQ0153962,07510,59,21,19.0,2,8500.0,0725,10500.0,131121,,,1
2022GQ0153979,07507,8,28,15.0,2,0.0,4621,0.0,399031,,,1
2022GQ0154094,07513,29,76,24.0,1,0.0,7340,0.0,499071,,,1
2022GQ0154132,07512,8,25,21.0,2,24000.0,0350,24000.0,119111,,,1
2022GQ0154260,07513,82,18,16.0,2,5000.0,4720,5000.0,412010,,,1
2022GQ0154611,07512,84,78,16.0,1,0.0,,27800.0,,,,1
2022GQ0154756,07509,91,72,16.0,1,0.0,,0.0,,,,1
2022GQ0155619,07510,5,37,16.0,1,0.0,,0.0,,,,1
2022GQ0156168,07508,47,18,16.0,1,0.0,,0.0,,,,1
2022GQ0156835,07509,43,23,20.0,2,24000.0,7340,24000.0,499071,,,1
2022GQ0157144,07509,73,78,16.0,1,0.0,,27800.0,,,,1
2022GQ0157295,07509,29,43,17.0,1,0.0,,8100.0,,,,1
2022GQ0157526,07509,33,52,20.0,2,0.0,,18200.0,,,,1
2022GQ0157660,07507,55,35,15.0,1,0.0,0440,0.0,1191XX,,,1
2022GQ0157953,07511,84,60,18.0,1,0.0,6305,1000.0,472070,,,1
2022GQ0158550,07513,53,23,20.0,2,1300.0,3603,1300.0,311131,,,1
2022GQ0158554,07507,66,37,16.0,1,0.0,,0.0,,,,1
2022GQ0158684,07507,8,82,21.0,1,0.0,,8900.0,,,,1
2022GQ0159025,07509,101,30,16.0,2,0.0,3603,0.0,311131,,,1
2022GQ0159097,07509,52,64,1.0,1,0.0,,2700.0,,,,1
2022GQ0159485,07509,123,66,17.0,1,0.0,,0.0,,,,1
2022GQ0160028,07509,11,34,16.0,1,0.0,5240,1270.0,434051,,,1
2022GQ0160091,07510,80,31,23.0,2,120000.0,3090,120000.0,291210,,,1
2022GQ0160966,07513,22,32,20.0,2,0.0,8300,600.0,516011,,,1
2022GQ0161228,07514,11,57,12.0,1,0.0,,0.0,,,,1
2022GQ0161249,07508,57,18,18.0,1,130.0,4760,130.0,412031,,,1
2022GQ0161332,07510,59,42,13.0,1,0.0,,0.0,,,,1
2022GQ0161450,07512,90,64,20.0,1,0.0,9130,65000.0,533030,,,1
2022GQ0161516,07511,100,52,20.0,2,0.0,,18200.0,,,,1
2022GQ0161520,07509,146,30,19.0,2,0.0,8300,0.0,516011,,,1
2022GQ0162500,07514,13,56,16.0,1,0.0,,0.0,,,,1
2022GQ0162514,07513,11,64,1.0,1,0.0,,2700.0,,,,1
2022GQ0163513,07512,22,18,16.0,2,0.0,,0.0,,,,1
2022GQ0163953,07512,2,41,19.0,1,8000.0,3603,8000.0,311131,,,1
2022GQ0164156,07508,18,55,14.0,2,0.0,,0.0,,,,1
2022GQ0165808,07514,41,88,21.0,2,0.0,,89500.0,,,,1
2022GQ0166086,07509,27,58,1.0,1,0.0,,16600.0,,,,1
2022GQ0166502,07509,90,94,16.0,2,0.0,,22800.0,,,,1
2022GQ0166579,07509,12,53,13.0,1,24000.0,9150,24000.0,533099,,,1
2022GQ0166702,07509,30,54,19.0,2,0.0,,18200.0,,,,1
2022GQ0166991,07510,51,59,21.0,1,0.0,5940,0.0,439XXX,,,1
2022GQ0167489,07508,60,32,24.0,2,50000.0,1650,50000.0,1910XX,,,1
2022GQ0167590,07514,128,66,16.0,1,0.0,,26700.0,,,,1
2022GQ0167720,07508,15,69,19.0,1,60000.0,1108,60000.0,151299,,,1
2022GQ0168530,07510,63,18,16.0,2,5000.0,4720,5000.0,412010,,,1
2022GQ0168567,07508,78,18,19.0,1,3800.0,4130,3800.0,359011,,,1
2022GQ0168596,07511,19,14,10.0,1,,,,,,,1
2022GQ0168772,07513,1,48,18.0,1,21200.0,4020,21200.0,352010,,,1
2022GQ0169633,07510,77,35,24.0,1,70000.0,0350,70000.0,119111,,,1
2022GQ0169748,07508,9,22,19.0,2,0.0,,0.0,,,,1
2022GQ0169936,07510,16,33,23.0,2,80000.0,3090,80000.0,291210,,,1
2022GQ0169983,07509,155,51,12.0,1,0.0,,11900.0,,,,1
2022GQ0170197,07512,21,18,16.0,1,300.0,2545,300.0,259040,,,1
2022GQ0170493,07512,9,30,21.0,2,110000.0,3255,110300.0,291141,,,1
2022GQ0170696,07508,26,53,21.0,1,6600.0,9620,6860.0,537062,,,1
2022GQ0170847,07510,94,31,22.0,1,148000.0,1430,148000.0,172110,,,1
2022GQ0171527,07508,7,68,21.0,2,57000.0,5400,57000.0,434171,,,1
2022GQ0171587,07510,61,18,16.0,2,880.0,2350,880.0,253041,,,1
2022GQ0171745,07514,34,72,15.0,1,0.0,,30000.0,,,,1
2022GQ0171948,07509,2,80,19.0,2,0.0,,22800.0,,,,1
2022GQ0172432,07512,21,70,22.0,1,0.0,,14000.0,,,,1
2022GQ0172620,07514,62,78,16.0,1,0.0,,27800.0,,,,1
2022GQ0173327,07514,16,66,15.0,1,0.0,,1300.0,,,,1
2022GQ0174281,07513,55,23,20.0,2,0.0,4760,0.0,412031,,,1
2022GQ0174612,07509,70,22,19.0,2,0.0,4110,0.0,353031,,,1
2022GQ0174903,07509,32,55,1.0,1,0.0,,12000.0,,,,1
2022GQ0175063,07513,51,35,24.0,1,65000.0,0350,65000.0,119111,,,1
2022GQ0175209,07514,37,34,14.0,2,0.0,,13200.0,,,,1
2022GQ0175455,07508,58,18,16.0,2,880.0,2350,880.0,253041,,,1
2022GQ0175494,07509,7,60,18.0,1,0.0,6305,1000.0,472070,,,1
2022GQ0175915,07509,68,20,20.0,1,26400.0,4020,26400.0,352010,,,1
2022GQ0176626,07512,73,48,18.0,1,21200.0,4020,21200.0,352010,,,1
2022GQ0176757,07513,69,18,16.0,1,0.0,,0.0,,,,1
2022GQ0177518,07508,132,76,17.0,1,0.0,,100000.0,,,,1
2022GQ0178000,07512,89,72,22.0,2,0.0,,7100.0,,,,1
2022GQ0178107,07509,131,41,13.0,1,0.0,,12000.0,,,,1
2022GQ0178475,07508,12,19,19.0,1,0.0,4010,0.0,351012,,,1
2022GQ0178875,07513,50,18,16.0,2,5000.0,4720,5000.0,412010,,,1
2022GQ0179226,07512,30,18,16.0,2,0.0,2016,0.0,211093,,,1
2022GQ0179655,07512,56,25,21.0,2,24000.0,0350,24000.0,119111,,,1
2022GQ0179769,07512,26,21,19.0,1,0.0,6260,0.0,472061,,,1
2022GQ0180152,07510,41,21,19.0,1,0.0,,0.0,,,,1
2022GQ0180925,07512,69,69,21.0,1,0.0,,6100.0,,,,1
2022GQ0181011,07514,158,60,17.0,1,0.0,,16800.0,,,,1
2022GQ0181661,07509,105,52,20.0,2,0.0,,18200.0,,,,1
2022GQ0182283,07508,13,42,16.0,2,155000.0,3255,155000.0,291141,,,1
2022HU0000081,07508,67,42,21.0,2,0.0,4340,17000.0,392011,107000.0,3.0,2
2022HU0000081,07508,90,51,20.0,1,90000.0,0440,90000.0,1191XX,107000.0,3.0,2
2022HU0000536,07511,76,70,22.0,2,70000.0,1240,84220.0,1520XX,84220.0,3.0,1
2022HU0001191,07511,338,63,21.0,1,0.0,1021,12000.0,151252,52000.0,1.0,2
2022HU0001191,07511,239,21,17.0,1,40000.0,9142,40000.0,533054,52000.0,1.0,2
2022HU0001824,07512,76,32,22.0,2,175000.0,0300,175500.0,119041,356000.0,1.0,4
2022HU0001824,07512,58,34,19.0,1,100000.0,2710,180500.0,272012,356000.0,1.0,4
2022HU0001824,07512,72,0,,1,,,,,356000.0,1.0,4
2022HU0001824,07512,72,61,22.0,2,0.0,,0.0,,356000.0,1.0,4
2022HU0001905,07513,28,34,21.0,1,300000.0,0440,305000.0,1191XX,505000.0,1.0,2
2022HU0001905,07513,28,31,21.0,2,200000.0,0120,200000.0,113031,505000.0,1.0,2
2022HU0002333,07510,55,35,18.0,1,65000.0,4010,65000.0,351012,85000.0,3.0,2
2022HU0002333,07510,65,34,20.0,2,0.0,2635,20000.0,271025,85000.0,3.0,2
2022HU0002351,07513,160,51,22.0,1,230000.0,2205,230000.0,251000,388000.0,1.0,3
2022HU0002351,07513,139,49,22.0,2,58000.0,2310,158000.0,252020,388000.0,1.0,3
2022HU0002351,07513,164,17,14.0,1,0.0,,0.0,,388000.0,1.0,3
2022HU0002526,07513,72,36,24.0,1,200000.0,1021,200000.0,151252,380000.0,1.0,5
2022HU0002526,07513,80,35,22.0,2,180000.0,0705,180000.0,131082,380000.0,1.0,5
2022HU0002526,07513,72,2,,1,,,,,380000.0,1.0,5
2022HU0002526,07513,139,0,,2,,,,,380000.0,1.0,5
2022HU0002526,07513,68,62,1.0,2,0.0,,0.0,,380000.0,1.0,5
2022HU0002676,07513,60,28,21.0,1,96000.0,1430,93300.0,172110,165000.0,2.0,3
2022HU0002676,07513,63,63,16.0,1,0.0,4140,16100.0,359021,165000.0,2.0,3
2022HU0002676,07513,61,52,16.0,2,54000.0,4230,55600.0,372012,165000.0,2.0,3
2022HU0002840,07512,63,53,21.0,2,125000.0,0360,145000.0,119121,145000.0,1.0,1
2022HU0002958,07514,69,30,21.0,1,185000.0,1021,185000.0,151252,185000.0,3.0,1
2022HU0003018,07507,90,55,20.0,1,37400.0,7750,37400.0,5120XX,49400.0,3.0,4
2022HU0003018,07507,112,51,19.0,2,12000.0,3945,12000.0,339093,49400.0,3.0,4
2022HU0003018,07507,64,14,11.0,1,,,,,49400.0,3.0,4
2022HU0003018,07507,62,11,7.0,1,,,,,49400.0,3.0,4
2022HU0003332,07508,83,43,21.0,2,150000.0,3150,150000.0,291122,174000.0,1.0,4
2022HU0003332,07508,66,10,7.0,2,,,,,174000.0,1.0,4
2022HU0003332,07508,62,7,4.0,1,,,,,174000.0,1.0,4
2022HU0003332,07508,65,74,21.0,2,0.0,,24000.0,,174000.0,1.0,4
2022HU0003558,07509,39,64,17.0,1,54000.0,7220,54000.0,493040,125000.0,3.0,3
2022HU0003558,07509,41,61,17.0,2,50000.0,4230,50000.0,372012,125000.0,3.0,3
2022HU0003558,07509,35,27,21.0,2,21000.0,4800,21000.0,413011,125000.0,3.0,3
2022HU0003599,07512,82,57,21.0,2,150000.0,5740,162000.0,436014,274000.0,1.0,4
2022HU0003599,07512,88,58,19.0,1,70000.0,5240,70000.0,434051,274000.0,1.0,4
2022HU0003599,07512,58,23,21.0,1,40000.0,5600,40000.0,435061,274000.0,1.0,4
2022HU0003599,07512,47,16,13.0,1,2000.0,2016,2000.0,211093,274000.0,1.0,4
2022HU0003728,07511,73,33,22.0,2,21400.0,2360,21400.0,2530XX,426400.0,1.0,2
2022HU0003728,07511,77,33,22.0,1,400000.0,1240,405000.0,1520XX,426400.0,1.0,2
2022HU0003857,07514,181,32,21.0,2,176000.0,3255,176000.0,291141,176000.0,3.0,1
2022HU0003970,07507,54,43,1.0,1,8000.0,4010,8000.0,351012,188000.0,1.0,2
2022HU0003970,07507,55,41,21.0,2,180000.0,0410,180000.0,119141,188000.0,1.0,2
2022HU0004294,07509,244,32,22.0,1,125000.0,1450,125000.0,172131,125000.0,3.0,1
2022HU0004965,07512,125,35,21.0,2,120000.0,3255,120000.0,291141,180000.0,2.0,2
2022HU0004965,07512,108,35,21.0,1,60000.0,5400,60000.0,434171,180000.0,2.0,2
2022HU0005170,07514,143,70,15.0,1,0.0,,12300.0,,12300.0,3.0,1
2022HU0006531,07510,50,74,22.0,1,0.0,2850,106000.0,273043,506300.0,3.0,2
2022HU0006531,07510,60,70,22.0,2,216000.0,0750,400300.0,131199,506300.0,3.0,2
2022HU0008064,07511,51,51,17.0,2,21100.0,4010,27100.0,351012,34100.0,1.0,5
2022HU0008064,07511,51,52,6.0,1,0.0,7840,7000.0,513092,34100.0,1.0,5
2022HU0008064,07511,54,25,21.0,2,0.0,,0.0,,34100.0,1.0,5
2022HU0008064,07511,94,13,10.0,1,,,,,34100.0,1.0,5
2022HU0008064,07511,86,72,1.0,2,0.0,,0.0,,34100.0,1.0,5
2022HU0008246,07514,176,31,21.0,1,78000.0,0420,78000.0,119151,78000.0,3.0,1
2022HU0008721,07508,66,40,22.0,1,220000.0,1021,222000.0,151252,222000.0,3.0,1
2022HU0009542,07509,45,66,21.0,2,0.0,,31600.0,,31600.0,3.0,1
2022HU0009690,07514,220,32,21.0,1,687000.0,4850,747000.0,414010,847000.0,3.0,2
2022HU0009690,07514,243,30,21.0,2,100000.0,0735,100000.0,131161,847000.0,3.0,2
2022HU0010423,07514,79,30,22.0,1,30000.0,4840,35400.0,413091,135400.0,3.0,2
2022HU0010423,07514,88,31,21.0,2,100000.0,0020,100000.0,111021,135400.0,3.0,2
2022HU0011190,07510,141,39,21.0,1,19000.0,0710,19000.0,131111,19000.0,3.0,1
2022HU0011228,07511,70,48,22.0,1,687000.0,0010,874000.0,1110XX,1024000.0,1.0,4
2022HU0011228,07511,76,42,22.0,2,150000.0,0051,150000.0,112021,1024000.0,1.0,4
2022HU0011228,07511,71,9,5.0,2,,,,,1024000.0,1.0,4
2022HU0011228,07511,59,7,3.0,1,,,,,1024000.0,1.0,4
2022HU0011904,07508,78,74,19.0,1,0.0,,140000.0,,147000.0,2.0,2
2022HU0011904,07508,66,72,19.0,2,0.0,,7000.0,,147000.0,2.0,2
2022HU0012017,07512,175,37,21.0,2,212000.0,0800,212000.0,132011,512000.0,1.0,2
2022HU0012017,07512,167,39,21.0,1,300000.0,0735,300000.0,131161,512000.0,1.0,2
2022HU0012581,07512,111,52,21.0,1,0.0,,4000.0,,4000.0,3.0,1
2022HU0013217,07514,71,30,22.0,2,110000.0,0800,110000.0,132011,295000.0,3.0,3
2022HU0013217,07514,61,31,21.0,1,110000.0,0220,110000.0,119021,295000.0,3.0,3
2022HU0013217,07514,66,30,21.0,2,75000.0,1305,75000.0,171011,295000.0,3.0,3
2022HU0014020,07510,87,45,1.0,2,0.0,6240,21000.0,472040,131200.0,3.0,6
2022HU0014020,07510,176,39,1.0,1,0.0,6240,39500.0,472040,131200.0,3.0,6
2022HU0014020,07510,52,24,16.0,1,10700.0,3930,10700.0,339030,131200.0,3.0,6
2022HU0014020,07510,186,14,11.0,1,,,,,131200.0,3.0,6
2022HU0014020,07510,116,3,1.0,1,,,,,131200.0,3.0,6
2022HU0014020,07510,97,25,21.0,2,60000.0,4850,60000.0,414010,131200.0,3.0,6
2022HU0014193,07513,89,34,22.0,1,100000.0,1530,100000.0,1721YY,100000.0,3.0,3
2022HU0014193,07513,91,30,22.0,2,0.0,,0.0,,100000.0,3.0,3
2022HU0014193,07513,109,1,,2,,,,,100000.0,3.0,3
2022HU0014413,07508,176,45,22.0,2,80000.0,3230,80000.0,291127,361000.0,1.0,4
2022HU0014413,07508,155,44,21.0,1,220000.0,0710,220000.0,131111,361000.0,1.0,4
2022HU0014413,07508,163,11,7.0,2,,,,,361000.0,1.0,4
2022HU0014413,07508,136,78,19.0,2,0.0,4760,61000.0,412031,361000.0,1.0,4
2022HU0014560,07508,77,69,24.0,2,0.0,1821,950.0,193033,3150.0,2.0,2
2022HU0014560,07508,100,71,23.0,1,0.0,,2200.0,,3150.0,2.0,2
2022HU0016644,07512,232,33,21.0,1,145000.0,1021,145000.0,151252,145000.0,3.0,1
2022HU0016970,07510,99,46,22.0,1,250000.0,1240,250000.0,1520XX,330000.0,1.0,3
2022HU0016970,07510,89,40,21.0,2,80000.0,2300,80000.0,252010,330000.0,1.0,3
2022HU0016970,07510,101,2,,1,,,,,330000.0,1.0,3
2022HU0017132,07513,114,70,18.0,2,0.0,5400,3010.0,434171,3010.0,1.0,1
2022HU0017267,07512,117,81,15.0,1,0.0,,90000.0,,293400.0,2.0,4
2022HU0017267,07512,98,75,6.0,2,0.0,,33400.0,,293400.0,2.0,4
2022HU0017267,07512,95,42,21.0,2,70000.0,4720,70000.0,412010,293400.0,2.0,4
2022HU0017267,07512,83,40,20.0,1,100000.0,1050,100000.0,151230,293400.0,2.0,4
2022HU0017626,07509,84,65,18.0,1,0.0,,38300.0,,38300.0,3.0,1
2022HU0017782,07509,201,63,6.0,2,10000.0,3603,10000.0,311131,10000.0,3.0,1
2022HU0017982,07510,134,80,1.0,2,0.0,,7250.0,,7250.0,3.0,1
2022HU0018145,07511,63,58,19.0,1,0.0,1021,0.0,151252,0.0,3.0,1
2022HU0019347,07511,96,19,18.0,1,3400.0,9620,3400.0,537062,3400.0,3.0,1
2022HU0019920,07512,53,53,23.0,1,340000.0,3090,340000.0,291210,370000.0,1.0,3
2022HU0019920,07512,52,53,23.0,2,30000.0,3090,30000.0,291210,370000.0,1.0,3
2022HU0019920,07512,37,16,12.0,1,0.0,,0.0,,370000.0,1.0,3
2022HU0021241,07508,168,52,22.0,1,0.0,9142,14800.0,533054,26800.0,3.0,2
2022HU0021241,07508,179,66,21.0,1,0.0,,12000.0,,26800.0,3.0,2
2022HU0021712,07510,33,39,24.0,1,687000.0,1021,710500.0,151252,825500.0,1.0,2
2022HU0021712,07510,34,37,21.0,1,115000.0,0440,115000.0,1191XX,825500.0,1.0,2
2022HU0021917,07511,69,56,19.0,1,90000.0,8740,90000.0,519061,90000.0,3.0,1
2022HU0022881,07510,89,25,21.0,2,24600.0,1050,24600.0,151230,24600.0,3.0,2
2022HU0022881,07510,80,25,21.0,2,0.0,4820,0.0,413031,24600.0,3.0,2
2022HU0022884,07512,68,32,22.0,1,2500.0,3602,2500.0,311122,2500.0,4.0,1
2022HU0022893,07510,123,27,24.0,1,19000.0,1650,22500.0,1910XX,22500.0,3.0,1
2022HU0023397,07510,304,44,21.0,2,135000.0,0120,135000.0,113031,313000.0,1.0,4
2022HU0023397,07510,275,44,21.0,1,178000.0,0530,178000.0,131023,313000.0,1.0,4
2022HU0023397,07510,209,16,13.0,1,0.0,,0.0,,313000.0,1.0,4
2022HU0023397,07510,254,13,10.0,1,,,,,313000.0,1.0,4
2022HU0023401,07507,61,67,18.0,2,0.0,1305,25000.0,171011,290000.0,1.0,5
2022HU0023401,07507,66,32,19.0,2,25000.0,4760,25000.0,412031,290000.0,1.0,5
2022HU0023401,07507,52,39,21.0,2,190000.0,3310,190000.0,291292,290000.0,1.0,5
2022HU0023401,07507,61,38,19.0,1,50000.0,5510,50000.0,435021,290000.0,1.0,5
2022HU0023401,07507,58,3,1.0,2,,,,,290000.0,1.0,5
2022HU0023512,07512,62,80,20.0,2,0.0,,24800.0,,24800.0,2.0,1
2022HU0023857,07508,171,63,21.0,2,54000.0,9645,54000.0,537065,103680.0,3.0,3
2022HU0023857,07508,167,67,13.0,1,11000.0,2440,11000.0,254031,103680.0,3.0,3
2022HU0023857,07508,142,36,20.0,1,38000.0,0410,38680.0,119141,103680.0,3.0,3
2022HU0024234,07509,100,31,21.0,2,400000.0,5165,410000.0,4330XX,1097500.0,3.0,2
2022HU0024234,07509,118,39,23.0,1,687000.0,1360,687500.0,172051,1097500.0,3.0,2
2022HU0024250,07510,229,23,19.0,2,0.0,4055,0.0,353023,0.0,3.0,1
2022HU0025351,07507,147,40,21.0,1,570.0,9620,14570.0,537062,175570.0,1.0,4
2022HU0025351,07507,130,40,18.0,2,50000.0,0630,50000.0,131070,175570.0,1.0,4
2022HU0025351,07507,230,2,,2,,,,,175570.0,1.0,4
2022HU0025351,07507,109,46,16.0,1,111000.0,3603,111000.0,311131,175570.0,1.0,4
2022HU0025979,07511,65,56,21.0,2,0.0,2850,140000.0,273043,395000.0,1.0,4
2022HU0025979,07511,59,59,21.0,1,200000.0,0110,250000.0,113021,395000.0,1.0,4
2022HU0025979,07511,32,21,19.0,2,5000.0,5940,5000.0,439XXX,395000.0,1.0,4
2022HU0025979,07511,56,18,16.0,1,0.0,,0.0,,395000.0,1.0,4
2022HU0027207,07509,67,27,21.0,2,175000.0,1021,175000.0,151252,475000.0,3.0,2
2022HU0027207,07509,63,26,21.0,1,300000.0,1021,300000.0,151252,475000.0,3.0,2
2022HU0027240,07510,139,68,22.0,1,0.0,0410,4500.0,119141,4500.0,3.0,1
2022HU0027330,07511,74,28,21.0,1,50000.0,1050,50000.0,151230,105000.0,3.0,2
2022HU0027330,07511,103,32,20.0,1,55000.0,2310,55000.0,252020,105000.0,3.0,2
2022HU0028153,07512,55,59,19.0,2,45000.0,4000,48600.0,351011,48600.0,3.0,1
2022HU0028204,07511,78,69,21.0,2,1300.0,2100,23300.0,2310XX,23300.0,3.0,1
2022HU0028363,07514,61,35,21.0,2,200000.0,4920,315000.0,419020,315000.0,3.0,1
2022HU0028569,07508,53,46,1.0,2,7200.0,5410,7200.0,434181,104200.0,3.0,5
2022HU0028569,07508,61,51,1.0,1,0.0,6230,60000.0,472031,104200.0,3.0,5
2022HU0028569,07508,54,21,16.0,2,28000.0,4965,28000.0,419099,104200.0,3.0,5
2022HU0028569,07508,55,12,8.0,2,,,,,104200.0,3.0,5
2022HU0028569,07508,56,77,1.0,2,0.0,,9000.0,,104200.0,3.0,5
2022HU0028824,07511,71,39,22.0,1,250000.0,1650,257500.0,1910XX,507500.0,1.0,2
2022HU0028824,07511,79,42,22.0,2,250000.0,0800,250000.0,132011,507500.0,1.0,2
2022HU0029943,07511,55,56,21.0,1,165000.0,4700,205500.0,411011,205500.0,2.0,1
2022HU0029952,07511,47,62,18.0,2,100000.0,5550,169000.0,435052,214000.0,3.0,2
2022HU0029952,07511,25,49,22.0,2,0.0,4522,45000.0,395094,214000.0,3.0,2
2022HU0030089,07508,59,41,23.0,1,144000.0,3090,590000.0,291210,647900.0,3.0,2
2022HU0030089,07508,80,36,23.0,2,60000.0,3010,57900.0,291020,647900.0,3.0,2
2022HU0030362,07507,57,57,20.0,2,75000.0,5860,96000.0,439061,230400.0,1.0,4
2022HU0030362,07507,82,52,19.0,1,112000.0,9130,112000.0,533030,230400.0,1.0,4
2022HU0030362,07507,45,22,16.0,1,15000.0,2014,15000.0,211029,230400.0,1.0,4
2022HU0030362,07507,66,18,16.0,1,7400.0,4760,7400.0,412031,230400.0,1.0,4
2022HU0030761,07513,114,81,19.0,2,0.0,,42300.0,,42300.0,2.0,1
2022HU0031727,07508,73,29,21.0,1,105000.0,4850,105000.0,414010,115000.0,3.0,2
2022HU0031727,07508,99,30,21.0,2,10000.0,2910,10000.0,274021,115000.0,3.0,2
2022HU0031903,07509,38,73,11.0,2,0.0,,12000.0,,13200.0,3.0,2
2022HU0031903,07509,143,27,16.0,1,1200.0,8800,1200.0,519111,13200.0,3.0,2
2022HU0032019,07511,150,53,18.0,2,35000.0,0350,35200.0,119111,75200.0,3.0,4
2022HU0032019,07511,146,14,11.0,1,,,,,75200.0,3.0,4
2022HU0032019,07511,136,25,21.0,2,10000.0,0710,10000.0,131111,75200.0,3.0,4
2022HU0032019,07511,184,24,16.0,2,30000.0,3630,30000.0,319011,75200.0,3.0,4
2022HU0032195,07507,168,49,19.0,2,55000.0,4230,55000.0,372012,87900.0,3.0,4
2022HU0032195,07507,193,55,16.0,1,20000.0,6442,20000.0,472152,87900.0,3.0,4
2022HU0032195,07507,147,22,19.0,1,0.0,4030,12900.0,352021,87900.0,3.0,4
2022HU0032195,07507,135,14,11.0,1,,,,,87900.0,3.0,4
2022HU0032275,07509,128,36,22.0,1,0.0,8990,13400.0,5191XX,13400.0,3.0,1
2022HU0032713,07511,60,64,15.0,1,56000.0,4220,56000.0,37201X,56000.0,3.0,1
2022HU0033332,07512,75,79,16.0,1,0.0,,82000.0,,181000.0,2.0,3
2022HU0033332,07512,65,68,19.0,2,54000.0,3602,88000.0,311122,181000.0,2.0,3
2022HU0033332,07512,55,94,16.0,2,0.0,,11000.0,,181000.0,2.0,3
2022HU0033461,07510,65,44,23.0,2,120000.0,3050,120000.0,291051,120000.0,1.0,1
2022HU0035130,07513,54,53,22.0,2,20000.0,3602,20000.0,311122,118100.0,1.0,4
2022HU0035130,07513,35,24,21.0,2,9600.0,4110,9600.0,353031,118100.0,1.0,4
2022HU0035130,07513,63,81,22.0,1,0.0,,88500.0,,118100.0,1.0,4
2022HU0035130,07513,66,76,22.0,2,0.0,,0.0,,118100.0,1.0,4
2022HU0035794,07509,176,36,21.0,1,100.0,1021,-2600.0,151252,-2600.0,3.0,1
2022HU0036594,07514,86,80,24.0,2,0.0,,33800.0,,33800.0,1.0,1
2022HU0037993,07511,63,53,22.0,1,31000.0,2350,31000.0,253041,86000.0,3.0,3
2022HU0037993,07511,61,48,19.0,1,30000.0,4110,30000.0,353031,86000.0,3.0,3
2022HU0037993,07511,73,39,23.0,1,25000.0,4110,25000.0,353031,86000.0,3.0,3
2022HU0038511,07508,52,27,21.0,2,45500.0,0726,45500.0,131131,251500.0,3.0,11
2022HU0038511,07508,50,35,16.0,2,400.0,4760,1000.0,412031,251500.0,3.0,11
2022HU0038511,07508,49,39,22.0,2,1200.0,4655,3600.0,399099,251500.0,3.0,11
2022HU0038511,07508,54,64,22.0,1,0.0,,0.0,,251500.0,3.0,11
2022HU0038511,07508,55,66,14.0,2,7000.0,2016,27000.0,211093,251500.0,3.0,11
2022HU0038511,07508,59,44,22.0,1,46700.0,8740,46700.0,519061,251500.0,3.0,11
2022HU0038511,07508,57,37,22.0,1,46700.0,8740,46700.0,519061,251500.0,3.0,11
2022HU0038511,07508,50,29,19.0,2,8600.0,5400,8600.0,434171,251500.0,3.0,11
2022HU0038511,07508,61,23,21.0,2,19400.0,2310,22400.0,252020,251500.0,3.0,11
2022HU0038511,07508,58,23,21.0,1,50000.0,2634,50000.0,271024,251500.0,3.0,11
2022HU0038511,07508,54,46,16.0,1,0.0,6260,0.0,472061,251500.0,3.0,11
2022HU0038740,07511,63,37,24.0,2,687000.0,1021,707000.0,151252,707000.0,1.0,1
2022HU0039290,07507,216,59,1.0,1,42000.0,9645,42000.0,537065,230500.0,2.0,4
2022HU0039290,07507,198,59,16.0,2,125000.0,0120,125000.0,113031,230500.0,2.0,4
2022HU0039290,07507,196,34,19.0,1,30000.0,9130,55000.0,533030,230500.0,2.0,4
2022HU0039290,07507,164,23,15.0,1,8500.0,9620,8500.0,537062,230500.0,2.0,4
2022HU0040197,07511,46,26,22.0,2,76000.0,2330,80000.0,252050,80000.0,3.0,1
2022HU0040243,07510,190,28,21.0,1,127000.0,1021,127000.0,151252,127000.0,3.0,1
2022HU0040504,07513,37,80,6.0,1,0.0,,5400.0,,5400.0,3.0,1
2022HU0040984,07508,41,47,21.0,1,260000.0,0010,260000.0,1110XX,380000.0,1.0,4
2022HU0040984,07508,29,48,22.0,2,100000.0,4700,120000.0,411011,380000.0,1.0,4
2022HU0040984,07508,30,15,12.0,2,0.0,,0.0,,380000.0,1.0,4
2022HU0040984,07508,33,14,10.0,2,,,,,380000.0,1.0,4
2022HU0041387,07508,57,34,21.0,1,196000.0,1460,246000.0,172141,366000.0,3.0,3
2022HU0041387,07508,62,37,21.0,2,110000.0,4840,120000.0,413091,366000.0,3.0,3
2022HU0041387,07508,81,1,,1,,,,,366000.0,3.0,3
2022HU0041559,07513,91,60,1.0,2,0.0,,11500.0,,523100.0,3.0,11
2022HU0041559,07513,100,59,19.0,1,69000.0,4120,69000.0,353041,523100.0,3.0,11
2022HU0041559,07513,83,29,21.0,1,90000.0,0800,90000.0,132011,523100.0,3.0,11
2022HU0041559,07513,83,27,21.0,1,190000.0,1021,184500.0,151252,523100.0,3.0,11
2022HU0041559,07513,92,55,18.0,1,30000.0,9640,30000.0,537064,523100.0,3.0,11
2022HU0041559,07513,78,48,16.0,1,2500.0,4251,2500.0,373011,523100.0,3.0,11
2022HU0041559,07513,79,46,21.0,1,37400.0,1350,37400.0,172041,523100.0,3.0,11
2022HU0041559,07513,110,43,20.0,1,35000.0,9142,35000.0,533054,523100.0,3.0,11
2022HU0041559,07513,99,20,16.0,1,23200.0,9610,23200.0,537061,523100.0,3.0,11
2022HU0041559,07513,87,15,13.0,1,0.0,,0.0,,523100.0,3.0,11
2022HU0041559,07513,95,67,15.0,2,0.0,,40000.0,,523100.0,3.0,11
2022HU0042105,07508,47,47,22.0,2,10000.0,4700,40000.0,411011,76400.0,3.0,2
2022HU0042105,07508,49,33,19.0,1,36400.0,4700,36400.0,411011,76400.0,3.0,2
2022HU0042219,07508,87,55,22.0,2,70000.0,5420,70000.0,434YYY,70000.0,3.0,1
2022HU0042266,07513,140,34,21.0,1,155000.0,1021,155000.0,151252,222000.0,3.0,2
2022HU0042266,07513,190,33,22.0,2,67000.0,0630,67000.0,131070,222000.0,3.0,2
2022HU0042807,07511,71,62,20.0,2,20000.0,2545,20000.0,259040,39000.0,3.0,2
2022HU0042807,07511,128,78,6.0,2,0.0,,19000.0,,39000.0,3.0,2
2022HU0042894,07509,41,41,20.0,1,60000.0,1022,60000.0,151253,170000.0,3.0,5
2022HU0042894,07509,13,56,21.0,2,0.0,5400,0.0,434171,170000.0,3.0,5
2022HU0042894,07509,32,56,16.0,1,0.0,0710,16000.0,131111,170000.0,3.0,5
2022HU0042894,07509,45,41,21.0,1,47000.0,0930,47000.0,132081,170000.0,3.0,5
2022HU0042894,07509,34,26,16.0,1,47000.0,3930,47000.0,339030,170000.0,3.0,5
2022HU0043028,07511,53,33,22.0,1,687000.0,0300,693000.0,119041,1109000.0,3.0,2
2022HU0043028,07511,51,33,21.0,2,410000.0,2640,416000.0,27102X,1109000.0,3.0,2
2022HU0043086,07510,63,37,22.0,1,130000.0,1021,130000.0,151252,130000.0,1.0,1
2022HU0043177,07510,54,51,22.0,1,120000.0,1021,148000.0,151252,161800.0,1.0,2
2022HU0043177,07510,53,49,19.0,2,13800.0,4055,13800.0,353023,161800.0,1.0,2
2022HU0043277,07507,71,65,20.0,2,0.0,5220,28500.0,434031,74000.0,2.0,2
2022HU0043277,07507,73,66,19.0,1,0.0,,45500.0,,74000.0,2.0,2
2022HU0043848,07513,67,39,16.0,2,23100.0,5940,23100.0,439XXX,844100.0,1.0,4
2022HU0043848,07513,64,41,19.0,1,687000.0,0110,701000.0,113021,844100.0,1.0,4
2022HU0043848,07513,55,7,4.0,1,,,,,844100.0,1.0,4
2022HU0043848,07513,61,39,16.0,1,120000.0,9142,120000.0,533054,844100.0,1.0,4
2022HU0044412,07512,172,58,21.0,2,150000.0,0440,147300.0,1191XX,182300.0,3.0,2
2022HU0044412,07512,186,62,16.0,1,35000.0,9645,35000.0,537065,182300.0,3.0,2
2022HU0044483,07510,278,50,21.0,2,108000.0,2205,113000.0,251000,161000.0,3.0,2
2022HU0044483,07510,232,30,22.0,2,48000.0,2635,48000.0,271025,161000.0,3.0,2
2022HU0044668,07508,60,71,20.0,2,0.0,5550,54500.0,435052,229900.0,2.0,3
2022HU0044668,07508,71,74,21.0,1,0.0,,113400.0,,229900.0,2.0,3
2022HU0044668,07508,73,33,19.0,1,62000.0,4850,62000.0,414010,229900.0,2.0,3
2022HU0044824,07512,516,82,21.0,2,0.0,,34000.0,,135400.0,2.0,5
2022HU0044824,07512,297,79,19.0,2,0.0,5120,40400.0,433031,135400.0,2.0,5
2022HU0044824,07512,350,31,21.0,2,41000.0,5730,41000.0,436013,135400.0,2.0,5
2022HU0044824,07512,229,23,21.0,2,0.0,0051,0.0,112021,135400.0,2.0,5
2022HU0044824,07512,229,21,19.0,2,20000.0,4720,20000.0,412010,135400.0,2.0,5
2022HU0045098,07509,70,60,20.0,2,193000.0,3255,193000.0,291141,193000.0,3.0,1
2022HU0045413,07514,51,34,22.0,2,200000.0,0410,200000.0,119141,450000.0,3.0,2
2022HU0045413,07514,47,33,21.0,2,250000.0,2825,250000.0,273031,450000.0,3.0,2
2022HU0046098,07508,105,65,19.0,2,0.0,4920,180000.0,419020,180000.0,1.0,1
2022HU0046222,07509,89,30,22.0,1,200000.0,0300,200000.0,119041,200000.0,3.0,1
2022HU0046324,07512,79,56,23.0,2,100000.0,3050,100000.0,291051,286000.0,1.0,4
2022HU0046324,07512,67,54,23.0,1,180000.0,3010,180000.0,291020,286000.0,1.0,4
2022HU0046324,07512,47,17,14.0,1,0.0,,0.0,,286000.0,1.0,4
2022HU0046324,07512,57,86,18.0,2,0.0,,6000.0,,286000.0,1.0,4
2022HU0046542,07511,77,42,22.0,2,100000.0,0735,300000.0,131161,500000.0,2.0,4
2022HU0046542,07511,75,42,22.0,1,200000.0,1010,200000.0,151251,500000.0,2.0,4
2022HU0046542,07511,60,9,5.0,2,,,,,500000.0,2.0,4
2022HU0046542,07511,59,7,4.0,2,,,,,500000.0,2.0,4
2022HU0046605,07511,44,46,22.0,2,125000.0,1220,125000.0,152031,375000.0,1.0,4
2022HU0046605,07511,70,54,19.0,1,250000.0,0310,250000.0,119051,375000.0,1.0,4
2022HU0046605,07511,60,14,11.0,2,,,,,375000.0,1.0,4
2022HU0046605,07511,61,12,9.0,2,,,,,375000.0,1.0,4
2022HU0047168,07511,80,87,20.0,1,0.0,,210000.0,,210000.0,2.0,1
2022HU0047400,07510,52,28,22.0,2,166000.0,1021,168500.0,151252,168500.0,3.0,1
2022HU0047635,07508,70,55,21.0,1,124000.0,0136,124000.0,113121,129000.0,3.0,3
2022HU0047635,07508,56,47,1.0,2,0.0,4521,5000.0,395092,129000.0,3.0,3
2022HU0047635,07508,56,6,2.0,2,,,,,129000.0,3.0,3
2022HU0047681,07511,66,62,23.0,1,0.0,2100,110000.0,2310XX,430000.0,1.0,2
2022HU0047681,07511,73,64,23.0,2,300000.0,2100,320000.0,2310XX,430000.0,1.0,2
2022HU0048000,07507,57,87,21.0,1,3000.0,2752,86800.0,272042,263200.0,1.0,5
2022HU0048000,07507,55,58,24.0,2,95000.0,2435,95000.0,254022,263200.0,1.0,5
2022HU0048000,07507,48,55,21.0,1,43500.0,5000,44000.0,431011,263200.0,1.0,5
2022HU0048000,07507,47,24,16.0,1,37400.0,4000,37400.0,351011,263200.0,1.0,5
2022HU0048000,07507,44,53,22.0,2,0.0,9920,0.0,999920,263200.0,1.0,5
2022HU0048637,07511,70,55,23.0,2,687000.0,2100,687000.0,2310XX,737000.0,2.0,4
2022HU0048637,07511,59,56,22.0,1,50000.0,1305,50000.0,171011,737000.0,2.0,4
2022HU0048637,07511,56,16,13.0,2,0.0,,0.0,,737000.0,2.0,4
2022HU0048637,07511,55,13,10.0,2,,,,,737000.0,2.0,4
2022HU0048950,07510,62,66,16.0,1,8800.0,4251,8820.0,373011,8820.0,3.0,1
2022HU0048999,07509,116,49,22.0,2,12000.0,4020,12000.0,352010,27000.0,3.0,5
2022HU0048999,07509,117,38,24.0,1,15000.0,6050,15000.0,4520XX,27000.0,3.0,5
2022HU0048999,07509,150,9,7.0,2,,,,,27000.0,3.0,5
2022HU0048999,07509,149,8,5.0,2,,,,,27000.0,3.0,5
2022HU0048999,07509,100,18,18.0,1,0.0,,0.0,,27000.0,3.0,5
2022HU0049425,07510,102,34,22.0,1,225000.0,1021,225000.0,151252,295000.0,3.0,2
2022HU0049425,07510,136,33,24.0,2,70000.0,2545,70000.0,259040,295000.0,3.0,2
2022HU0049635,07513,39,68,18.0,2,5000.0,4110,34200.0,353031,453200.0,1.0,4
2022HU0049635,07513,42,70,18.0,1,0.0,,39000.0,,453200.0,1.0,4
2022HU0049635,07513,46,33,21.0,1,300000.0,1021,300000.0,151252,453200.0,1.0,4
2022HU0049635,07513,27,29,21.0,2,80000.0,0800,80000.0,132011,453200.0,1.0,4
2022HU0050702,07507,36,75,21.0,2,0.0,,18600.0,,78600.0,2.0,2
2022HU0050702,07507,33,55,19.0,2,60000.0,5740,60000.0,436014,78600.0,2.0,2
2022HU0050774,07508,100,83,22.0,2,60000.0,0440,198000.0,1191XX,198000.0,1.0,1
2022HU0051143,07512,97,35,23.0,2,150000.0,3050,161000.0,291051,246000.0,3.0,3
2022HU0051143,07512,105,36,23.0,1,85000.0,0640,85000.0,131141,246000.0,3.0,3
2022HU0051143,07512,97,2,,2,,,,,246000.0,3.0,3
2022HU0051603,07513,73,77,21.0,2,0.0,,-800.0,,-800.0,1.0,1
2022HU0051733,07510,39,32,22.0,2,160000.0,1430,165000.0,172110,345000.0,2.0,2
2022HU0051733,07510,31,34,23.0,1,180000.0,4840,180000.0,413091,345000.0,2.0,2
2022HU0052318,07510,90,34,24.0,2,165000.0,3050,165180.0,291051,165180.0,2.0,1
2022HU0053593,07512,89,65,16.0,2,0.0,5140,0.0,433051,0.0,1.0,2
2022HU0053593,07512,93,66,16.0,1,0.0,6250,0.0,472050,0.0,1.0,2
2022HU0053610,07513,93,59,21.0,1,20000.0,1021,20000.0,151252,26300.0,1.0,3
2022HU0053610,07513,101,59,22.0,2,0.0,2205,1200.0,251000,26300.0,1.0,3
2022HU0053610,07513,79,21,16.0,2,5100.0,4720,5100.0,412010,26300.0,1.0,3
2022HU0053886,07510,36,32,22.0,2,28600.0,2205,28600.0,251000,468600.0,3.0,4
2022HU0053886,07510,37,33,21.0,1,170000.0,0120,170000.0,113031,468600.0,3.0,4
2022HU0053886,07510,34,33,21.0,2,120000.0,3255,120000.0,291141,468600.0,3.0,4
2022HU0053886,07510,27,33,21.0,1,150000.0,4840,150000.0,413091,468600.0,3.0,4
2022HU0053907,07508,107,94,1.0,2,0.0,,13300.0,,13300.0,2.0,1
2022HU0053922,07511,48,33,21.0,2,0.0,0705,21000.0,131082,121000.0,3.0,3
2022HU0053922,07511,52,33,21.0,1,100000.0,0010,100000.0,1110XX,121000.0,3.0,3
2022HU0053922,07511,43,1,,1,,,,,121000.0,3.0,3
2022HU0054098,07511,70,30,18.0,1,40300.0,0420,40300.0,119151,95300.0,3.0,2
2022HU0054098,07511,58,54,20.0,2,55000.0,5140,55000.0,433051,95300.0,3.0,2
2022HU0054688,07507,60,33,19.0,1,50000.0,4850,50000.0,414010,115000.0,1.0,2
2022HU0054688,07507,55,32,22.0,2,65000.0,3545,65000.0,292090,115000.0,1.0,2
2022HU0055648,07510,50,42,21.0,1,84000.0,1305,84000.0,171011,84000.0,1.0,1
2022HU0055719,07511,214,69,18.0,2,0.0,,8800.0,,66200.0,2.0,4
2022HU0055719,07511,226,73,22.0,1,0.0,,2400.0,,66200.0,2.0,4
2022HU0055719,07511,211,39,22.0,2,50000.0,0800,50000.0,132011,66200.0,2.0,4
2022HU0055719,07511,191,37,16.0,1,5000.0,8140,5000.0,514120,66200.0,2.0,4
2022HU0057197,07511,69,57,21.0,2,0.0,1840,2600.0,193051,2600.0,3.0,1
2022HU0058388,07510,153,22,21.0,2,0.0,2640,0.0,27102X,23300.0,3.0,2
2022HU0058388,07510,110,23,21.0,2,23300.0,1305,23300.0,171011,23300.0,3.0,2
2022HU0058763,07513,33,64,16.0,1,0.0,6260,10800.0,472061,46800.0,2.0,2
2022HU0058763,07513,31,61,11.0,2,36000.0,4710,36000.0,411012,46800.0,2.0,2
2022HU0059098,07508,73,32,21.0,2,195000.0,1006,195000.0,151211,360000.0,1.0,2
2022HU0059098,07508,51,34,24.0,1,165000.0,0440,165000.0,1191XX,360000.0,1.0,2
2022HU0059248,07512,114,60,20.0,2,40000.0,5240,40000.0,434051,270000.0,1.0,5
2022HU0059248,07512,123,61,21.0,1,115000.0,6355,115000.0,472111,270000.0,1.0,5
2022HU0059248,07512,95,27,21.0,2,50000.0,3255,50000.0,291141,270000.0,1.0,5
2022HU0059248,07512,43,24,19.0,1,30000.0,4760,30000.0,412031,270000.0,1.0,5
2022HU0059248,07512,118,22,19.0,2,35000.0,5240,35000.0,434051,270000.0,1.0,5
2022HU0059852,07509,94,48,20.0,2,0.0,,0.0,,30500.0,3.0,2
2022HU0059852,07509,97,86,8.0,1,0.0,,30500.0,,30500.0,3.0,2
2022HU0060062,07512,262,44,21.0,1,195000.0,0010,195000.0,1110XX,285000.0,3.0,4
2022HU0060062,07512,229,46,21.0,2,90000.0,3255,90000.0,291141,285000.0,3.0,4
2022HU0060062,07512,228,12,9.0,2,,,,,285000.0,3.0,4
2022HU0060062,07512,242,9,6.0,1,,,,,285000.0,3.0,4
2022HU0060275,07511,54,34,21.0,2,51000.0,0440,81000.0,1191XX,81000.0,3.0,1
2022HU0060373,07507,147,44,24.0,2,73000.0,2205,81000.0,251000,192000.0,1.0,2
2022HU0060373,07507,185,45,21.0,1,90000.0,2320,111000.0,252030,192000.0,1.0,2
2022HU0060413,07513,132,46,22.0,1,687000.0,0020,687000.0,111021,705000.0,1.0,6
2022HU0060413,07513,78,45,22.0,2,0.0,2830,0.0,273041,705000.0,1.0,6
2022HU0060413,07513,221,13,9.0,1,,,,,705000.0,1.0,6
2022HU0060413,07513,221,9,5.0,1,,,,,705000.0,1.0,6
2022HU0060413,07513,138,4,2.0,1,,,,,705000.0,1.0,6
2022HU0060413,07513,89,25,19.0,2,0.0,4600,18000.0,399011,705000.0,1.0,6
2022HU0061222,07511,189,23,20.0,2,61000.0,3500,61000.0,292061,61000.0,3.0,2
2022HU0061222,07511,185,21,19.0,2,0.0,9645,0.0,537065,61000.0,3.0,2
2022HU0061409,07510,109,61,18.0,1,100000.0,5240,100000.0,434051,208600.0,3.0,5
2022HU0061409,07510,90,62,21.0,2,0.0,,0.0,,208600.0,3.0,5
2022HU0061409,07510,66,23,16.0,1,38000.0,3930,38000.0,339030,208600.0,3.0,5
2022HU0061409,07510,42,22,20.0,2,0.0,3640,2600.0,319091,208600.0,3.0,5
2022HU0061409,07510,54,32,20.0,2,68000.0,3321,68000.0,292031,208600.0,3.0,5
2022HU0061650,07507,177,44,18.0,2,12500.0,0410,12500.0,119141,60700.0,3.0,6
2022HU0061650,07507,144,28,16.0,1,0.0,8740,0.0,519061,60700.0,3.0,6
2022HU0061650,07507,107,24,16.0,1,41000.0,4710,41000.0,411012,60700.0,3.0,6
2022HU0061650,07507,77,18,14.0,2,4200.0,4720,4200.0,412010,60700.0,3.0,6
2022HU0061650,07507,428,17,15.0,1,3000.0,4055,3000.0,353023,60700.0,3.0,6
2022HU0061650,07507,120,6,3.0,1,,,,,60700.0,3.0,6
2022HU0061792,07509,193,34,23.0,2,687000.0,2100,687000.0,2310XX,687000.0,3.0,1
2022HU0062367,07511,105,24,21.0,2,50000.0,0710,50800.0,131111,272800.0,3.0,5
2022HU0062367,07511,213,24,19.0,2,3000.0,4120,3700.0,353041,272800.0,3.0,5
2022HU0062367,07511,104,23,21.0,2,53000.0,4760,53300.0,412031,272800.0,3.0,5
2022HU0062367,07511,104,23,21.0,2,80000.0,0051,80000.0,112021,272800.0,3.0,5
2022HU0062367,07511,105,23,21.0,2,85000.0,0845,85000.0,132051,272800.0,3.0,5
2022HU0063496,07512,70,66,1.0,1,44000.0,4220,122500.0,37201X,244700.0,1.0,4
2022HU0063496,07512,76,64,1.0,2,0.0,4230,24900.0,372012,244700.0,1.0,4
2022HU0063496,07512,63,31,21.0,2,96000.0,1760,96000.0,192099,244700.0,1.0,4
2022HU0063496,07512,67,30,1.0,1,1300.0,2006,1300.0,211019,244700.0,1.0,4
2022HU0063861,07512,133,86,1.0,1,0.0,,15500.0,,119800.0,2.0,3
2022HU0063861,07512,109,84,20.0,2,0.0,,23500.0,,119800.0,2.0,3
2022HU0063861,07512,113,53,22.0,2,80000.0,3421,80800.0,292052,119800.0,2.0,3
2022HU0064276,07509,286,35,19.0,1,32000.0,4110,32000.0,353031,32000.0,3.0,1
2022HU0064402,07510,43,63,17.0,2,0.0,,14000.0,,21000.0,3.0,2
2022HU0064402,07510,51,60,19.0,1,7000.0,4840,7000.0,413091,21000.0,3.0,2
2022HU0064749,07510,201,30,22.0,1,169000.0,1021,169000.0,151252,169000.0,3.0,1
2022HU0065219,07513,152,94,16.0,2,0.0,,10600.0,,619500.0,1.0,8
2022HU0065219,07513,83,76,20.0,2,0.0,9142,16800.0,533054,619500.0,1.0,8
2022HU0065219,07513,83,75,21.0,2,42000.0,3602,268000.0,311122,619500.0,1.0,8
2022HU0065219,07513,90,69,16.0,2,0.0,,208100.0,,619500.0,1.0,8
2022HU0065219,07513,83,63,16.0,2,0.0,,7000.0,,619500.0,1.0,8
2022HU0065219,07513,74,47,21.0,1,0.0,5100,18000.0,433011,619500.0,1.0,8
2022HU0065219,07513,83,81,16.0,2,0.0,,11600.0,,619500.0,1.0,8
2022HU0065219,07513,90,70,20.0,2,23400.0,4230,79400.0,372012,619500.0,1.0,8
2022HU0066365,07514,118,57,18.0,2,0.0,2600,21600.0,271010,466600.0,3.0,2
2022HU0066365,07514,118,53,22.0,1,0.0,2100,445000.0,2310XX,466600.0,3.0,2
2022HU0066405,07507,69,30,21.0,2,60000.0,0010,60200.0,1110XX,164600.0,2.0,4
2022HU0066405,07507,62,63,17.0,2,35000.0,4230,35500.0,372012,164600.0,2.0,4
2022HU0066405,07507,66,62,17.0,1,60000.0,4220,60500.0,37201X,164600.0,2.0,4
2022HU0066405,07507,65,94,9.0,2,0.0,,8400.0,,164600.0,2.0,4
2022HU0066910,07514,241,50,23.0,2,0.0,,0.0,,445000.0,3.0,3
2022HU0066910,07514,269,52,23.0,1,0.0,2100,445000.0,2310XX,445000.0,3.0,3
2022HU0066910,07514,333,16,13.0,2,0.0,,0.0,,445000.0,3.0,3
2022HU0067263,07510,190,33,21.0,2,5000.0,1970,5000.0,1940YY,5000.0,3.0,1
2022HU0067512,07510,132,84,16.0,2,0.0,5740,7600.0,436014,7600.0,1.0,2
2022HU0067512,07510,108,52,22.0,2,0.0,9920,0.0,999920,7600.0,1.0,2
2022HU0068230,07513,96,33,22.0,1,160000.0,0705,160000.0,131082,283500.0,1.0,4
2022HU0068230,07513,71,38,21.0,2,16800.0,3640,16800.0,319091,283500.0,1.0,4
2022HU0068230,07513,75,72,18.0,1,80000.0,0440,96800.0,1191XX,283500.0,1.0,4
2022HU0068230,07513,65,90,16.0,2,0.0,,9900.0,,283500.0,1.0,4
2022HU0069235,07510,54,71,21.0,2,0.0,,14700.0,,189700.0,3.0,2
2022HU0069235,07510,48,54,21.0,1,100000.0,0110,175000.0,113021,189700.0,3.0,2
2022HU0069264,07508,29,32,22.0,2,25000.0,2635,25000.0,271025,325000.0,3.0,2
2022HU0069264,07508,28,34,21.0,1,300000.0,1021,300000.0,151252,325000.0,3.0,2
2022HU0070166,07513,215,27,16.0,1,60000.0,3500,60000.0,292061,142000.0,3.0,4
2022HU0070166,07513,205,29,20.0,1,50000.0,7150,50000.0,493021,142000.0,3.0,4
2022HU0070166,07513,218,53,21.0,2,32000.0,0310,32000.0,119051,142000.0,3.0,4
2022HU0070166,07513,222,53,16.0,1,0.0,,0.0,,142000.0,3.0,4
2022HU0070566,07513,86,45,21.0,1,687000.0,1031,687000.0,151254,710600.0,1.0,3
2022HU0070566,07513,81,37,20.0,2,20000.0,2633,20000.0,271023,710600.0,1.0,3
2022HU0070566,07513,79,69,16.0,2,0.0,,3600.0,,710600.0,1.0,3
2022HU0070768,07509,183,43,21.0,1,90000.0,1006,90000.0,151211,290000.0,3.0,2
2022HU0070768,07509,167,41,21.0,2,200000.0,4700,200000.0,411011,290000.0,3.0,2
2022HU0071556,07508,39,94,20.0,1,0.0,,0.0,,2000.0,2.0,3
2022HU0071556,07508,35,81,1.0,2,0.0,,0.0,,2000.0,2.0,3
2022HU0071556,07508,40,61,22.0,1,0.0,0800,2000.0,132011,2000.0,2.0,3
2022HU0071760,07514,79,26,20.0,2,98000.0,4760,98000.0,412031,98000.0,3.0,1
2022HU0072295,07509,75,94,15.0,2,0.0,,17900.0,,42000.0,2.0,2
2022HU0072295,07509,71,72,19.0,1,0.0,,24100.0,,42000.0,2.0,2
2022HU0072794,07514,55,72,22.0,2,0.0,,85200.0,,297500.0,2.0,3
2022HU0072794,07514,62,73,22.0,1,0.0,,147300.0,,297500.0,2.0,3
2022HU0072794,07514,48,38,22.0,1,60000.0,2861,65000.0,273091,297500.0,2.0,3
2022HU0073360,07513,67,53,16.0,1,0.0,0220,48000.0,119021,93000.0,1.0,3
2022HU0073360,07513,66,46,16.0,2,25000.0,4055,25000.0,353023,93000.0,1.0,3
2022HU0073360,07513,85,18,18.0,2,20000.0,5140,20000.0,433051,93000.0,1.0,3
2022HU0073740,07511,56,25,21.0,1,200000.0,1021,201000.0,151252,261000.0,3.0,2
2022HU0073740,07511,51,25,21.0,2,60000.0,2310,60000.0,252020,261000.0,3.0,2
2022HU0074844,07513,123,73,21.0,1,0.0,,439800.0,,457300.0,2.0,3
2022HU0074844,07513,121,71,22.0,2,0.0,,11000.0,,457300.0,2.0,3
2022HU0074844,07513,99,37,23.0,1,0.0,5110,6500.0,433021,457300.0,2.0,3
2022HU0074873,07508,63,73,22.0,2,0.0,,58100.0,,58100.0,3.0,1
2022HU0075010,07514,56,23,21.0,2,80000.0,0735,86000.0,131161,87000.0,3.0,2
2022HU0075010,07514,49,23,21.0,2,0.0,4055,1000.0,353023,87000.0,3.0,2
2022HU0075659,07512,65,31,23.0,2,65000.0,1600,66400.0,191010,311300.0,3.0,4
2022HU0075659,07512,122,30,21.0,2,50000.0,2330,64400.0,252050,311300.0,3.0,4
2022HU0075659,07512,64,30,21.0,2,90000.0,1305,90500.0,171011,311300.0,3.0,4
2022HU0075659,07512,56,30,21.0,2,90000.0,0060,90000.0,112030,311300.0,3.0,4
2022HU0077313,07508,90,43,22.0,1,687000.0,4820,697000.0,413031,1394000.0,1.0,5
2022HU0077313,07508,80,43,22.0,2,687000.0,0010,697000.0,1110XX,1394000.0,1.0,5
2022HU0077313,07508,75,12,8.0,1,,,,,1394000.0,1.0,5
2022HU0077313,07508,75,12,8.0,1,,,,,1394000.0,1.0,5
2022HU0077313,07508,100,4,1.0,2,,,,,1394000.0,1.0,5
2022HU0077620,07508,129,33,19.0,1,10300.0,4040,10750.0,353011,20750.0,3.0,2
2022HU0077620,07508,122,32,21.0,2,10000.0,4655,10000.0,399099,20750.0,3.0,2
2022HU0077713,07514,46,31,21.0,1,300000.0,0051,300000.0,112021,425000.0,3.0,2
2022HU0077713,07514,52,30,21.0,2,125000.0,0051,125000.0,112021,425000.0,3.0,2
2022HU0078196,07508,55,64,23.0,1,400000.0,3090,1270000.0,291210,2165000.0,1.0,3
2022HU0078196,07508,56,59,23.0,2,400000.0,3090,845000.0,291210,2165000.0,1.0,3
2022HU0078196,07508,73,19,14.0,1,0.0,4110,50000.0,353031,2165000.0,1.0,3
2022HU0078871,07509,72,90,11.0,2,0.0,,12500.0,,12500.0,3.0,1
2022HU0079117,07513,161,58,21.0,1,50000.0,2310,50000.0,252020,50000.0,1.0,1
2022HU0079996,07511,99,70,22.0,1,220000.0,0230,260000.0,119030,260000.0,2.0,2
2022HU0079996,07511,97,61,21.0,1,0.0,0725,0.0,131121,260000.0,2.0,2
2022HU0080229,07507,84,37,21.0,1,300000.0,1021,300000.0,151252,300000.0,1.0,1
2022HU0080487,07510,46,64,22.0,2,0.0,3550,113000.0,299000,113000.0,3.0,1
2022HU0082466,07507,280,29,20.0,1,33000.0,3401,33000.0,292042,113000.0,3.0,2
2022HU0082466,07507,287,30,21.0,2,80000.0,3870,80000.0,333050,113000.0,3.0,2
2022HU0082871,07507,280,60,16.0,2,0.0,,16300.0,,16300.0,3.0,2
2022HU0082871,07507,118,20,19.0,2,0.0,,0.0,,16300.0,3.0,2
2022HU0083018,07514,72,38,22.0,2,115000.0,0850,115000.0,132052,115000.0,3.0,1
2022HU0083464,07510,50,44,21.0,1,250000.0,0440,255000.0,1191XX,255000.0,1.0,1
2022HU0083777,07512,74,75,20.0,1,0.0,,66800.0,,124000.0,2.0,2
2022HU0083777,07512,62,79,20.0,2,0.0,,57200.0,,124000.0,2.0,2
2022HU0083955,07510,59,35,22.0,1,16000.0,0110,16000.0,113021,86000.0,3.0,2
2022HU0083955,07510,55,32,22.0,2,70000.0,0726,70000.0,131131,86000.0,3.0,2
2022HU0084016,07507,62,37,15.0,2,0.0,4030,0.0,352021,63600.0,1.0,7
2022HU0084016,07507,61,42,16.0,1,0.0,,0.0,,63600.0,1.0,7
2022HU0084016,07507,114,3,1.0,2,,,,,63600.0,1.0,7
2022HU0084016,07507,58,1,,1,,,,,63600.0,1.0,7
2022HU0084016,07507,60,33,16.0,1,60000.0,3930,60000.0,339030,63600.0,1.0,7
2022HU0084016,07507,55,72,15.0,1,0.0,,3600.0,,63600.0,1.0,7
2022HU0084016,07507,53,66,15.0,2,0.0,,0.0,,63600.0,1.0,7
2022HU0084755,07509,152,49,21.0,1,190000.0,0735,190000.0,131161,190000.0,3.0,1
2022HU0085347,07512,60,42,22.0,2,0.0,,0.0,,200000.0,1.0,4
2022HU0085347,07512,70,56,22.0,1,100000.0,0850,200000.0,132052,200000.0,1.0,4
2022HU0085347,07512,62,4,1.0,1,,,,,200000.0,1.0,4
2022HU0085347,07512,63,2,,1,,,,,200000.0,1.0,4
2022HU0085383,07514,63,52,21.0,1,125000.0,7000,149000.0,491011,222000.0,1.0,3
2022HU0085383,07514,59,51,20.0,2,65000.0,3645,65000.0,319092,222000.0,1.0,3
2022HU0085383,07514,36,18,18.0,2,8000.0,3424,8000.0,292056,222000.0,1.0,3
2022HU0086003,07511,64,34,21.0,2,0.0,4251,20000.0,373011,66000.0,3.0,2
2022HU0086003,07511,75,36,16.0,1,46000.0,9005,46000.0,531000,66000.0,3.0,2
2022HU0086400,07507,153,61,1.0,2,0.0,,12500.0,,62500.0,3.0,2
2022HU0086400,07507,146,61,16.0,2,50000.0,4230,50000.0,372012,62500.0,3.0,2
2022HU0086438,07514,68,31,21.0,2,20000.0,0520,20000.0,131022,20000.0,3.0,1
2022HU0087287,07514,134,48,19.0,1,80000.0,7140,85000.0,493011,106000.0,2.0,5
2022HU0087287,07514,78,45,20.0,2,15000.0,0910,20000.0,132070,106000.0,2.0,5
2022HU0087287,07514,117,19,19.0,1,1000.0,7640,1000.0,4990XX,106000.0,2.0,5
2022HU0087287,07514,122,16,14.0,2,0.0,,0.0,,106000.0,2.0,5
2022HU0087287,07514,111,13,11.0,1,,,,,106000.0,2.0,5
2022HU0087440,07507,30,62,16.0,2,30500.0,4230,74600.0,372012,173360.0,2.0,4
2022HU0087440,07507,32,94,16.0,1,0.0,,13200.0,,173360.0,2.0,4
2022HU0087440,07507,27,26,21.0,2,84000.0,0800,85560.0,132011,173360.0,2.0,4
2022HU0087440,07507,23,23,16.0,2,0.0,,0.0,,173360.0,2.0,4
2022HU0087532,07507,58,47,18.0,2,12000.0,4720,12000.0,412010,266000.0,2.0,6
2022HU0087532,07507,68,56,18.0,1,60000.0,4220,60000.0,37201X,266000.0,2.0,6
2022HU0087532,07507,39,17,14.0,1,4000.0,1108,4000.0,151299,266000.0,2.0,6
2022HU0087532,07507,63,58,18.0,1,0.0,9142,60000.0,533054,266000.0,2.0,6
2022HU0087532,07507,59,55,16.0,2,0.0,,10000.0,,266000.0,2.0,6
2022HU0087532,07507,51,28,21.0,1,120000.0,1021,120000.0,151252,266000.0,2.0,6
2022HU0087712,07514,77,48,22.0,2,86000.0,2014,86000.0,211029,86000.0,3.0,1
2022HU0087806,07510,108,52,19.0,1,75000.0,5550,75000.0,435052,75000.0,1.0,3
2022HU0087806,07510,86,47,20.0,2,0.0,4600,0.0,399011,75000.0,1.0,3
2022HU0087806,07510,87,7,3.0,1,,,,,75000.0,1.0,3
2022HU0088187,07509,105,55,16.0,1,0.0,7120,31000.0,492097,31000.0,3.0,4
2022HU0088187,07509,106,45,16.0,2,0.0,,0.0,,31000.0,3.0,4
2022HU0088187,07509,139,8,5.0,2,,,,,31000.0,3.0,4
2022HU0088187,07509,220,4,3.0,2,,,,,31000.0,3.0,4
2022HU0088205,07508,341,77,16.0,2,0.0,,49600.0,,140400.0,3.0,5
2022HU0088205,07508,338,53,21.0,1,35000.0,8300,40800.0,516011,140400.0,3.0,5
2022HU0088205,07508,302,47,21.0,2,50000.0,2300,50000.0,252010,140400.0,3.0,5
2022HU0088205,07508,302,14,12.0,1,,,,,140400.0,3.0,5
2022HU0088205,07508,320,10,8.0,2,,,,,140400.0,3.0,5
2022HU0088212,07511,61,25,16.0,2,70000.0,4600,70000.0,399011,70000.0,3.0,1
2022HU0088587,07513,96,53,21.0,2,86000.0,0630,163000.0,131070,163000.0,3.0,1
2022HU0089618,07511,140,49,19.0,1,0.0,0710,0.0,131111,0.0,3.0,1
2022HU0092034,07514,78,29,22.0,1,120000.0,1530,130000.0,1721YY,130000.0,3.0,1
2022HU0092120,07514,279,53,19.0,1,104000.0,0110,104000.0,113021,144000.0,3.0,2
2022HU0092120,07514,613,22,21.0,1,40000.0,2710,40000.0,272012,144000.0,3.0,2
2022HU0092979,07507,419,38,16.0,1,0.0,7340,0.0,499071,0.0,3.0,1
2022HU0093012,07510,93,35,22.0,1,200000.0,1006,230000.0,151211,255200.0,3.0,2
2022HU0093012,07510,85,26,22.0,2,25200.0,8830,25200.0,519151,255200.0,3.0,2
2022HU0093419,07511,64,41,24.0,2,374000.0,1021,374000.0,151252,374000.0,3.0,1
2022HU0094118,07511,56,31,21.0,1,250000.0,0051,300000.0,112021,315000.0,1.0,2
2022HU0094118,07511,53,32,21.0,1,0.0,0440,15000.0,1191XX,315000.0,1.0,2
2022HU0094394,07507,37,21,21.0,2,102000.0,1021,102000.0,151252,102000.0,3.0,1
2022HU0094503,07511,38,24,21.0,2,60000.0,2006,60000.0,211019,110000.0,3.0,2
2022HU0094503,07511,54,23,21.0,1,50000.0,1650,50000.0,1910XX,110000.0,3.0,2
2022HU0094718,07510,513,30,22.0,2,20000.0,2310,20000.0,252020,46700.0,3.0,6
2022HU0094718,07510,362,36,21.0,1,0.0,5110,26700.0,433021,46700.0,3.0,6
2022HU0094718,07510,569,7,5.0,2,,,,,46700.0,3.0,6
2022HU0094718,07510,391,3,2.0,2,,,,,46700.0,3.0,6
2022HU0094718,07510,390,1,,2,,,,,46700.0,3.0,6
2022HU0094718,07510,297,24,18.0,2,0.0,2545,0.0,259040,46700.0,3.0,6
2022HU0094760,07507,109,33,21.0,1,140000.0,5165,140000.0,4330XX,203000.0,1.0,4
2022HU0094760,07507,96,66,1.0,1,50000.0,9130,60000.0,533030,203000.0,1.0,4
2022HU0094760,07507,98,60,1.0,2,3000.0,5120,3000.0,433031,203000.0,1.0,4
2022HU0094760,07507,106,63,1.0,1,0.0,,0.0,,203000.0,1.0,4
2022HU0095438,07509,105,72,1.0,2,0.0,,7800.0,,7800.0,3.0,1
2022HU0095492,07511,81,52,22.0,1,174000.0,0230,174100.0,119030,228100.0,1.0,2
2022HU0095492,07511,81,53,22.0,1,54000.0,0440,54000.0,1191XX,228100.0,1.0,2
2022HU0095618,07509,140,76,24.0,2,0.0,,130600.0,,130600.0,2.0,1
2022HU0095672,07512,57,40,24.0,2,190000.0,1760,190000.0,192099,545500.0,1.0,5
2022HU0095672,07512,51,39,22.0,1,300000.0,0735,300000.0,131161,545500.0,1.0,5
2022HU0095672,07512,56,8,5.0,1,,,,,545500.0,1.0,5
2022HU0095672,07512,55,5,2.0,1,,,,,545500.0,1.0,5
2022HU0095672,07512,48,74,21.0,2,0.0,,55500.0,,545500.0,1.0,5
2022HU0095925,07509,109,19,19.0,2,47500.0,5510,88500.0,435021,88500.0,3.0,1
2022HU0096048,07511,85,53,16.0,1,100000.0,0705,100000.0,131082,100000.0,3.0,1
2022HU0096107,07508,62,79,22.0,2,0.0,,50900.0,,50900.0,2.0,1
2022HU0096170,07510,321,38,22.0,2,225000.0,0735,225000.0,131161,225000.0,1.0,1
2022HU0096333,07511,251,51,18.0,1,12000.0,9130,12000.0,533030,12000.0,4.0,1
2022HU0096699,07507,88,28,16.0,2,62000.0,2710,62000.0,272012,62000.0,3.0,5
2022HU0096699,07507,55,66,16.0,1,0.0,6260,0.0,472061,62000.0,3.0,5
2022HU0096699,07507,85,66,16.0,2,0.0,,0.0,,62000.0,3.0,5
2022HU0096699,07507,53,57,1.0,2,0.0,4230,0.0,372012,62000.0,3.0,5
2022HU0096699,07507,73,27,16.0,1,0.0,4720,0.0,412010,62000.0,3.0,5
2022HU0097164,07512,59,22,16.0,2,2000.0,2350,2000.0,253041,17000.0,3.0,3
2022HU0097164,07512,201,22,16.0,1,0.0,,5000.0,,17000.0,3.0,3
2022HU0097164,07512,93,21,20.0,1,10000.0,4760,10000.0,412031,17000.0,3.0,3
2022HU0097237,07508,50,54,23.0,2,80000.0,5740,80000.0,436014,80000.0,3.0,1
2022HU0097734,07514,95,30,23.0,2,275000.0,2100,275000.0,2310XX,550000.0,3.0,2
2022HU0097734,07514,83,36,22.0,1,275000.0,4820,275000.0,413031,550000.0,3.0,2
2022HU0097783,07509,86,73,23.0,2,0.0,2400,126300.0,254010,126300.0,3.0,1
2022HU0098075,07509,55,54,21.0,2,0.0,0800,8600.0,132011,8600.0,3.0,2
2022HU0098075,07509,71,82,21.0,2,0.0,,0.0,,8600.0,3.0,2
2022HU0098645,07512,61,71,22.0,2,0.0,,59700.0,,76700.0,2.0,2
2022HU0098645,07512,71,71,22.0,1,0.0,,17000.0,,76700.0,2.0,2
2022HU0098808,07513,162,55,21.0,1,100000.0,1021,137800.0,151252,137800.0,3.0,3
2022HU0098808,07513,296,14,10.0,2,,,,,137800.0,3.0,3
2022HU0098808,07513,297,13,9.0,2,,,,,137800.0,3.0,3
2022HU0098919,07511,133,37,22.0,2,245000.0,5165,245000.0,4330XX,303000.0,3.0,3
2022HU0098919,07511,129,39,22.0,1,58000.0,5165,58000.0,4330XX,303000.0,3.0,3
2022HU0098919,07511,98,1,,1,,,,,303000.0,3.0,3
2022HU0099027,07508,72,67,22.0,1,0.0,,457000.0,,457000.0,2.0,2
2022HU0099027,07508,63,64,14.0,2,0.0,,0.0,,457000.0,2.0,2
2022HU0099033,07513,57,49,21.0,2,96000.0,4622,96300.0,399032,96300.0,3.0,1
2022HU0099355,07508,219,40,22.0,2,90000.0,2435,90000.0,254022,220400.0,3.0,3
2022HU0099355,07508,218,51,24.0,1,130000.0,1006,130000.0,151211,220400.0,3.0,3
2022HU0099355,07508,462,15,13.0,2,0.0,,400.0,,220400.0,3.0,3
2022HU0099542,07508,82,51,21.0,1,20000.0,9610,20000.0,537061,40000.0,3.0,3
2022HU0099542,07508,121,52,21.0,2,20000.0,0310,20000.0,119051,40000.0,3.0,3
2022HU0099542,07508,68,15,12.0,2,0.0,,0.0,,40000.0,3.0,3
2022HU0099771,07514,58,30,21.0,2,50000.0,5400,50000.0,434171,50000.0,3.0,1
2022HU0100043,07514,126,27,21.0,1,210000.0,1021,210000.0,151252,222000.0,3.0,2
2022HU0100043,07514,102,28,20.0,2,12000.0,2905,12000.0,2740XX,222000.0,3.0,2
2022HU0100331,07512,73,67,16.0,2,0.0,,0.0,,128000.0,2.0,5
2022HU0100331,07512,66,37,21.0,2,65000.0,5860,65000.0,439061,128000.0,2.0,5
2022HU0100331,07512,146,4,1.0,2,,,,,128000.0,2.0,5
2022HU0100331,07512,75,1,,1,,,,,128000.0,2.0,5
2022HU0100331,07512,56,39,20.0,1,63000.0,5860,63000.0,439061,128000.0,2.0,5
2022HU0101216,07512,67,71,19.0,1,0.0,,40200.0,,45200.0,1.0,2
2022HU0101216,07512,75,56,16.0,2,5000.0,5410,5000.0,434181,45200.0,1.0,2
2022HU0102394,07514,96,58,22.0,1,0.0,,35000.0,,35000.0,3.0,1
2022HU0102774,07507,91,94,16.0,2,0.0,,34000.0,,69000.0,3.0,2
2022HU0102774,07507,60,49,18.0,2,0.0,4720,35000.0,412010,69000.0,3.0,2
2022HU0102978,07511,62,71,22.0,2,0.0,1760,101300.0,192099,148300.0,1.0,2
2022HU0102978,07511,61,71,24.0,1,0.0,2205,47000.0,251000,148300.0,1.0,2
2022HU0103249,07512,57,88,16.0,2,0.0,,16400.0,,55400.0,2.0,2
2022HU0103249,07512,70,89,19.0,1,0.0,,39000.0,,55400.0,2.0,2
2022HU0104114,07509,96,34,22.0,1,40700.0,4840,40700.0,413091,40700.0,3.0,1
2022HU0104374,07510,111,29,21.0,1,116000.0,0845,116000.0,132051,116000.0,3.0,1
2022HU0104429,07512,56,33,22.0,2,75000.0,2014,75000.0,211029,250000.0,3.0,2
2022HU0104429,07512,69,32,21.0,1,175000.0,1021,175000.0,151252,250000.0,3.0,2
2022HU0104484,07511,68,36,22.0,1,310000.0,1021,310000.0,151252,345000.0,1.0,3
2022HU0104484,07511,72,35,22.0,2,0.0,2861,35000.0,273091,345000.0,1.0,3
2022HU0104484,07511,110,2,,2,,,,,345000.0,1.0,3
2022HU0104895,07513,105,46,21.0,1,100000.0,0850,100000.0,132052,224900.0,1.0,5
2022HU0104895,07513,95,42,22.0,1,100000.0,0440,100000.0,1191XX,224900.0,1.0,5
2022HU0104895,07513,100,72,1.0,1,0.0,,9500.0,,224900.0,1.0,5
2022HU0104895,07513,94,79,1.0,1,0.0,,8000.0,,224900.0,1.0,5
2022HU0104895,07513,89,75,1.0,2,0.0,,7400.0,,224900.0,1.0,5
2022HU0105198,07509,106,48,21.0,1,70000.0,2440,70000.0,254031,90000.0,3.0,2
2022HU0105198,07509,132,43,21.0,2,20000.0,5120,20000.0,433031,90000.0,3.0,2
2022HU0105554,07514,60,36,22.0,2,175000.0,2640,175100.0,27102X,605100.0,1.0,2
2022HU0105554,07514,69,46,21.0,1,400000.0,0500,430000.0,131011,605100.0,1.0,2
2022HU0105567,07511,46,60,21.0,1,250000.0,4710,250000.0,411012,268000.0,1.0,2
2022HU0105567,07511,48,72,21.0,1,0.0,,18000.0,,268000.0,1.0,2
2022HU0105769,07509,91,57,21.0,1,0.0,4965,89400.0,419099,89400.0,3.0,1
2022HU0105841,07511,88,54,21.0,1,175000.0,4700,175000.0,411011,175000.0,3.0,1
2022HU0106285,07508,61,29,21.0,2,116000.0,0630,116000.0,131070,116000.0,3.0,1
2022HU0106360,07512,453,44,20.0,2,61000.0,4510,61000.0,395012,61000.0,3.0,1
2022HU0106778,07507,52,69,15.0,2,30000.0,5740,30000.0,436014,73000.0,2.0,3
2022HU0106778,07507,54,66,1.0,1,0.0,7200,10000.0,493023,73000.0,2.0,3
2022HU0106778,07507,42,22,21.0,2,33000.0,3930,33000.0,339030,73000.0,2.0,3
2022HU0107101,07507,70,67,19.0,1,60000.0,3840,94000.0,3330XX,123100.0,2.0,2
2022HU0107101,07507,68,70,19.0,2,0.0,5860,29100.0,439061,123100.0,2.0,2
2022HU0107920,07508,75,70,23.0,2,0.0,2330,20600.0,252050,20600.0,1.0,2
2022HU0107920,07508,95,67,18.0,1,0.0,4540,0.0,397010,20600.0,1.0,2
2022HU0108296,07512,52,94,16.0,2,0.0,,9830.0,,113830.0,2.0,3
2022HU0108296,07512,55,32,14.0,1,8000.0,9620,8000.0,537062,113830.0,2.0,3
2022HU0108296,07512,52,32,21.0,2,96000.0,1760,96000.0,192099,113830.0,2.0,3
2022HU0109052,07511,194,83,8.0,1,0.0,,10800.0,,61900.0,3.0,6
2022HU0109052,07511,181,62,8.0,1,0.0,,7900.0,,61900.0,3.0,6
2022HU0109052,07511,180,60,8.0,1,25000.0,9620,25000.0,537062,61900.0,3.0,6
2022HU0109052,07511,201,48,10.0,1,15000.0,9720,18200.0,537081,61900.0,3.0,6
2022HU0109052,07511,77,20,15.0,1,0.0,,0.0,,61900.0,3.0,6
2022HU0109052,07511,115,18,14.0,1,0.0,,0.0,,61900.0,3.0,6
2022HU0109335,07512,83,87,22.0,1,0.0,,58600.0,,58600.0,3.0,1
2022HU0110530,07512,61,28,22.0,2,10000.0,3150,10350.0,291122,10350.0,3.0,1
2022HU0111769,07513,36,53,21.0,1,30000.0,2440,65000.0,254031,175000.0,1.0,3
2022HU0111769,07513,40,52,22.0,2,110000.0,2320,110000.0,252030,175000.0,1.0,3
2022HU0111769,07513,33,10,7.0,1,,,,,175000.0,1.0,3
2022HU0112534,07508,191,85,16.0,1,0.0,,10700.0,,21400.0,3.0,2
2022HU0112534,07508,171,84,1.0,2,0.0,,10700.0,,21400.0,3.0,2
2022HU0112956,07508,65,71,20.0,2,30000.0,0800,80000.0,132011,170000.0,1.0,2
2022HU0112956,07508,77,64,21.0,2,90000.0,8990,90000.0,5191XX,170000.0,1.0,2
2022HU0113457,07509,132,70,21.0,1,0.0,5000,3600.0,431011,22900.0,3.0,2
2022HU0113457,07509,127,63,21.0,1,15000.0,4760,19300.0,412031,22900.0,3.0,2
2022HU0113996,07509,77,81,11.0,1,0.0,,10000.0,,20000.0,3.0,2
2022HU0113996,07509,70,73,9.0,2,0.0,,10000.0,,20000.0,3.0,2
2022HU0114425,07509,153,31,21.0,1,220000.0,5165,220000.0,4330XX,320000.0,1.0,2
2022HU0114425,07509,90,24,21.0,1,100000.0,5810,100000.0,439021,320000.0,1.0,2
2022HU0114915,07511,63,34,24.0,2,235000.0,2100,240000.0,2310XX,346000.0,1.0,2
2022HU0114915,07511,68,37,22.0,1,106000.0,2710,106000.0,272012,346000.0,1.0,2
2022HU0114916,07511,71,84,22.0,2,0.0,,36600.0,,44000.0,2.0,2
2022HU0114916,07511,55,72,22.0,2,0.0,,7400.0,,44000.0,2.0,2
2022HU0115609,07507,75,77,24.0,2,0.0,,76700.0,,76700.0,2.0,1
2022HU0115671,07512,55,71,21.0,2,79000.0,0705,111200.0,131082,111200.0,1.0,1
2022HU0115796,07513,45,49,24.0,1,305000.0,0010,305000.0,1110XX,320000.0,1.0,2
2022HU0115796,07513,39,47,21.0,2,15000.0,0410,15000.0,119141,320000.0,1.0,2
2022HU0116729,07512,89,34,22.0,1,250000.0,0020,250500.0,111021,450500.0,3.0,2
2022HU0116729,07512,118,31,22.0,2,200000.0,0020,200000.0,111021,450500.0,3.0,2
2022HU0117016,07510,109,33,21.0,1,182000.0,0020,183000.0,111021,183000.0,3.0,1
2022HU0117268,07514,78,72,21.0,1,0.0,,12000.0,,12000.0,2.0,1
2022HU0118076,07514,55,25,21.0,2,120000.0,0800,120000.0,132011,251800.0,3.0,3
2022HU0118076,07514,56,25,21.0,1,90000.0,1021,90000.0,151252,251800.0,3.0,3
2022HU0118076,07514,46,24,21.0,2,44500.0,1760,41800.0,192099,251800.0,3.0,3
2022HU0118397,07511,61,65,21.0,1,687000.0,0440,697000.0,1191XX,697000.0,1.0,1
2022HU0118518,07511,54,56,18.0,1,52000.0,0440,52000.0,1191XX,52000.0,4.0,1
2022HU0118998,07508,92,55,22.0,1,30000.0,9142,42000.0,533054,70000.0,3.0,2
2022HU0118998,07508,39,58,16.0,1,28000.0,4720,28000.0,412010,70000.0,3.0,2
2022HU0119686,07510,105,28,22.0,2,90000.0,2640,90000.0,27102X,150000.0,3.0,2
2022HU0119686,07510,94,32,22.0,2,60000.0,2640,60000.0,27102X,150000.0,3.0,2
2022HU0119838,07509,42,49,23.0,2,687000.0,2100,690500.0,2310XX,690500.0,1.0,1
2022HU0120732,07507,75,50,16.0,1,0.0,2640,3500.0,27102X,6000.0,3.0,5
2022HU0120732,07507,60,46,16.0,2,0.0,4220,0.0,37201X,6000.0,3.0,5
2022HU0120732,07507,41,17,14.0,1,0.0,,0.0,,6000.0,3.0,5
2022HU0120732,07507,49,10,8.0,1,,,,,6000.0,3.0,5
2022HU0120732,07507,81,54,1.0,2,2500.0,9620,2500.0,537062,6000.0,3.0,5
2022HU0121656,07514,353,25,21.0,1,100000.0,0800,100000.0,132011,100000.0,3.0,1
2022HU0121970,07514,61,65,21.0,1,120000.0,4920,120000.0,419020,240000.0,1.0,2
2022HU0121970,07514,60,57,22.0,2,120000.0,4920,120000.0,419020,240000.0,1.0,2
2022HU0122412,07511,178,47,7.0,1,35000.0,4030,35000.0,352021,163000.0,3.0,5
2022HU0122412,07511,146,54,4.0,1,30000.0,7800,30000.0,513011,163000.0,3.0,5
2022HU0122412,07511,145,50,8.0,1,32000.0,7800,32000.0,513011,163000.0,3.0,5
2022HU0122412,07511,189,40,5.0,1,30000.0,4020,30000.0,352010,163000.0,3.0,5
2022HU0122412,07511,185,30,11.0,1,36000.0,4020,36000.0,352010,163000.0,3.0,5
2022HU0122540,07508,186,32,21.0,1,115000.0,4710,115230.0,411012,181730.0,3.0,2
2022HU0122540,07508,96,28,21.0,2,61000.0,5940,66500.0,439XXX,181730.0,3.0,2
2022HU0122684,07514,164,48,18.0,1,78000.0,9645,78000.0,537065,78000.0,2.0,1
2022HU0122773,07512,58,47,17.0,1,0.0,4220,29000.0,37201X,29580.0,3.0,2
2022HU0122773,07512,50,61,21.0,1,0.0,,580.0,,29580.0,3.0,2
2022HU0122793,07508,84,36,22.0,1,32000.0,2205,32000.0,251000,112000.0,3.0,2
2022HU0122793,07508,63,50,22.0,2,80000.0,0440,80000.0,1191XX,112000.0,3.0,2
2022HU0122891,07509,300,30,14.0,2,0.0,8830,50000.0,519151,50000.0,3.0,1
2022HU0122994,07510,72,31,24.0,1,125000.0,1760,125000.0,192099,285000.0,3.0,2
2022HU0122994,07510,69,32,24.0,2,160000.0,1760,160000.0,192099,285000.0,3.0,2
2022HU0123505,07507,75,94,21.0,2,0.0,,23000.0,,98000.0,2.0,4
2022HU0123505,07507,58,20,16.0,2,20000.0,5740,20000.0,436014,98000.0,2.0,4
2022HU0123505,07507,74,59,21.0,1,50000.0,6442,50000.0,472152,98000.0,2.0,4
2022HU0123505,07507,93,52,21.0,2,5000.0,3603,5000.0,311131,98000.0,2.0,4
2022HU0124170,07512,387,36,22.0,1,0.0,,0.0,,0.0,3.0,3
2022HU0124170,07512,264,28,23.0,1,0.0,,0.0,,0.0,3.0,3
2022HU0124170,07512,265,27,23.0,1,0.0,,0.0,,0.0,3.0,3
2022HU0125484,07511,55,57,22.0,1,150000.0,0440,163600.0,1191XX,163600.0,1.0,2
2022HU0125484,07511,48,19,19.0,1,0.0,4622,0.0,399032,163600.0,1.0,2
2022HU0125489,07510,100,50,21.0,2,250000.0,0440,250350.0,1191XX,250350.0,1.0,1
2022HU0126572,07508,46,32,22.0,2,410000.0,1240,410000.0,1520XX,1097000.0,3.0,2
2022HU0126572,07508,63,33,21.0,1,687000.0,1021,687000.0,151252,1097000.0,3.0,2
2022HU0126900,07507,99,58,21.0,1,687000.0,1760,865000.0,192099,865000.0,1.0,2
2022HU0126900,07507,85,67,18.0,2,0.0,,0.0,,865000.0,1.0,2
2022HU0126918,07514,83,35,21.0,1,325000.0,1021,325400.0,151252,525600.0,3.0,2
2022HU0126918,07514,70,32,21.0,2,200000.0,1021,200200.0,151252,525600.0,3.0,2
2022HU0126928,07510,178,45,16.0,1,33100.0,6230,33100.0,472031,33100.0,3.0,4
2022HU0126928,07510,98,48,16.0,2,0.0,,0.0,,33100.0,3.0,4
2022HU0126928,07510,200,16,13.0,1,0.0,,0.0,,33100.0,3.0,4
2022HU0126928,07510,204,14,11.0,1,,,,,33100.0,3.0,4
2022HU0127084,07514,92,60,22.0,2,0.0,0150,0.0,113061,115800.0,3.0,5
2022HU0127084,07514,81,65,19.0,1,0.0,0020,0.0,111021,115800.0,3.0,5
2022HU0127084,07514,87,66,19.0,2,54000.0,5940,61800.0,439XXX,115800.0,3.0,5
2022HU0127084,07514,91,63,21.0,1,7000.0,0800,54000.0,132011,115800.0,3.0,5
2022HU0127084,07514,193,1,,1,,,,,115800.0,3.0,5
2022HU0128344,07508,79,38,22.0,2,158000.0,0136,175000.0,113121,175000.0,3.0,1
2022HU0128397,07508,55,94,14.0,2,0.0,,7400.0,,7400.0,3.0,1
2022HU0128758,07511,73,62,22.0,2,60000.0,0710,61000.0,131111,76000.0,3.0,2
2022HU0128758,07511,73,64,20.0,2,15000.0,3602,15000.0,311122,76000.0,3.0,2
2022HU0128937,07509,47,65,17.0,1,46000.0,4621,46000.0,399031,346000.0,3.0,2
2022HU0128937,07509,48,57,24.0,2,300000.0,0630,300000.0,131070,346000.0,3.0,2
2022HU0129038,07514,106,41,21.0,1,0.0,0220,13000.0,119021,13000.0,3.0,1
2022HU0129431,07514,56,78,1.0,1,0.0,,25600.0,,169600.0,3.0,3
2022HU0129431,07514,49,60,1.0,2,24000.0,3602,24000.0,311122,169600.0,3.0,3
2022HU0129431,07514,48,29,19.0,1,120000.0,3300,120000.0,292010,169600.0,3.0,3
2022HU0131323,07511,243,76,20.0,1,45000.0,0220,45000.0,119021,73600.0,3.0,3
2022HU0131323,07511,196,38,14.0,2,20000.0,4110,20000.0,353031,73600.0,3.0,3
2022HU0131323,07511,146,24,3.0,1,8600.0,7750,8600.0,5120XX,73600.0,3.0,3
2022HU0131813,07509,107,81,1.0,2,0.0,,6000.0,,6000.0,3.0,1
2022HU0131951,07509,66,26,21.0,1,12000.0,1760,12000.0,192099,129000.0,3.0,2
2022HU0131951,07509,66,26,21.0,1,117000.0,1021,117000.0,151252,129000.0,3.0,2
2022HU0132217,07513,90,56,22.0,1,57000.0,4700,57000.0,411011,124000.0,1.0,3
2022HU0132217,07513,86,51,22.0,2,59000.0,2360,67000.0,2530XX,124000.0,1.0,3
2022HU0132217,07513,109,16,12.0,2,0.0,,0.0,,124000.0,1.0,3
2022HU0132298,07511,320,65,8.0,2,25000.0,4950,25000.0,419091,116200.0,3.0,5
2022HU0132298,07511,207,65,5.0,1,30000.0,7810,30000.0,513020,116200.0,3.0,5
2022HU0132298,07511,215,51,1.0,1,30000.0,7810,30000.0,513020,116200.0,3.0,5
2022HU0132298,07511,147,18,16.0,1,0.0,,0.0,,116200.0,3.0,5
2022HU0132298,07511,98,24,9.0,1,31200.0,9645,31200.0,537065,116200.0,3.0,5
2022HU0133497,07514,62,38,21.0,2,150000.0,5140,160000.0,433051,360000.0,2.0,4
2022HU0133497,07514,52,54,21.0,1,200000.0,0440,200000.0,1191XX,360000.0,2.0,4
2022HU0133497,07514,57,8,4.0,1,,,,,360000.0,2.0,4
2022HU0133497,07514,57,6,2.0,1,,,,,360000.0,2.0,4
2022HU0134391,07509,56,45,21.0,2,125000.0,3110,125000.0,291071,125000.0,2.0,2
2022HU0134391,07509,55,15,12.0,1,0.0,,0.0,,125000.0,2.0,2
2022HU0134852,07514,50,77,22.0,1,0.0,,260300.0,,357300.0,1.0,2
2022HU0134852,07514,50,74,22.0,2,0.0,,97000.0,,357300.0,1.0,2
2022HU0136053,07510,65,52,20.0,1,0.0,,15200.0,,15200.0,3.0,1
2022HU0136262,07507,179,34,16.0,2,57000.0,4720,57000.0,412010,153000.0,3.0,5
2022HU0136262,07507,199,38,19.0,1,96000.0,4020,96000.0,352010,153000.0,3.0,5
2022HU0136262,07507,304,9,6.0,2,,,,,153000.0,3.0,5
2022HU0136262,07507,506,5,2.0,1,,,,,153000.0,3.0,5
2022HU0136262,07507,205,53,21.0,2,0.0,,0.0,,153000.0,3.0,5
2022HU0136741,07507,282,51,21.0,1,80000.0,9122,80000.0,533052,122900.0,3.0,6
2022HU0136741,07507,247,40,12.0,2,400.0,7855,400.0,513099,122900.0,3.0,6
2022HU0136741,07507,200,23,12.0,1,0.0,,12500.0,,122900.0,3.0,6
2022HU0136741,07507,224,58,12.0,2,30000.0,2545,30000.0,259040,122900.0,3.0,6
2022HU0136741,07507,239,84,24.0,1,0.0,,0.0,,122900.0,3.0,6
2022HU0136741,07507,235,82,16.0,2,0.0,,0.0,,122900.0,3.0,6
2022HU0137024,07509,106,62,20.0,1,17000.0,4720,24200.0,412010,24200.0,3.0,1
2022HU0137325,07512,61,81,21.0,2,0.0,,12500.0,,12500.0,2.0,1
2022HU0137725,07508,54,84,22.0,2,0.0,,146400.0,,146400.0,2.0,1
2022HU0137790,07507,96,63,8.0,1,75000.0,4030,90000.0,352021,249500.0,1.0,4
2022HU0137790,07507,87,62,8.0,2,75000.0,4230,90000.0,372012,249500.0,1.0,4
2022HU0137790,07507,68,24,21.0,2,65000.0,0150,62300.0,113061,249500.0,1.0,4
2022HU0137790,07507,85,94,1.0,2,0.0,,7200.0,,249500.0,1.0,4
2022HU0137884,07508,101,29,19.0,1,225000.0,1021,230000.0,151252,230000.0,3.0,1
2022HU0138265,07514,93,66,19.0,1,75000.0,0710,130300.0,131111,209900.0,1.0,2
2022HU0138265,07514,97,70,21.0,2,0.0,,79600.0,,209900.0,1.0,2
2022HU0138467,07514,195,41,23.0,2,100000.0,3090,144000.0,291210,144000.0,3.0,1
2022HU0138688,07514,73,73,24.0,2,0.0,1825,91300.0,19303X,153700.0,3.0,2
2022HU0138688,07514,68,78,23.0,1,0.0,3090,62400.0,291210,153700.0,3.0,2
2022HU0138891,07508,50,40,22.0,2,100000.0,5710,100000.0,436011,100000.0,3.0,1
2022HU0139362,07507,66,41,20.0,1,40000.0,7010,40000.0,492011,68000.0,2.0,4
2022HU0139362,07507,64,35,21.0,2,2000.0,3421,2000.0,292052,68000.0,2.0,4
2022HU0139362,07507,61,73,15.0,1,0.0,,13000.0,,68000.0,2.0,4
2022HU0139362,07507,58,71,15.0,2,0.0,,13000.0,,68000.0,2.0,4
2022HU0139563,07513,85,30,24.0,2,148000.0,1800,148000.0,193011,373000.0,1.0,2
2022HU0139563,07513,87,30,21.0,1,175000.0,0010,225000.0,1110XX,373000.0,1.0,2
2022HU0140065,07514,90,46,22.0,1,300000.0,0051,310000.0,112021,375000.0,3.0,2
2022HU0140065,07514,91,35,21.0,2,65000.0,1240,65000.0,1520XX,375000.0,3.0,2
2022HU0140272,07507,50,33,15.0,1,64000.0,7315,64650.0,499021,339650.0,3.0,3
2022HU0140272,07507,53,34,16.0,1,75000.0,4000,75000.0,351011,339650.0,3.0,3
2022HU0140272,07507,48,33,21.0,1,200000.0,1460,200000.0,172141,339650.0,3.0,3
2022HU0140411,07507,60,77,21.0,2,0.0,,40200.0,,87800.0,2.0,2
2022HU0140411,07507,55,76,16.0,1,0.0,,47600.0,,87800.0,2.0,2
2022HU0140659,07513,182,60,21.0,2,265000.0,0735,315000.0,131161,380000.0,1.0,2
2022HU0140659,07513,81,59,22.0,1,36000.0,0710,65000.0,131111,380000.0,1.0,2
2022HU0140661,07507,251,67,16.0,1,0.0,8730,42000.0,519051,102000.0,2.0,5
2022HU0140661,07507,233,74,19.0,2,0.0,,12000.0,,102000.0,2.0,5
2022HU0140661,07507,197,63,16.0,1,0.0,,12000.0,,102000.0,2.0,5
2022HU0140661,07507,184,54,16.0,2,0.0,,12000.0,,102000.0,2.0,5
2022HU0140661,07507,239,88,16.0,2,0.0,,24000.0,,102000.0,2.0,5
2022HU0141286,07508,91,80,21.0,2,0.0,,54000.0,,54000.0,3.0,1
2022HU0141613,07509,58,67,20.0,1,0.0,,14800.0,,14800.0,3.0,1
2022HU0142528,07509,100,55,15.0,1,35000.0,4020,35200.0,352010,149200.0,3.0,3
2022HU0142528,07509,112,51,15.0,2,44000.0,0750,111000.0,131199,149200.0,3.0,3
2022HU0142528,07509,87,19,18.0,1,3000.0,7840,3000.0,513092,149200.0,3.0,3
2022HU0142691,07508,119,41,23.0,2,220000.0,3090,220000.0,291210,907000.0,1.0,5
2022HU0142691,07508,93,42,22.0,1,687000.0,1021,687000.0,151252,907000.0,1.0,5
2022HU0142691,07508,74,8,5.0,1,,,,,907000.0,1.0,5
2022HU0142691,07508,77,6,2.0,2,,,,,907000.0,1.0,5
2022HU0142691,07508,104,2,,1,,,,,907000.0,1.0,5
2022HU0143506,07507,50,35,21.0,1,4200.0,1021,11200.0,151252,74800.0,1.0,3
2022HU0143506,07507,46,65,16.0,1,0.0,8990,60000.0,5191XX,74800.0,1.0,3
2022HU0143506,07507,45,65,16.0,2,0.0,,3600.0,,74800.0,1.0,3
2022HU0144545,07513,86,65,21.0,1,200000.0,0010,256000.0,1110XX,256000.0,3.0,1
2022HU0145391,07511,62,48,21.0,2,100000.0,0750,100000.0,131199,228000.0,1.0,3
2022HU0145391,07511,72,58,20.0,1,120000.0,4000,128000.0,351011,228000.0,1.0,3
2022HU0145391,07511,63,14,10.0,2,,,,,228000.0,1.0,3
2022HU0145433,07513,46,26,21.0,2,0.0,3646,0.0,319094,777000.0,3.0,3
2022HU0145433,07513,53,28,22.0,1,687000.0,1021,687000.0,151252,777000.0,3.0,3
2022HU0145433,07513,72,33,21.0,1,90000.0,1021,90000.0,151252,777000.0,3.0,3
2022HU0145556,07510,79,35,24.0,1,300000.0,0710,310000.0,131111,425000.0,1.0,3
2022HU0145556,07510,71,35,24.0,2,90000.0,0440,115000.0,1191XX,425000.0,1.0,3
2022HU0145556,07510,78,0,,2,,,,,425000.0,1.0,3
2022HU0145810,07507,87,87,1.0,2,0.0,,8400.0,,8400.0,2.0,2
2022HU0145810,07507,86,62,16.0,1,0.0,4140,0.0,359021,8400.0,2.0,2
2022HU0146626,07509,71,67,22.0,1,12000.0,1050,63000.0,151230,63000.0,3.0,1
2022HU0146647,07508,167,47,21.0,1,160000.0,1530,160000.0,1721YY,160000.0,3.0,1
2022HU0146988,07511,27,51,20.0,2,0.0,3255,13000.0,291141,32500.0,4.0,2
2022HU0146988,07511,61,56,19.0,1,15000.0,3750,19500.0,332020,32500.0,4.0,2
2022HU0148755,07512,71,52,24.0,2,64000.0,0440,64000.0,1191XX,119000.0,3.0,2
2022HU0148755,07512,65,57,23.0,2,0.0,0440,55000.0,1191XX,119000.0,3.0,2
2022HU0149449,07514,72,46,22.0,1,687000.0,0850,1152000.0,132052,1452000.0,1.0,4
2022HU0149449,07514,63,44,21.0,2,300000.0,0010,300000.0,1110XX,1452000.0,1.0,4
2022HU0149449,07514,59,8,4.0,1,,,,,1452000.0,1.0,4
2022HU0149449,07514,60,6,2.0,1,,,,,1452000.0,1.0,4
2022HU0149714,07511,62,54,24.0,1,687000.0,0110,692000.0,113021,695900.0,1.0,3
2022HU0149714,07511,62,51,21.0,1,0.0,0440,1900.0,1191XX,695900.0,1.0,3
2022HU0149714,07511,66,54,19.0,1,0.0,1410,2000.0,172070,695900.0,1.0,3
2022HU0149826,07512,136,74,16.0,2,0.0,,35800.0,,95810.0,3.0,8
2022HU0149826,07512,106,48,16.0,2,60000.0,3603,60010.0,311131,95810.0,3.0,8
2022HU0149826,07512,61,21,20.0,1,0.0,8950,0.0,519198,95810.0,3.0,8
2022HU0149826,07512,101,19,16.0,2,0.0,,0.0,,95810.0,3.0,8
2022HU0149826,07512,92,18,15.0,1,0.0,,0.0,,95810.0,3.0,8
2022HU0149826,07512,262,14,12.0,1,,,,,95810.0,3.0,8
2022HU0149826,07512,262,12,9.0,1,,,,,95810.0,3.0,8
2022HU0149826,07512,260,11,8.0,1,,,,,95810.0,3.0,8
2022HU0149877,07509,124,94,13.0,1,0.0,,27600.0,,27600.0,3.0,1
2022HU0150854,07513,68,38,22.0,2,53000.0,0120,53000.0,113031,307000.0,1.0,3
2022HU0150854,07513,53,48,21.0,1,250000.0,1021,254000.0,151252,307000.0,1.0,3
2022HU0150854,07513,64,5,1.0,2,,,,,307000.0,1.0,3
2022HU0151173,07509,225,26,21.0,1,100000.0,0010,100000.0,1110XX,100000.0,3.0,1
2022HU0151942,07510,56,30,22.0,2,83000.0,1021,83000.0,151252,83000.0,3.0,1
2022HU0152176,07511,101,35,24.0,1,687000.0,1021,687000.0,151252,1374000.0,3.0,2
2022HU0152176,07511,93,31,22.0,1,687000.0,0735,687000.0,131161,1374000.0,3.0,2
2022HU0152346,07514,51,61,21.0,2,160000.0,2635,612000.0,271025,612000.0,3.0,1
2022HU0152937,07508,68,76,21.0,2,0.0,,23000.0,,30500.0,4.0,2
2022HU0152937,07508,81,77,22.0,1,0.0,,7500.0,,30500.0,4.0,2
2022HU0153182,07507,53,73,21.0,2,0.0,5420,225900.0,434YYY,225900.0,2.0,1
2022HU0153439,07512,149,81,20.0,1,0.0,,23200.0,,31400.0,2.0,3
2022HU0153439,07512,127,66,15.0,2,0.0,4760,0.0,412031,31400.0,2.0,3
2022HU0153439,07512,117,28,20.0,1,8200.0,2722,8200.0,272022,31400.0,2.0,3
2022HU0154008,07511,74,33,22.0,1,160000.0,0440,160000.0,1191XX,160000.0,2.0,1
2022HU0154013,07507,197,90,1.0,1,0.0,,16900.0,,91600.0,2.0,3
2022HU0154013,07507,172,65,1.0,2,0.0,3602,11700.0,311122,91600.0,2.0,3
2022HU0154013,07507,170,37,21.0,1,63000.0,0150,63000.0,113061,91600.0,2.0,3
2022HU0154247,07509,268,68,1.0,2,0.0,3602,7200.0,311122,7200.0,3.0,1
2022HU0154473,07513,70,37,24.0,1,80000.0,3160,80000.0,291123,180000.0,1.0,4
2022HU0154473,07513,76,37,21.0,2,100000.0,1021,100000.0,151252,180000.0,1.0,4
2022HU0154473,07513,74,5,3.0,2,,,,,180000.0,1.0,4
2022HU0154473,07513,134,1,,2,,,,,180000.0,1.0,4
2022HU0155134,07513,93,20,16.0,1,3200.0,2350,3200.0,253041,3200.0,2.0,1
2022HU0155869,07514,320,31,21.0,2,28300.0,4840,28320.0,413091,153320.0,3.0,2
2022HU0155869,07514,281,30,21.0,1,95000.0,5165,125000.0,4330XX,153320.0,3.0,2
2022HU0156014,07514,118,61,22.0,2,215000.0,5000,215000.0,431011,215000.0,3.0,1
2022HU0156096,07509,36,67,19.0,1,57000.0,2180,57000.0,232099,202000.0,3.0,3
2022HU0156096,07509,37,58,17.0,2,85000.0,0705,85000.0,131082,202000.0,3.0,3
2022HU0156096,07509,30,29,16.0,1,48000.0,6520,60000.0,472211,202000.0,3.0,3
2022HU0156339,07508,85,37,16.0,1,65000.0,7800,65000.0,513011,78000.0,3.0,2
2022HU0156339,07508,101,28,16.0,2,13000.0,8950,13000.0,519198,78000.0,3.0,2
2022HU0156776,07514,82,42,19.0,1,200000.0,1021,200000.0,151252,200000.0,3.0,1
2022HU0157194,07508,118,66,22.0,1,0.0,3258,78000.0,2911XX,111010.0,1.0,2
2022HU0157194,07508,37,63,19.0,1,0.0,6660,33010.0,474011,111010.0,1.0,2
2022HU0157249,07510,50,67,22.0,1,0.0,,148900.0,,463900.0,1.0,2
2022HU0157249,07510,54,43,22.0,1,300000.0,1021,315000.0,151252,463900.0,1.0,2
2022HU0157271,07513,56,41,21.0,1,200000.0,1021,200000.0,151252,200000.0,3.0,3
2022HU0157271,07513,61,41,21.0,2,0.0,,0.0,,200000.0,3.0,3
2022HU0157271,07513,48,6,2.0,1,,,,,200000.0,3.0,3
2022HU0157884,07511,68,71,23.0,2,0.0,,143000.0,,183000.0,2.0,2
2022HU0157884,07511,73,60,21.0,2,40000.0,8255,40000.0,515112,183000.0,2.0,2
2022HU0158981,07513,28,45,22.0,1,150000.0,0052,147300.0,112022,147300.0,3.0,2
2022HU0158981,07513,34,9,6.0,2,,,,,147300.0,3.0,2
2022HU0160431,07507,108,47,1.0,2,1000.0,4521,1000.0,395092,13000.0,3.0,4
2022HU0160431,07507,132,50,1.0,1,6000.0,9142,12000.0,533054,13000.0,3.0,4
2022HU0160431,07507,115,18,18.0,1,0.0,4600,0.0,399011,13000.0,3.0,4
2022HU0160431,07507,153,9,6.0,2,,,,,13000.0,3.0,4
2022HU0160560,07509,53,55,22.0,1,687000.0,0440,687000.0,1191XX,717000.0,1.0,2
2022HU0160560,07509,62,60,22.0,2,0.0,,30000.0,,717000.0,1.0,2
2022HU0160668,07510,86,54,21.0,1,350.0,2710,79150.0,272012,105850.0,1.0,3
2022HU0160668,07510,82,53,19.0,2,1100.0,2910,23600.0,274021,105850.0,1.0,3
2022HU0160668,07510,82,17,13.0,2,3100.0,4150,3100.0,359031,105850.0,1.0,3
2022HU0161130,07513,66,50,21.0,1,240000.0,1530,240000.0,1721YY,340000.0,1.0,4
2022HU0161130,07513,58,45,22.0,2,100000.0,3255,100000.0,291141,340000.0,1.0,4
2022HU0161130,07513,76,5,1.0,2,,,,,340000.0,1.0,4
2022HU0161130,07513,73,0,,2,,,,,340000.0,1.0,4
2022HU0161840,07512,96,70,21.0,2,82000.0,0725,114000.0,131121,114000.0,1.0,1
2022HU0162003,07511,100,60,21.0,2,21000.0,0440,23200.0,1191XX,55900.0,2.0,2
2022HU0162003,07511,92,59,21.0,1,24700.0,4760,32700.0,412031,55900.0,2.0,2
2022HU0162155,07509,72,58,21.0,1,0.0,,37500.0,,37500.0,2.0,1
2022HU0163984,07514,48,31,21.0,2,180000.0,0051,180000.0,112021,360000.0,3.0,2
2022HU0163984,07514,42,31,21.0,1,180000.0,0440,180000.0,1191XX,360000.0,3.0,2
2022HU0164020,07514,71,81,21.0,1,31200.0,4840,57800.0,413091,57800.0,3.0,1
2022HU0164163,07507,253,51,16.0,2,36000.0,4220,36000.0,37201X,81600.0,3.0,3
2022HU0164163,07507,213,52,19.0,1,45600.0,1050,45600.0,151230,81600.0,3.0,3
2022HU0164163,07507,118,17,16.0,1,0.0,4720,0.0,412010,81600.0,3.0,3
2022HU0164544,07511,185,50,21.0,2,240000.0,3324,240000.0,292035,240000.0,3.0,2
2022HU0164544,07511,125,10,8.0,1,,,,,240000.0,3.0,2
2022HU0164626,07508,66,64,24.0,1,0.0,2100,10700.0,2310XX,37800.0,3.0,2
2022HU0164626,07508,71,65,21.0,2,0.0,,27100.0,,37800.0,3.0,2
2022HU0164795,07511,59,43,21.0,1,80000.0,2850,83000.0,273043,187000.0,3.0,2
2022HU0164795,07511,58,36,23.0,2,104000.0,3250,104000.0,291131,187000.0,3.0,2
2022HU0164847,07514,119,80,21.0,2,0.0,,130900.0,,130900.0,3.0,1
2022HU0165438,07511,35,67,21.0,1,0.0,2205,59800.0,251000,137200.0,1.0,3
2022HU0165438,07511,34,70,23.0,2,37200.0,4720,57000.0,412010,137200.0,1.0,3
2022HU0165438,07511,150,29,16.0,1,20400.0,4040,20400.0,353011,137200.0,1.0,3
2022HU0165674,07510,156,80,24.0,2,0.0,,123800.0,,176800.0,2.0,3
2022HU0165674,07510,127,45,20.0,1,47000.0,7810,47000.0,513020,176800.0,2.0,3
2022HU0165674,07510,137,24,21.0,2,6000.0,1555,6000.0,17302X,176800.0,2.0,3
2022HU0165837,07511,73,36,23.0,1,85000.0,3090,85000.0,291210,170000.0,1.0,2
2022HU0165837,07511,75,35,23.0,2,85000.0,3090,85000.0,291210,170000.0,1.0,2
2022HU0166189,07507,36,39,18.0,2,20000.0,2545,20000.0,259040,20000.0,3.0,3
2022HU0166189,07507,65,13,9.0,2,,,,,20000.0,3.0,3
2022HU0166189,07507,110,12,9.0,1,,,,,20000.0,3.0,3
2022HU0166591,07511,58,32,21.0,1,9100.0,2920,159100.0,274030,159100.0,1.0,1
2022HU0167751,07513,109,65,21.0,1,12000.0,0710,30000.0,131111,74000.0,2.0,2
2022HU0167751,07513,98,63,22.0,2,0.0,0540,44000.0,131030,74000.0,2.0,2
2022HU0167828,07513,59,28,16.0,1,49700.0,0630,49700.0,131070,49700.0,3.0,4
2022HU0167828,07513,67,37,10.0,2,0.0,4230,0.0,372012,49700.0,3.0,4
2022HU0167828,07513,65,8,5.0,2,,,,,49700.0,3.0,4
2022HU0167828,07513,64,7,4.0,2,,,,,49700.0,3.0,4
2022HU0168467,07512,99,69,21.0,2,0.0,,10.0,,230010.0,2.0,2
2022HU0168467,07512,115,67,24.0,1,230000.0,1065,230000.0,15124X,230010.0,2.0,2
2022HU0168660,07509,67,71,19.0,1,0.0,,45600.0,,45600.0,3.0,1
2022HU0169413,07508,281,47,21.0,2,170000.0,0010,170000.0,1110XX,320000.0,3.0,2
2022HU0169413,07508,422,54,21.0,1,150000.0,0850,150000.0,132052,320000.0,3.0,2
2022HU0170209,07507,52,88,1.0,1,0.0,,72500.0,,141100.0,1.0,11
2022HU0170209,07507,46,60,1.0,2,0.0,,0.0,,141100.0,1.0,11
2022HU0170209,07507,63,43,14.0,1,0.0,2060,23200.0,212099,141100.0,1.0,11
2022HU0170209,07507,56,38,16.0,2,0.0,,0.0,,141100.0,1.0,11
2022HU0170209,07507,26,20,16.0,2,20400.0,4020,20400.0,352010,141100.0,1.0,11
2022HU0170209,07507,35,18,16.0,1,0.0,,0.0,,141100.0,1.0,11
2022HU0170209,07507,143,15,13.0,1,0.0,,0.0,,141100.0,1.0,11
2022HU0170209,07507,173,14,11.0,1,,,,,141100.0,1.0,11
2022HU0170209,07507,102,9,8.0,2,,,,,141100.0,1.0,11
2022HU0170209,07507,64,45,14.0,1,25000.0,4110,25000.0,353031,141100.0,1.0,11
2022HU0170209,07507,56,40,16.0,2,0.0,,0.0,,141100.0,1.0,11
2022HU0170898,07512,55,75,21.0,1,100000.0,0410,225400.0,119141,225400.0,2.0,2
2022HU0170898,07512,64,69,16.0,2,0.0,,0.0,,225400.0,2.0,2
2022HU0170989,07508,161,89,19.0,2,0.0,,12000.0,,12000.0,3.0,1
2022HU0171098,07507,77,61,16.0,1,80000.0,0220,103600.0,119021,144900.0,1.0,4
2022HU0171098,07507,71,56,21.0,2,29000.0,3602,29000.0,311122,144900.0,1.0,4
2022HU0171098,07507,72,86,16.0,1,0.0,,6800.0,,144900.0,1.0,4
2022HU0171098,07507,71,83,16.0,2,0.0,,5500.0,,144900.0,1.0,4
2022HU0171836,07512,106,27,21.0,2,118000.0,2825,118000.0,273031,238000.0,3.0,2
2022HU0171836,07512,89,29,21.0,2,120000.0,0060,120000.0,112030,238000.0,3.0,2
2022HU0172482,07514,126,42,23.0,1,0.0,2100,103000.0,2310XX,103000.0,1.0,1
2022HU0172688,07509,234,69,19.0,1,0.0,4965,19200.0,419099,19200.0,3.0,1
2022HU0172812,07508,57,24,21.0,1,66000.0,1006,66000.0,151211,205000.0,3.0,2
2022HU0172812,07508,98,30,21.0,1,110000.0,4710,139000.0,411012,205000.0,3.0,2
2022HU0172848,07514,118,26,18.0,1,85000.0,1021,85040.0,151252,210540.0,3.0,3
2022HU0172848,07514,92,21,21.0,2,18400.0,3300,35500.0,292010,210540.0,3.0,3
2022HU0172848,07514,110,26,21.0,1,90000.0,1021,90000.0,151252,210540.0,3.0,3
2022HU0172899,07511,220,39,21.0,2,150000.0,1006,150000.0,151211,150000.0,1.0,1
2022HU0173504,07508,106,58,21.0,2,100000.0,3050,100000.0,291051,275000.0,1.0,3
2022HU0173504,07508,110,58,21.0,1,175000.0,0051,175000.0,112021,275000.0,1.0,3
2022HU0173504,07508,57,16,13.0,1,0.0,,0.0,,275000.0,1.0,3
2022HU0173837,07507,140,50,21.0,1,0.0,1021,50000.0,151252,50000.0,3.0,1
2022HU0174329,07511,49,27,21.0,2,180000.0,0440,180000.0,1191XX,320000.0,3.0,2
2022HU0174329,07511,66,28,21.0,1,140000.0,1410,140000.0,172070,320000.0,3.0,2
2022HU0174917,07514,62,52,22.0,2,160000.0,0010,174900.0,1110XX,174900.0,3.0,2
2022HU0174917,07514,76,13,11.0,2,,,,,174900.0,3.0,2
2022HU0175704,07510,188,40,22.0,2,80000.0,0101,80000.0,113012,80000.0,3.0,2
2022HU0175704,07510,168,15,13.0,2,0.0,,0.0,,80000.0,3.0,2
2022HU0176167,07508,115,33,21.0,2,230000.0,0136,230000.0,113121,355000.0,3.0,2
2022HU0176167,07508,135,33,22.0,1,125000.0,1021,125000.0,151252,355000.0,3.0,2
2022HU0176705,07512,83,39,23.0,1,380000.0,2100,380000.0,2310XX,380000.0,3.0,3
2022HU0176705,07512,85,38,22.0,2,0.0,0630,0.0,131070,380000.0,3.0,3
2022HU0176705,07512,87,0,,1,,,,,380000.0,3.0,3
2022HU0177050,07514,73,30,21.0,1,687000.0,1530,687000.0,1721YY,687000.0,3.0,1
2022HU0177234,07510,34,65,21.0,2,0.0,,104100.0,,104100.0,2.0,1
2022HU0178670,07508,35,57,22.0,2,25000.0,0705,25000.0,131082,225000.0,1.0,2
2022HU0178670,07508,37,58,22.0,1,200000.0,0010,200000.0,1110XX,225000.0,1.0,2
2022HU0178875,07507,58,64,19.0,1,37400.0,5000,38050.0,431011,38050.0,3.0,1
2022HU0178907,07513,32,63,19.0,2,0.0,4350,14100.0,392021,32600.0,1.0,2
2022HU0178907,07513,39,72,22.0,2,0.0,,18500.0,,32600.0,1.0,2
2022HU0179306,07507,30,72,19.0,1,0.0,,30100.0,,184780.0,2.0,3
2022HU0179306,07507,28,71,19.0,2,0.0,,69120.0,,184780.0,2.0,3
2022HU0179306,07507,30,30,21.0,2,84000.0,0800,85560.0,132011,184780.0,2.0,3
2022HU0181092,07511,67,36,21.0,1,213000.0,0110,354000.0,113021,491000.0,1.0,3
2022HU0181092,07511,57,34,21.0,2,137000.0,2710,137000.0,272012,491000.0,1.0,3
2022HU0181092,07511,77,1,,2,,,,,491000.0,1.0,3
2022HU0181894,07512,71,57,21.0,2,40000.0,0705,40000.0,131082,180000.0,2.0,2
2022HU0181894,07512,105,59,24.0,1,140000.0,2205,140000.0,251000,180000.0,2.0,2
2022HU0181977,07511,68,38,22.0,2,73000.0,1650,73000.0,1910XX,800000.0,1.0,4
2022HU0181977,07511,69,40,21.0,1,687000.0,1021,727000.0,151252,800000.0,1.0,4
2022HU0181977,07511,53,7,4.0,1,,,,,800000.0,1.0,4
2022HU0181977,07511,102,4,1.0,1,,,,,800000.0,1.0,4
2022HU0182843,07510,132,71,8.0,1,60000.0,4120,81200.0,353041,117300.0,3.0,3
2022HU0182843,07510,148,59,16.0,2,0.0,,0.0,,117300.0,3.0,3
2022HU0182843,07510,89,28,21.0,2,36100.0,4720,36100.0,412010,117300.0,3.0,3
2022HU0183433,07508,81,47,21.0,2,147000.0,3255,147000.0,291141,147000.0,3.0,1
2022HU0183545,07511,51,30,21.0,1,100000.0,0710,100000.0,131111,230000.0,3.0,2
2022HU0183545,07511,52,32,21.0,1,130000.0,3255,130000.0,291141,230000.0,3.0,2
2022HU0184124,07512,76,69,21.0,1,150000.0,0440,636600.0,1191XX,1169600.0,1.0,2
2022HU0184124,07512,83,63,21.0,2,18000.0,3255,533000.0,291141,1169600.0,1.0,2
2022HU0184305,07510,88,34,21.0,1,98000.0,1305,98000.0,171011,98500.0,3.0,2
2022HU0184305,07510,42,24,20.0,2,500.0,4760,500.0,412031,98500.0,3.0,2
2022HU0186108,07511,67,31,21.0,1,215000.0,0120,215000.0,113031,375000.0,1.0,2
2022HU0186108,07511,62,32,21.0,2,160000.0,5710,160000.0,436011,375000.0,1.0,2
2022HU0186304,07509,86,55,21.0,1,12000.0,5740,12000.0,436014,21000.0,3.0,2
2022HU0186304,07509,94,90,5.0,2,0.0,,9000.0,,21000.0,3.0,2
2022HU0186337,07514,53,55,21.0,2,160000.0,1305,160000.0,171011,160000.0,1.0,1
2022HU0187188,07512,152,79,20.0,1,95000.0,3870,126100.0,333050,126100.0,2.0,1
2022HU0187295,07510,289,83,22.0,1,0.0,,116800.0,,116800.0,1.0,1
2022HU0187337,07513,94,58,23.0,2,250000.0,2100,250000.0,2310XX,330000.0,2.0,2
2022HU0187337,07513,95,55,21.0,1,80000.0,0010,80000.0,1110XX,330000.0,2.0,2
2022HU0188588,07512,65,78,21.0,2,0.0,,114200.0,,114200.0,3.0,1
2022HU0188877,07508,124,31,22.0,2,0.0,4621,72000.0,399031,192000.0,3.0,2
2022HU0188877,07508,143,38,21.0,1,120000.0,6200,120000.0,471011,192000.0,3.0,2
2022HU0189044,07511,57,33,21.0,1,687000.0,1021,832000.0,151252,1524000.0,3.0,2
2022HU0189044,07511,62,39,23.0,1,687000.0,0020,692000.0,111021,1524000.0,3.0,2
2022HU0189352,07514,61,24,21.0,1,117000.0,4840,117000.0,413091,207000.0,3.0,4
2022HU0189352,07514,61,25,21.0,1,90000.0,1021,90000.0,151252,207000.0,3.0,4
2022HU0189352,07514,57,22,21.0,1,0.0,,0.0,,207000.0,3.0,4
2022HU0189352,07514,55,22,21.0,1,0.0,,0.0,,207000.0,3.0,4
2022HU0189564,07510,110,71,21.0,1,80000.0,0930,102300.0,132081,102300.0,3.0,1
2022HU0189618,07512,104,37,21.0,1,160000.0,0051,160000.0,112021,170300.0,3.0,2
2022HU0189618,07512,111,36,22.0,2,10300.0,5860,10300.0,439061,170300.0,3.0,2
2022HU0189953,07514,65,72,22.0,2,0.0,1745,65500.0,192041,65500.0,2.0,1
2022HU0190092,07511,63,54,21.0,1,118000.0,4920,193000.0,419020,265000.0,3.0,2
2022HU0190092,07511,50,51,22.0,1,72000.0,0102,72000.0,113013,265000.0,3.0,2
2022HU0190110,07511,55,25,21.0,2,54000.0,2300,54000.0,252010,79200.0,3.0,2
2022HU0190110,07511,50,26,21.0,2,25200.0,8830,25200.0,519151,79200.0,3.0,2
2022HU0190235,07512,100,39,24.0,1,210000.0,1021,210000.0,151252,255000.0,3.0,2
2022HU0190235,07512,88,43,20.0,2,45000.0,5000,45000.0,431011,255000.0,3.0,2
2022HU0190386,07509,51,81,24.0,1,0.0,,47200.0,,47200.0,2.0,1
2022HU0190674,07507,49,60,19.0,2,60000.0,5540,60000.0,435051,128000.0,4.0,2
2022HU0190674,07507,53,57,16.0,1,68000.0,5540,68000.0,435051,128000.0,4.0,2
2022HU0190750,07514,70,29,21.0,2,62000.0,2310,62000.0,252020,62000.0,3.0,1
2022HU0191281,07507,179,77,20.0,2,0.0,2850,210.0,273043,210.0,2.0,1
2022HU0191739,07511,72,37,23.0,2,300000.0,3090,300000.0,291210,300000.0,3.0,1
2022HU0192108,07513,57,49,16.0,2,60000.0,4521,60000.0,395092,113000.0,1.0,5
2022HU0192108,07513,61,64,16.0,1,20000.0,4020,20000.0,352010,113000.0,1.0,5
2022HU0192108,07513,52,17,13.0,1,2000.0,2016,2000.0,211093,113000.0,1.0,5
2022HU0192108,07513,58,75,8.0,1,0.0,,6600.0,,113000.0,1.0,5
2022HU0192108,07513,58,74,9.0,2,0.0,,24400.0,,113000.0,1.0,5
2022HU0193520,07511,123,37,24.0,2,180000.0,1108,180000.0,151299,180000.0,3.0,1
2022HU0193940,07514,87,40,22.0,1,160000.0,0410,161500.0,119141,312500.0,3.0,2
2022HU0193940,07514,77,41,21.0,2,151000.0,5710,151000.0,436011,312500.0,3.0,2
2022HU0194595,07511,66,53,11.0,2,40000.0,4230,40000.0,372012,40000.0,3.0,2
2022HU0194595,07511,45,13,10.0,1,,,,,40000.0,3.0,2
2022HU0194923,07512,66,53,24.0,1,114000.0,1760,114000.0,192099,384000.0,1.0,4
2022HU0194923,07512,72,54,21.0,2,180000.0,0230,180000.0,119030,384000.0,1.0,4
2022HU0194923,07512,58,27,21.0,1,90000.0,1021,90000.0,151252,384000.0,1.0,4
2022HU0194923,07512,62,16,14.0,2,0.0,,0.0,,384000.0,1.0,4
2022HU0196320,07512,72,85,20.0,1,0.0,,33400.0,,129200.0,2.0,3
2022HU0196320,07512,61,80,16.0,2,0.0,,26800.0,,129200.0,2.0,3
2022HU0196320,07512,53,48,23.0,2,69000.0,2310,69000.0,252020,129200.0,2.0,3
2022HU0197134,07509,165,61,22.0,1,0.0,1530,-2690.0,1721YY,9910.0,2.0,2
2022HU0197134,07509,172,58,21.0,2,0.0,,12600.0,,9910.0,2.0,2
2022HU0197839,07514,87,27,22.0,1,200000.0,0440,200000.0,1191XX,450000.0,3.0,2
2022HU0197839,07514,71,26,21.0,2,250000.0,4840,250000.0,413091,450000.0,3.0,2
2022HU0198365,07511,108,47,23.0,2,0.0,,24000.0,,24000.0,1.0,4
2022HU0198365,07511,99,14,11.0,2,,,,,24000.0,1.0,4
2022HU0198365,07511,86,13,9.0,1,,,,,24000.0,1.0,4
2022HU0198365,07511,99,8,6.0,2,,,,,24000.0,1.0,4
2022HU0198677,07514,151,30,22.0,2,170000.0,1021,170000.0,151252,295000.0,3.0,2
2022HU0198677,07514,133,30,22.0,1,125000.0,1021,125000.0,151252,295000.0,3.0,2
2022HU0198953,07510,114,27,21.0,1,140000.0,1021,180000.0,151252,180000.0,1.0,1
2022HU0199514,07514,200,44,22.0,1,85000.0,0725,85100.0,131121,175100.0,3.0,2
2022HU0199514,07514,190,43,21.0,2,90000.0,0705,90000.0,131082,175100.0,3.0,2
2022HU0199982,07512,62,47,22.0,1,80000.0,2205,80000.0,251000,348000.0,1.0,4
2022HU0199982,07512,63,43,23.0,2,218000.0,0350,268000.0,119111,348000.0,1.0,4
2022HU0199982,07512,54,14,12.0,2,,,,,348000.0,1.0,4
2022HU0199982,07512,53,12,9.0,2,,,,,348000.0,1.0,4
2022HU0200580,07511,96,40,21.0,1,125000.0,0440,125000.0,1191XX,812000.0,1.0,3
2022HU0200580,07511,107,36,21.0,2,687000.0,0060,687000.0,112030,812000.0,1.0,3
2022HU0200580,07511,72,6,3.0,1,,,,,812000.0,1.0,3
2022HU0200770,07513,250,52,22.0,1,100000.0,0830,150000.0,132041,450930.0,1.0,3
2022HU0200770,07513,246,55,21.0,2,300000.0,0440,300000.0,1191XX,450930.0,1.0,3
2022HU0200770,07513,259,18,14.0,1,930.0,5510,930.0,435021,450930.0,1.0,3
2022HU0200832,07511,57,33,23.0,1,180000.0,3090,180100.0,291210,180100.0,3.0,1
2022HU0201224,07511,53,54,22.0,2,30000.0,4621,30000.0,399031,717000.0,1.0,4
2022HU0201224,07511,78,54,22.0,1,687000.0,1530,687000.0,1721YY,717000.0,1.0,4
2022HU0201224,07511,58,17,14.0,1,0.0,4251,0.0,373011,717000.0,1.0,4
2022HU0201224,07511,67,15,12.0,2,0.0,,0.0,,717000.0,1.0,4
2022HU0201305,07507,51,55,21.0,1,64000.0,0850,68000.0,132052,68000.0,2.0,1
2022HU0202170,07508,108,60,19.0,1,26000.0,5240,34400.0,434051,50000.0,2.0,2
2022HU0202170,07508,115,69,21.0,2,0.0,5000,15600.0,431011,50000.0,2.0,2
2022HU0202306,07513,73,69,22.0,1,0.0,0565,55000.0,131041,55000.0,1.0,2
2022HU0202306,07513,65,64,21.0,2,0.0,,0.0,,55000.0,1.0,2
2022HU0202621,07507,68,59,21.0,2,101000.0,0650,101000.0,131151,102000.0,2.0,2
2022HU0202621,07507,82,36,16.0,1,0.0,6410,1000.0,472140,102000.0,2.0,2
2022HU0203301,07510,92,22,21.0,1,0.0,,0.0,,327000.0,3.0,5
2022HU0203301,07510,126,35,18.0,1,47000.0,0930,47000.0,132081,327000.0,3.0,5
2022HU0203301,07510,101,27,21.0,2,230000.0,3258,230000.0,2911XX,327000.0,3.0,5
2022HU0203301,07510,83,24,21.0,1,50000.0,1650,50000.0,1910XX,327000.0,3.0,5
2022HU0203301,07510,120,22,19.0,1,0.0,,0.0,,327000.0,3.0,5
2022HU0203639,07511,76,50,21.0,1,140000.0,1760,170000.0,192099,370000.0,1.0,4
2022HU0203639,07511,57,46,23.0,2,200000.0,0800,200000.0,132011,370000.0,1.0,4
2022HU0203639,07511,50,12,9.0,1,,,,,370000.0,1.0,4
2022HU0203639,07511,57,8,5.0,2,,,,,370000.0,1.0,4
2022HU0203694,07507,64,51,15.0,1,80000.0,4220,80000.0,37201X,134800.0,2.0,3
2022HU0203694,07507,43,56,15.0,2,38000.0,4220,38000.0,37201X,134800.0,2.0,3
2022HU0203694,07507,47,29,20.0,1,16800.0,4055,16800.0,353023,134800.0,2.0,3
2022HU0203935,07512,179,35,19.0,1,0.0,0310,35000.0,119051,56000.0,1.0,4
2022HU0203935,07512,191,29,21.0,2,0.0,0310,21000.0,119051,56000.0,1.0,4
2022HU0203935,07512,210,4,1.0,1,,,,,56000.0,1.0,4
2022HU0203935,07512,211,0,,1,,,,,56000.0,1.0,4
2022HU0204190,07511,55,73,21.0,1,0.0,,91500.0,,91500.0,1.0,1
2022HU0204660,07513,154,58,22.0,2,104000.0,3160,104000.0,291123,104000.0,1.0,1
2022HU0204848,07512,53,35,21.0,2,0.0,3630,11000.0,319011,23000.0,3.0,3
2022HU0204848,07512,72,46,22.0,1,12000.0,4621,12000.0,399031,23000.0,3.0,3
2022HU0204848,07512,118,3,1.0,2,,,,,23000.0,3.0,3
2022HU0204963,07507,70,63,16.0,2,0.0,,1000.0,,1000.0,2.0,1
2022HU0205332,07509,100,94,3.0,2,0.0,9620,7900.0,537062,9670.0,3.0,2
2022HU0205332,07509,86,63,19.0,1,1700.0,3601,1770.0,311121,9670.0,3.0,2
2022HU0205376,07513,34,61,16.0,2,30000.0,4720,30000.0,412010,95000.0,1.0,3
2022HU0205376,07513,36,64,16.0,1,0.0,4220,0.0,37201X,95000.0,1.0,3
2022HU0205376,07513,34,30,24.0,2,65000.0,1006,65000.0,151211,95000.0,1.0,3
2022HU0205654,07508,59,59,22.0,2,0.0,4760,60000.0,412031,60000.0,3.0,1
2022HU0206179,07511,58,33,21.0,1,100000.0,2861,106000.0,273091,146000.0,3.0,2
2022HU0206179,07511,57,31,21.0,2,40000.0,2014,40000.0,211029,146000.0,3.0,2
2022HU0206234,07511,52,29,21.0,2,160000.0,0052,160000.0,112022,218000.0,3.0,2
2022HU0206234,07511,98,30,16.0,1,58000.0,0726,58000.0,131131,218000.0,3.0,2
2022HU0206812,07511,56,34,21.0,2,687000.0,2840,687000.0,273042,702000.0,1.0,2
2022HU0206812,07511,54,31,23.0,2,15000.0,3090,15000.0,291210,702000.0,1.0,2
2022HU0207834,07513,146,44,21.0,1,25000.0,2810,25000.0,273023,56600.0,2.0,5
2022HU0207834,07513,157,44,21.0,2,30000.0,0735,30000.0,131161,56600.0,2.0,5
2022HU0207834,07513,184,17,14.0,2,1600.0,4720,1600.0,412010,56600.0,2.0,5
2022HU0207834,07513,124,12,10.0,1,,,,,56600.0,2.0,5
2022HU0207834,07513,136,17,14.0,1,0.0,,0.0,,56600.0,2.0,5
2022HU0207836,07511,65,44,21.0,1,60000.0,4150,60100.0,359031,60100.0,3.0,1
2022HU0208222,07512,73,71,21.0,1,0.0,,41300.0,,96300.0,1.0,2
2022HU0208222,07512,67,65,16.0,2,40000.0,0140,55000.0,113051,96300.0,1.0,2
2022HU0209873,07511,60,60,24.0,2,300000.0,1825,300000.0,19303X,300000.0,1.0,2
2022HU0209873,07511,29,24,21.0,1,0.0,4130,0.0,359011,300000.0,1.0,2
2022HU0210270,07509,91,49,19.0,1,62000.0,5740,62000.0,436014,62000.0,3.0,1
2022HU0210280,07508,73,68,20.0,2,0.0,,35000.0,,35000.0,2.0,1
2022HU0211014,07511,181,66,21.0,2,50000.0,0440,50000.0,1191XX,50000.0,2.0,1
2022HU0211016,07510,106,31,21.0,1,75000.0,2634,79300.0,271024,79300.0,3.0,2
2022HU0211016,07510,73,27,16.0,1,0.0,,0.0,,79300.0,3.0,2
2022HU0211053,07509,71,27,21.0,2,40000.0,0310,40000.0,119051,40000.0,3.0,1
2022HU0212001,07510,258,24,21.0,1,75000.0,0710,75500.0,131111,75500.0,3.0,1
2022HU0212245,07509,127,60,11.0,1,0.0,,0.0,,0.0,4.0,1
2022HU0212643,07511,89,74,22.0,2,0.0,0230,90800.0,119030,140600.0,3.0,2
2022HU0212643,07511,102,78,21.0,1,0.0,,49800.0,,140600.0,3.0,2
2022HU0212840,07512,102,37,22.0,2,0.0,2850,500.0,273043,225500.0,4.0,3
2022HU0212840,07512,109,38,21.0,1,225000.0,5000,225000.0,431011,225500.0,4.0,3
2022HU0212840,07512,107,4,2.0,1,,,,,225500.0,4.0,3
2022HU0213168,07510,56,79,22.0,1,3000.0,2752,86800.0,272042,86800.0,1.0,1
2022HU0213353,07510,196,44,19.0,1,79000.0,0440,105400.0,1191XX,111600.0,4.0,2
2022HU0213353,07510,117,39,19.0,2,0.0,4600,6200.0,399011,111600.0,4.0,2
2022HU0213485,07514,54,34,24.0,2,70000.0,3090,70000.0,291210,330000.0,3.0,2
2022HU0213485,07514,45,32,22.0,1,260000.0,0710,260000.0,131111,330000.0,3.0,2
2022HU0213832,07509,100,38,24.0,1,80000.0,0010,80200.0,1110XX,80200.0,3.0,3
2022HU0213832,07509,117,31,21.0,2,0.0,,0.0,,80200.0,3.0,3
2022HU0213832,07509,95,0,,1,,,,,80200.0,3.0,3
2022HU0214310,07514,80,34,21.0,2,149000.0,0710,149000.0,131111,149000.0,3.0,1
2022HU0214446,07509,95,57,16.0,1,24000.0,3930,24000.0,339030,24000.0,3.0,1
2022HU0215414,07514,57,54,22.0,1,0.0,0850,445000.0,132052,460000.0,1.0,2
2022HU0215414,07514,54,57,21.0,2,0.0,0710,15000.0,131111,460000.0,1.0,2
2022HU0215486,07510,111,57,22.0,1,38000.0,2205,63000.0,251000,108000.0,3.0,2
2022HU0215486,07510,113,60,21.0,1,0.0,2600,45000.0,271010,108000.0,3.0,2
2022HU0215573,07511,151,54,13.0,2,0.0,,12700.0,,12700.0,3.0,1
2022HU0215727,07511,92,64,21.0,1,0.0,,100000.0,,100000.0,2.0,1
2022HU0215778,07512,48,49,22.0,2,180000.0,0710,180000.0,131111,180000.0,3.0,1
2022HU0215965,07510,61,32,22.0,1,190000.0,1007,190000.0,151212,390000.0,3.0,2
2022HU0215965,07510,58,31,21.0,2,200000.0,1007,200000.0,151212,390000.0,3.0,2
2022HU0216371,07511,143,64,22.0,2,280000.0,0110,280000.0,113021,280000.0,1.0,1
2022HU0216773,07509,45,24,21.0,1,160000.0,1021,160000.0,151252,160000.0,3.0,1
2022HU0216798,07513,75,55,24.0,1,350000.0,1760,354000.0,192099,480550.0,3.0,4
2022HU0216798,07513,58,49,24.0,2,45000.0,2830,126550.0,273041,480550.0,3.0,4
2022HU0216798,07513,70,17,14.0,1,0.0,,0.0,,480550.0,3.0,4
2022HU0216798,07513,76,14,10.0,2,,,,,480550.0,3.0,4
2022HU0217037,07509,143,84,15.0,1,0.0,,14110.0,,14110.0,3.0,1
2022HU0217989,07509,110,69,21.0,1,180000.0,0850,180000.0,132052,180000.0,3.0,1
2022HU0218055,07509,63,71,21.0,1,0.0,0010,74300.0,1110XX,74300.0,1.0,1
2022HU0218296,07512,62,48,21.0,1,91000.0,0010,152700.0,1110XX,266100.0,1.0,5
2022HU0218296,07512,59,44,22.0,2,103000.0,2310,103000.0,252020,266100.0,1.0,5
2022HU0218296,07512,58,7,4.0,1,,,,,266100.0,1.0,5
2022HU0218296,07512,63,4,1.0,1,,,,,266100.0,1.0,5
2022HU0218296,07512,78,23,21.0,2,10400.0,4600,10400.0,399011,266100.0,1.0,5
2022HU0218336,07510,82,29,21.0,1,350000.0,1021,350000.0,151252,570000.0,3.0,2
2022HU0218336,07510,86,28,22.0,2,220000.0,0845,220000.0,132051,570000.0,3.0,2
2022HU0218686,07511,54,31,21.0,2,18000.0,2850,36000.0,273043,221000.0,3.0,2
2022HU0218686,07511,59,38,22.0,1,185000.0,1021,185000.0,151252,221000.0,3.0,2
2022HU0218775,07509,272,50,18.0,1,38000.0,4760,38000.0,412031,38000.0,3.0,1
2022HU0219135,07510,292,42,22.0,1,0.0,2600,44000.0,271010,44000.0,3.0,1
2022HU0219631,07507,123,40,14.0,2,0.0,,6200.0,,6800.0,3.0,2
2022HU0219631,07507,164,50,15.0,1,0.0,6441,600.0,472151,6800.0,3.0,2
2022HU0219838,07512,59,68,16.0,1,0.0,9620,960.0,537062,34160.0,1.0,4
2022HU0219838,07512,52,68,16.0,2,0.0,4760,13200.0,412031,34160.0,1.0,4
2022HU0219838,07512,44,39,15.0,1,20000.0,7750,20000.0,5120XX,34160.0,1.0,4
2022HU0219838,07512,44,35,15.0,1,0.0,,0.0,,34160.0,1.0,4
2022HU0220689,07508,116,27,22.0,1,160000.0,0705,160000.0,131082,201600.0,1.0,2
2022HU0220689,07508,133,28,21.0,2,41600.0,3401,41600.0,292042,201600.0,1.0,2
2022HU0221177,07514,57,60,20.0,1,0.0,2320,37770.0,252030,51670.0,3.0,2
2022HU0221177,07514,67,34,21.0,2,13900.0,4720,13900.0,412010,51670.0,3.0,2
2022HU0221719,07509,229,87,12.0,2,0.0,,13200.0,,13200.0,3.0,1
2022HU0221765,07512,87,30,24.0,1,42000.0,1650,42000.0,1910XX,179000.0,3.0,3
2022HU0221765,07512,152,29,21.0,1,42000.0,1760,42000.0,192099,179000.0,3.0,3
2022HU0221765,07512,98,25,21.0,2,95000.0,0051,95000.0,112021,179000.0,3.0,3
2022HU0223622,07511,89,58,21.0,2,80000.0,2850,105000.0,273043,360000.0,1.0,2
2022HU0223622,07511,81,59,21.0,1,230000.0,0530,255000.0,131023,360000.0,1.0,2
2022HU0224035,07512,82,66,18.0,1,62000.0,6410,62000.0,472140,112000.0,3.0,2
2022HU0224035,07512,76,62,18.0,2,50000.0,8255,50000.0,515112,112000.0,3.0,2
2022HU0224762,07514,43,24,21.0,1,76000.0,0120,76000.0,113031,76000.0,1.0,1
2022HU0224788,07507,60,37,20.0,2,0.0,,0.0,,85600.0,3.0,5
2022HU0224788,07507,59,37,20.0,1,64000.0,6230,74800.0,472031,85600.0,3.0,5
2022HU0224788,07507,45,8,6.0,1,,,,,85600.0,3.0,5
2022HU0224788,07507,57,3,1.0,1,,,,,85600.0,3.0,5
2022HU0224788,07507,51,68,15.0,2,0.0,,10800.0,,85600.0,3.0,5
2022HU0225873,07508,96,36,22.0,1,400000.0,0440,594000.0,1191XX,984000.0,3.0,4
2022HU0225873,07508,98,37,23.0,2,320000.0,2100,390000.0,2310XX,984000.0,3.0,4
2022HU0225873,07508,71,3,2.0,1,,,,,984000.0,3.0,4
2022HU0225873,07508,70,1,,2,,,,,984000.0,3.0,4
2022HU0226415,07511,63,86,22.0,1,0.0,,100100.0,,100100.0,3.0,1
2022HU0228401,07509,91,29,22.0,1,68000.0,1840,68000.0,193051,94000.0,3.0,2
2022HU0228401,07509,98,26,22.0,2,26000.0,2205,26000.0,251000,94000.0,3.0,2
2022HU0228838,07510,67,48,20.0,2,60000.0,5740,90000.0,436014,90680.0,1.0,5
2022HU0228838,07510,69,44,16.0,1,0.0,2360,680.0,2530XX,90680.0,1.0,5
2022HU0228838,07510,71,15,12.0,2,0.0,,0.0,,90680.0,1.0,5
2022HU0228838,07510,70,12,8.0,2,,,,,90680.0,1.0,5
2022HU0228838,07510,70,6,3.0,2,,,,,90680.0,1.0,5
2022HU0228874,07508,65,62,21.0,2,183000.0,0710,183000.0,131111,183000.0,1.0,1
2022HU0229059,07507,36,27,22.0,1,180000.0,1021,180000.0,151252,180000.0,1.0,1
2022HU0229067,07513,46,31,22.0,2,76000.0,2003,76000.0,211013,200000.0,2.0,4
2022HU0229067,07513,31,66,16.0,1,36000.0,9645,36000.0,537065,200000.0,2.0,4
2022HU0229067,07513,26,59,16.0,2,38000.0,9150,38000.0,533099,200000.0,2.0,4
2022HU0229067,07513,28,59,16.0,1,50000.0,9141,50000.0,533053,200000.0,2.0,4
2022HU0229462,07511,56,36,21.0,2,2000.0,4700,24800.0,411011,64800.0,3.0,2
2022HU0229462,07511,57,39,21.0,1,40000.0,0150,40000.0,113061,64800.0,3.0,2
2022HU0229636,07507,83,76,18.0,2,0.0,,12500.0,,12500.0,3.0,1
2022HU0229702,07512,59,65,21.0,2,108000.0,1031,108030.0,151254,108030.0,1.0,2
2022HU0229702,07512,50,20,18.0,1,0.0,4760,0.0,412031,108030.0,1.0,2
2022HU0230030,07511,100,59,24.0,1,687000.0,1760,865000.0,192099,1267800.0,2.0,2
2022HU0230030,07511,107,56,23.0,2,192000.0,3090,402800.0,291210,1267800.0,2.0,2
2022HU0230244,07514,170,50,21.0,1,0.0,4920,201000.0,419020,201000.0,3.0,1
2022HU0230311,07511,172,56,20.0,1,122000.0,3870,122000.0,333050,154450.0,2.0,4
2022HU0230311,07511,193,45,21.0,1,23400.0,9130,23400.0,533030,154450.0,2.0,4
2022HU0230311,07511,197,42,18.0,2,0.0,5940,9050.0,439XXX,154450.0,2.0,4
2022HU0230311,07511,185,2,,2,,,,,154450.0,2.0,4
2022HU0231071,07508,41,87,23.0,1,0.0,2100,660300.0,2310XX,660300.0,4.0,1
2022HU0231073,07510,82,59,22.0,1,80000.0,0440,80000.0,1191XX,80000.0,3.0,1
2022HU0232462,07511,62,53,21.0,1,687000.0,0020,687000.0,111021,687000.0,1.0,2
2022HU0232462,07511,43,52,21.0,2,0.0,,0.0,,687000.0,1.0,2
2022HU0232528,07507,106,61,1.0,1,0.0,6260,7000.0,472061,7000.0,3.0,1
2022HU0232693,07514,123,43,20.0,1,3000.0,9142,3000.0,533054,24400.0,3.0,2
2022HU0232693,07514,103,30,20.0,1,21400.0,4220,21400.0,37201X,24400.0,3.0,2
2022HU0232819,07507,110,54,19.0,2,60000.0,9122,75000.0,533052,75000.0,3.0,2
2022HU0232819,07507,154,27,19.0,2,0.0,,0.0,,75000.0,3.0,2
2022HU0233542,07507,83,53,1.0,1,90000.0,6305,90000.0,472070,190000.0,3.0,3
2022HU0233542,07507,57,58,8.0,2,0.0,4230,0.0,372012,190000.0,3.0,3
2022HU0233542,07507,69,27,18.0,1,100000.0,3930,100000.0,339030,190000.0,3.0,3
2022HU0233701,07508,76,54,22.0,1,115000.0,2014,132600.0,211029,225600.0,1.0,4
2022HU0233701,07508,75,51,22.0,2,93000.0,2014,93000.0,211029,225600.0,1.0,4
2022HU0233701,07508,105,17,14.0,2,0.0,4350,0.0,392021,225600.0,1.0,4
2022HU0233701,07508,101,14,11.0,2,,,,,225600.0,1.0,4
2022HU0233990,07510,129,65,22.0,1,687000.0,1460,687000.0,172141,753000.0,2.0,4
2022HU0233990,07510,128,57,16.0,2,0.0,4510,0.0,395012,753000.0,2.0,4
2022HU0233990,07510,84,32,19.0,2,36000.0,4760,66000.0,412031,753000.0,2.0,4
2022HU0233990,07510,165,3,1.0,2,,,,,753000.0,2.0,4
2022HU0234272,07509,51,22,21.0,1,6000.0,0705,6060.0,131082,34060.0,3.0,5
2022HU0234272,07509,51,23,21.0,1,10000.0,4920,10000.0,419020,34060.0,3.0,5
2022HU0234272,07509,52,22,21.0,1,8000.0,1021,8000.0,151252,34060.0,3.0,5
2022HU0234272,07509,51,22,21.0,1,2000.0,0910,2000.0,132070,34060.0,3.0,5
2022HU0234272,07509,51,22,21.0,1,8000.0,0750,8000.0,131199,34060.0,3.0,5
2022HU0234545,07510,31,41,21.0,1,400000.0,0110,400000.0,113021,400000.0,1.0,4
2022HU0234545,07510,31,39,22.0,2,0.0,4700,0.0,411011,400000.0,1.0,4
2022HU0234545,07510,36,4,1.0,1,,,,,400000.0,1.0,4
2022HU0234545,07510,34,1,,2,,,,,400000.0,1.0,4
2022HU0234759,07509,87,36,24.0,2,185000.0,1650,185000.0,1910XX,271000.0,3.0,4
2022HU0234759,07509,93,39,21.0,1,86000.0,0020,86000.0,111021,271000.0,3.0,4
2022HU0234759,07509,85,4,1.0,2,,,,,271000.0,3.0,4
2022HU0234759,07509,89,2,,1,,,,,271000.0,3.0,4
2022HU0235965,07508,70,33,21.0,2,132000.0,0220,132000.0,119021,132000.0,3.0,1
2022HU0236448,07512,86,74,21.0,2,0.0,,82700.0,,82700.0,2.0,1
2022HU0237085,07509,147,71,21.0,2,90000.0,0800,281300.0,132011,537300.0,2.0,2
2022HU0237085,07509,155,69,22.0,1,100000.0,0120,256000.0,113031,537300.0,2.0,2
2022HU0237756,07511,96,68,24.0,2,50000.0,2205,86000.0,251000,146000.0,1.0,2
2022HU0237756,07511,122,88,22.0,2,0.0,2205,60000.0,251000,146000.0,1.0,2
2022HU0238020,07507,72,24,21.0,2,0.0,2640,0.0,27102X,57900.0,3.0,5
2022HU0238020,07507,57,16,14.0,1,0.0,,0.0,,57900.0,3.0,5
2022HU0238020,07507,88,49,1.0,1,24400.0,7750,24400.0,5120XX,57900.0,3.0,5
2022HU0238020,07507,77,49,1.0,2,26000.0,4020,26000.0,352010,57900.0,3.0,5
2022HU0238020,07507,73,24,17.0,1,7500.0,8255,7500.0,515112,57900.0,3.0,5
2022HU0238166,07508,66,55,19.0,2,0.0,,17000.0,,17000.0,3.0,1
2022HU0238247,07508,180,26,22.0,2,50000.0,4700,50000.0,411011,50000.0,3.0,1
2022HU0238407,07510,95,90,16.0,2,0.0,,12400.0,,12400.0,3.0,1
2022HU0238477,07507,199,82,19.0,2,0.0,,14400.0,,14400.0,3.0,1
2022HU0239652,07509,57,23,21.0,1,80000.0,8740,80000.0,519061,122830.0,3.0,4
2022HU0239652,07509,70,27,21.0,2,35400.0,0725,35400.0,131121,122830.0,3.0,4
2022HU0239652,07509,77,68,15.0,1,0.0,9620,7200.0,537062,122830.0,3.0,4
2022HU0239652,07509,77,63,15.0,2,0.0,9640,230.0,537064,122830.0,3.0,4
2022HU0240413,07511,40,51,22.0,2,95000.0,2300,95000.0,252010,95000.0,3.0,1
2022HU0240899,07510,63,28,21.0,1,65000.0,0735,65000.0,131161,65000.0,3.0,1
2022HU0241493,07513,41,45,21.0,1,135000.0,4840,185000.0,413091,365000.0,1.0,4
2022HU0241493,07513,40,44,21.0,2,180000.0,4840,180000.0,413091,365000.0,1.0,4
2022HU0241493,07513,31,9,6.0,1,,,,,365000.0,1.0,4
2022HU0241493,07513,30,6,3.0,1,,,,,365000.0,1.0,4
2022HU0242979,07511,101,37,22.0,1,225000.0,1021,225000.0,151252,912000.0,1.0,3
2022HU0242979,07511,100,36,22.0,2,687000.0,0020,687000.0,111021,912000.0,1.0,3
2022HU0242979,07511,79,5,2.0,1,,,,,912000.0,1.0,3
2022HU0243241,07510,33,51,21.0,2,687000.0,0300,796000.0,119041,796000.0,2.0,1
2022HU0243280,07511,250,53,22.0,2,96000.0,2310,136000.0,252020,249500.0,1.0,2
2022HU0243280,07511,287,61,23.0,1,110000.0,3323,113500.0,292034,249500.0,1.0,2
2022HU0243304,07513,92,30,16.0,1,0.0,9150,80000.0,533099,166600.0,1.0,5
2022HU0243304,07513,72,30,20.0,2,20000.0,4110,20000.0,353031,166600.0,1.0,5
2022HU0243304,07513,63,4,1.0,1,,,,,166600.0,1.0,5
2022HU0243304,07513,65,41,16.0,2,60000.0,3640,60000.0,319091,166600.0,1.0,5
2022HU0243304,07513,62,64,1.0,2,6600.0,0230,6600.0,119030,166600.0,1.0,5
2022HU0243594,07513,95,48,23.0,1,687000.0,2100,691000.0,2310XX,691000.0,1.0,4
2022HU0243594,07513,108,47,23.0,2,0.0,,0.0,,691000.0,1.0,4
2022HU0243594,07513,101,16,13.0,1,0.0,5860,0.0,439061,691000.0,1.0,4
2022HU0243594,07513,100,14,10.0,1,,,,,691000.0,1.0,4
2022HU0243694,07512,87,72,24.0,2,0.0,2205,39000.0,251000,145300.0,2.0,2
2022HU0243694,07512,100,74,21.0,1,0.0,0220,106300.0,119021,145300.0,2.0,2
2022HU0244342,07508,64,75,21.0,1,0.0,,41100.0,,74000.0,2.0,2
2022HU0244342,07508,58,74,21.0,2,0.0,,32900.0,,74000.0,2.0,2
2022HU0244577,07508,135,34,22.0,2,180000.0,0440,180500.0,1191XX,180500.0,3.0,1
2022HU0245151,07511,266,59,21.0,1,150000.0,0230,265000.0,119030,476000.0,1.0,4
2022HU0245151,07511,260,55,22.0,2,65000.0,0136,69000.0,113121,476000.0,1.0,4
2022HU0245151,07511,131,24,21.0,1,140000.0,0440,142000.0,1191XX,476000.0,1.0,4
2022HU0245151,07511,305,21,19.0,2,0.0,5240,0.0,434051,476000.0,1.0,4
2022HU0245437,07514,156,41,21.0,2,67000.0,5120,67000.0,433031,84100.0,3.0,2
2022HU0245437,07514,138,42,22.0,2,2300.0,5120,17100.0,433031,84100.0,3.0,2
2022HU0245518,07507,63,27,21.0,1,105000.0,1021,105000.0,151252,105000.0,3.0,2
2022HU0245518,07507,68,58,16.0,2,0.0,,0.0,,105000.0,3.0,2
2022HU0245615,07514,83,68,19.0,1,0.0,3910,43100.0,339021,43100.0,3.0,1
2022HU0245803,07512,184,82,21.0,1,0.0,,95800.0,,95800.0,1.0,1
2022HU0246272,07509,50,58,15.0,1,30000.0,4720,30000.0,412010,30000.0,3.0,1
2022HU0246698,07511,58,51,21.0,1,40000.0,5240,40000.0,434051,40000.0,2.0,2
2022HU0246698,07511,49,65,21.0,1,0.0,0010,0.0,1110XX,40000.0,2.0,2
2022HU0246794,07514,110,51,21.0,2,0.0,,425000.0,,425000.0,3.0,1
2022HU0247068,07509,371,70,6.0,2,0.0,,12000.0,,12000.0,3.0,1
2022HU0247128,07507,92,70,19.0,1,0.0,,14700.0,,14700.0,3.0,1
2022HU0247664,07510,48,67,24.0,1,75000.0,0230,150000.0,119030,150000.0,3.0,1
2022HU0248175,07510,111,46,13.0,2,38300.0,9640,38300.0,537064,38300.0,3.0,4
2022HU0248175,07510,74,24,19.0,2,0.0,9920,0.0,999920,38300.0,3.0,4
2022HU0248175,07510,111,15,13.0,2,0.0,,0.0,,38300.0,3.0,4
2022HU0248175,07510,100,13,11.0,1,,,,,38300.0,3.0,4
2022HU0248677,07510,110,38,18.0,1,104000.0,4840,104000.0,413091,104000.0,1.0,1
2022HU0249452,07514,119,31,22.0,2,190000.0,0800,190000.0,132011,190000.0,3.0,1
2022HU0249707,07509,159,29,22.0,2,126000.0,3255,126000.0,291141,126000.0,3.0,1
2022HU0250392,07510,33,31,22.0,2,180000.0,0440,180000.0,1191XX,200000.0,3.0,2
2022HU0250392,07510,34,33,22.0,1,20000.0,0440,20000.0,1191XX,200000.0,3.0,2
2022HU0250846,07510,55,30,22.0,1,240000.0,1240,665000.0,1520XX,665000.0,3.0,1
2022HU0251046,07512,59,67,24.0,1,0.0,,158000.0,,213500.0,1.0,2
2022HU0251046,07512,51,69,23.0,2,0.0,,55500.0,,213500.0,1.0,2
2022HU0251317,07509,84,72,18.0,1,0.0,,14800.0,,14800.0,3.0,1
2022HU0251792,07514,81,35,23.0,1,160000.0,0410,161500.0,119141,241500.0,3.0,2
2022HU0251792,07514,82,35,21.0,2,80000.0,0800,80000.0,132011,241500.0,3.0,2
2022HU0251985,07514,107,35,21.0,1,85000.0,2810,85000.0,273023,85000.0,3.0,1
2022HU0251992,07508,194,39,21.0,1,400000.0,5230,400000.0,434041,1092000.0,3.0,4
2022HU0251992,07508,172,39,21.0,2,687000.0,0850,692000.0,132052,1092000.0,3.0,4
2022HU0251992,07508,166,5,2.0,2,,,,,1092000.0,3.0,4
2022HU0251992,07508,213,1,,2,,,,,1092000.0,3.0,4
2022HU0252369,07511,62,32,21.0,1,100000.0,1360,100000.0,172051,104000.0,3.0,2
2022HU0252369,07511,59,31,21.0,2,4000.0,0230,4000.0,119030,104000.0,3.0,2
2022HU0252842,07508,60,75,16.0,2,0.0,,80200.0,,95200.0,2.0,2
2022HU0252842,07508,71,82,1.0,1,0.0,,15000.0,,95200.0,2.0,2
2022HU0253029,07511,51,33,21.0,2,175000.0,0010,175000.0,1110XX,175000.0,3.0,1
2022HU0253047,07509,229,72,21.0,1,59000.0,3930,79500.0,339030,79500.0,3.0,1
2022HU0254686,07508,53,45,16.0,2,0.0,4521,36300.0,395092,123000.0,3.0,4
2022HU0254686,07508,54,9,7.0,2,,,,,123000.0,3.0,4
2022HU0254686,07508,63,80,1.0,1,0.0,,12700.0,,123000.0,3.0,4
2022HU0254686,07508,54,71,1.0,2,60000.0,3602,74000.0,311122,123000.0,3.0,4
2022HU0255153,07512,93,65,20.0,1,11400.0,3940,29140.0,339091,68140.0,2.0,2
2022HU0255153,07512,65,36,21.0,1,10000.0,2700,39000.0,272011,68140.0,2.0,2
2022HU0255166,07509,112,66,19.0,1,0.0,,16200.0,,16200.0,3.0,1
2022HU0255248,07511,53,70,20.0,1,50000.0,4920,123800.0,419020,123800.0,3.0,1
2022HU0256524,07513,240,38,19.0,2,770.0,2205,11770.0,251000,11770.0,3.0,1
2022HU0256800,07507,54,70,1.0,2,0.0,,10400.0,,21200.0,3.0,2
2022HU0256800,07507,56,74,1.0,1,0.0,,10800.0,,21200.0,3.0,2
2022HU0257778,07511,66,39,16.0,2,45000.0,4020,46500.0,352010,46500.0,3.0,1
2022HU0258742,07513,31,36,21.0,1,130000.0,1430,130100.0,172110,230100.0,3.0,2
2022HU0258742,07513,29,42,22.0,1,100000.0,0051,100000.0,112021,230100.0,3.0,2
2022HU0258984,07513,135,38,24.0,2,0.0,3245,80000.0,29112X,200000.0,1.0,4
2022HU0258984,07513,156,38,19.0,1,120000.0,6230,120000.0,472031,200000.0,1.0,4
2022HU0258984,07513,127,3,3.0,1,,,,,200000.0,1.0,4
2022HU0258984,07513,127,0,,1,,,,,200000.0,1.0,4
2022HU0259361,07508,200,23,21.0,2,18000.0,2320,18000.0,252030,132680.0,3.0,4
2022HU0259361,07508,194,23,21.0,2,62000.0,1760,62000.0,192099,132680.0,3.0,4
2022HU0259361,07508,193,23,21.0,2,26000.0,5940,28800.0,439XXX,132680.0,3.0,4
2022HU0259361,07508,193,23,21.0,2,23500.0,2145,23880.0,232011,132680.0,3.0,4
2022HU0260004,07513,56,78,24.0,2,0.0,,446600.0,,446600.0,2.0,1
2022HU0260873,07511,181,57,21.0,2,108000.0,0360,108000.0,119121,615000.0,1.0,3
2022HU0260873,07511,167,57,21.0,1,0.0,0850,445000.0,132052,615000.0,1.0,3
2022HU0260873,07511,90,22,21.0,2,62000.0,2310,62000.0,252020,615000.0,1.0,3
2022HU0260909,07508,75,51,21.0,1,0.0,1006,200000.0,151211,400000.0,1.0,2
2022HU0260909,07508,54,53,22.0,2,200000.0,0010,200000.0,1110XX,400000.0,1.0,2
2022HU0261077,07507,46,58,19.0,2,75000.0,0910,77000.0,132070,124400.0,1.0,3
2022HU0261077,07507,48,85,21.0,1,0.0,,39000.0,,124400.0,1.0,3
2022HU0261077,07507,46,79,17.0,2,0.0,,8400.0,,124400.0,1.0,3
2022HU0261414,07514,57,66,21.0,2,30000.0,4760,30000.0,412031,30000.0,3.0,1
2022HU0261571,07511,55,52,19.0,1,63000.0,7150,63000.0,493021,74000.0,3.0,4
2022HU0261571,07511,56,52,1.0,2,11000.0,4220,11000.0,37201X,74000.0,3.0,4
2022HU0261571,07511,39,19,19.0,2,0.0,,0.0,,74000.0,3.0,4
2022HU0261571,07511,99,15,12.0,1,0.0,,0.0,,74000.0,3.0,4
2022HU0262073,07512,83,88,20.0,1,0.0,,162700.0,,177700.0,2.0,3
2022HU0262073,07512,69,82,17.0,2,0.0,,12200.0,,177700.0,2.0,3
2022HU0262073,07512,83,57,21.0,1,0.0,9920,2800.0,999920,177700.0,2.0,3
2022HU0262588,07511,92,30,22.0,1,257000.0,1800,259000.0,193011,259000.0,3.0,1
2022HU0262802,07511,90,73,21.0,1,0.0,5540,52600.0,435051,131600.0,2.0,3
2022HU0262802,07511,122,78,16.0,2,0.0,4510,49000.0,395012,131600.0,2.0,3
2022HU0262802,07511,130,94,15.0,2,0.0,,30000.0,,131600.0,2.0,3
2022HU0262892,07511,110,74,21.0,1,120000.0,0710,167900.0,131111,167900.0,2.0,1
2022HU0262960,07512,66,60,23.0,1,100000.0,2100,100000.0,2310XX,159000.0,2.0,3
2022HU0262960,07512,72,59,20.0,2,50000.0,3255,50000.0,291141,159000.0,2.0,3
2022HU0262960,07512,40,24,23.0,2,9000.0,2100,9000.0,2310XX,159000.0,2.0,3
2022HU0263128,07513,76,52,22.0,2,0.0,0010,425000.0,1110XX,425000.0,1.0,1
2022HU0263792,07510,142,37,22.0,1,75000.0,1920,77100.0,194031,77100.0,3.0,1
2022HU0264815,07508,96,58,22.0,2,96000.0,0420,96000.0,119151,96000.0,3.0,1
2022HU0265198,07510,99,43,21.0,1,180000.0,0051,180000.0,112021,346000.0,3.0,3
2022HU0265198,07510,96,52,22.0,1,150000.0,1021,166000.0,151252,346000.0,3.0,3
2022HU0265198,07510,81,9,5.0,1,,,,,346000.0,3.0,3
2022HU0265382,07510,88,47,21.0,2,181000.0,0360,185900.0,119121,185900.0,1.0,1
2022HU0265397,07514,31,74,19.0,2,450.0,2770,11150.0,272099,75450.0,3.0,2
2022HU0265397,07514,67,81,16.0,1,36000.0,9122,64300.0,533052,75450.0,3.0,2
2022HU0265506,07509,712,68,1.0,1,0.0,,14400.0,,22100.0,3.0,2
2022HU0265506,07509,688,63,1.0,2,0.0,,7700.0,,22100.0,3.0,2
2022HU0265899,07511,107,49,24.0,1,687000.0,0010,687000.0,1110XX,687000.0,3.0,1
2022HU0267890,07510,35,24,21.0,2,5000.0,0800,5000.0,132011,65000.0,3.0,2
2022HU0267890,07510,49,25,21.0,1,60000.0,1360,60000.0,172051,65000.0,3.0,2
2022HU0268569,07508,48,32,21.0,1,300000.0,1240,305000.0,1520XX,398500.0,3.0,2
2022HU0268569,07508,52,32,22.0,2,91000.0,3230,93500.0,291127,398500.0,3.0,2
2022HU0268768,07513,74,56,22.0,1,150000.0,0705,151000.0,131082,286000.0,1.0,2
2022HU0268768,07513,72,55,22.0,2,135000.0,1306,135000.0,171012,286000.0,1.0,2
2022HU0269252,07514,116,79,24.0,2,40000.0,1825,105400.0,19303X,105400.0,3.0,1
2022HU0269320,07513,67,40,21.0,2,0.0,2300,0.0,252010,400000.0,1.0,2
2022HU0269320,07513,63,44,21.0,1,400000.0,0052,400000.0,112022,400000.0,1.0,2
2022HU0269419,07514,378,29,22.0,1,80000.0,1530,80000.0,1721YY,80000.0,3.0,1
2022HU0269425,07510,294,36,21.0,2,0.0,,11000.0,,11000.0,3.0,1
2022HU0269902,07509,141,23,21.0,1,25000.0,0735,25000.0,131161,97000.0,3.0,3
2022HU0269902,07509,114,24,21.0,1,12000.0,4840,12000.0,413091,97000.0,3.0,3
2022HU0269902,07509,137,23,21.0,1,60000.0,1010,60000.0,151251,97000.0,3.0,3
2022HU0270200,07510,124,44,22.0,1,0.0,,1300.0,,17400.0,3.0,2
2022HU0270200,07510,113,41,23.0,1,0.0,,16100.0,,17400.0,3.0,2
2022HU0270268,07508,61,65,15.0,2,42000.0,5120,42000.0,433031,83000.0,1.0,2
2022HU0270268,07508,72,65,17.0,1,0.0,6260,41000.0,472061,83000.0,1.0,2
2022HU0270750,07508,55,27,19.0,2,40000.0,0420,40000.0,119151,182340.0,3.0,2
2022HU0270750,07508,53,26,21.0,2,142000.0,4700,142340.0,411011,182340.0,3.0,2
2022HU0271120,07510,67,70,16.0,1,0.0,,43400.0,,43400.0,2.0,2
2022HU0271120,07510,64,8,1.0,1,,,,,43400.0,2.0,2
2022HU0271527,07507,54,64,23.0,1,70000.0,2330,94000.0,252050,94000.0,1.0,1
2022HU0271614,07509,149,30,22.0,1,10000.0,4920,10000.0,419020,190000.0,3.0,2
2022HU0271614,07509,102,28,21.0,1,180000.0,1021,180000.0,151252,190000.0,3.0,2
2022HU0271655,07510,70,37,22.0,1,74000.0,1021,74000.0,151252,74000.0,3.0,1
2022HU0272041,07509,66,82,1.0,1,0.0,,9300.0,,9300.0,3.0,1
2022HU0272242,07512,91,72,20.0,2,0.0,4760,32100.0,412031,56100.0,3.0,2
2022HU0272242,07512,102,68,20.0,1,0.0,4220,24000.0,37201X,56100.0,3.0,2
2022HU0272910,07513,83,35,21.0,1,60000.0,1240,60040.0,1520XX,76040.0,2.0,2
2022HU0272910,07513,49,28,21.0,2,13000.0,1031,16000.0,151254,76040.0,2.0,2
2022HU0274145,07512,63,82,24.0,2,0.0,,10600.0,,21200.0,3.0,2
2022HU0274145,07512,49,82,23.0,1,0.0,,10600.0,,21200.0,3.0,2
2022HU0274693,07507,62,61,16.0,2,40000.0,4030,40000.0,352021,222400.0,1.0,11
2022HU0274693,07507,59,36,15.0,1,25000.0,4110,25000.0,353031,222400.0,1.0,11
2022HU0274693,07507,64,80,19.0,1,0.0,,24100.0,,222400.0,1.0,11
2022HU0274693,07507,29,19,15.0,2,0.0,,0.0,,222400.0,1.0,11
2022HU0274693,07507,29,18,19.0,2,10000.0,4150,10000.0,359031,222400.0,1.0,11
2022HU0274693,07507,116,5,3.0,2,,,,,222400.0,1.0,11
2022HU0274693,07507,64,79,1.0,1,0.0,,11600.0,,222400.0,1.0,11
2022HU0274693,07507,70,52,21.0,1,23400.0,9130,23400.0,533030,222400.0,1.0,11
2022HU0274693,07507,51,49,15.0,2,0.0,,0.0,,222400.0,1.0,11
2022HU0274693,07507,63,42,18.0,2,0.0,,0.0,,222400.0,1.0,11
2022HU0274693,07507,54,26,21.0,1,83000.0,0220,88300.0,119021,222400.0,1.0,11
2022HU0274779,07514,122,49,16.0,1,1800.0,9620,1800.0,537062,53600.0,3.0,2
2022HU0274779,07514,109,49,16.0,1,50000.0,9142,51800.0,533054,53600.0,3.0,2
2022HU0274927,07509,106,34,20.0,1,40000.0,3645,40000.0,319092,90000.0,1.0,2
2022HU0274927,07509,129,36,21.0,2,50000.0,0440,50000.0,1191XX,90000.0,1.0,2
2022HU0275397,07508,68,84,20.0,2,0.0,,17100.0,,19100.0,2.0,2
2022HU0275397,07508,78,59,21.0,1,0.0,0800,2000.0,132011,19100.0,2.0,2
2022HU0275788,07510,100,58,19.0,2,15000.0,4230,15000.0,372012,85000.0,3.0,3
2022HU0275788,07510,129,64,16.0,1,35000.0,9645,35000.0,537065,85000.0,3.0,3
2022HU0275788,07510,80,31,16.0,1,35000.0,9645,35000.0,537065,85000.0,3.0,3
2022HU0275933,07508,63,44,19.0,2,40000.0,4530,40000.0,396010,305000.0,2.0,3
2022HU0275933,07508,66,46,22.0,1,265000.0,0705,265000.0,131082,305000.0,2.0,3
2022HU0275933,07508,116,7,4.0,1,,,,,305000.0,2.0,3
2022HU0275997,07508,160,38,21.0,2,75000.0,0230,75000.0,119030,142000.0,3.0,3
2022HU0275997,07508,192,38,19.0,1,67000.0,4251,67000.0,373011,142000.0,3.0,3
2022HU0275997,07508,163,6,3.0,1,,,,,142000.0,3.0,3
2022HU0276021,07511,43,27,20.0,2,80000.0,4840,80000.0,413091,230000.0,3.0,2
2022HU0276021,07511,42,27,21.0,1,150000.0,4840,150000.0,413091,230000.0,3.0,2
2022HU0276961,07511,61,53,21.0,2,0.0,3160,50000.0,291123,50000.0,3.0,1
2022HU0277960,07513,73,68,21.0,1,0.0,,16000.0,,76000.0,1.0,7
2022HU0277960,07513,66,61,21.0,2,0.0,5410,0.0,434181,76000.0,1.0,7
2022HU0277960,07513,62,37,21.0,1,0.0,,0.0,,76000.0,1.0,7
2022HU0277960,07513,56,5,2.0,1,,,,,76000.0,1.0,7
2022HU0277960,07513,63,1,,1,,,,,76000.0,1.0,7
2022HU0277960,07513,62,89,14.0,2,0.0,,0.0,,76000.0,1.0,7
2022HU0277960,07513,67,32,22.0,2,60000.0,3300,60000.0,292010,76000.0,1.0,7
2022HU0278292,07509,112,55,21.0,1,200000.0,4840,200000.0,413091,236000.0,1.0,2
2022HU0278292,07509,127,54,19.0,2,36000.0,4840,36000.0,413091,236000.0,1.0,2
2022HU0278330,07512,61,68,16.0,1,45000.0,4850,81100.0,414010,97300.0,1.0,2
2022HU0278330,07512,55,72,9.0,2,0.0,4840,16200.0,413091,97300.0,1.0,2
2022HU0279165,07508,76,46,21.0,2,0.0,0010,210000.0,1110XX,461500.0,1.0,4
2022HU0279165,07508,76,50,21.0,1,250000.0,2825,250000.0,273031,461500.0,1.0,4
2022HU0279165,07508,98,16,12.0,1,1500.0,4760,1500.0,412031,461500.0,1.0,4
2022HU0279165,07508,105,13,11.0,1,,,,,461500.0,1.0,4
2022HU0279298,07508,97,39,21.0,1,200000.0,4840,200000.0,413091,400000.0,1.0,4
2022HU0279298,07508,86,37,21.0,2,200000.0,0051,200000.0,112021,400000.0,1.0,4
2022HU0279298,07508,107,2,,2,,,,,400000.0,1.0,4
2022HU0279298,07508,114,0,,1,,,,,400000.0,1.0,4
2022HU0279395,07508,92,26,21.0,2,120000.0,0800,120000.0,132011,260000.0,3.0,2
2022HU0279395,07508,123,29,21.0,1,140000.0,0850,140000.0,132052,260000.0,3.0,2
2022HU0279814,07511,57,37,21.0,2,90000.0,1305,90000.0,171011,90000.0,3.0,1
2022HU0280552,07509,74,31,21.0,1,263000.0,0140,263000.0,113051,263000.0,3.0,4
2022HU0280552,07509,85,32,22.0,2,0.0,,0.0,,263000.0,3.0,4
2022HU0280552,07509,65,4,1.0,2,,,,,263000.0,3.0,4
2022HU0280552,07509,69,1,,1,,,,,263000.0,3.0,4
2022HU0280597,07508,66,68,21.0,1,0.0,5740,100000.0,436014,108000.0,1.0,2
2022HU0280597,07508,54,63,19.0,1,0.0,0136,8000.0,113121,108000.0,1.0,2
2022HU0281787,07514,71,94,22.0,2,0.0,,46300.0,,46300.0,3.0,1
2022HU0281911,07514,70,76,21.0,2,0.0,,12700.0,,12700.0,3.0,1
2022HU0282181,07507,52,31,22.0,2,250000.0,0850,250000.0,132052,250000.0,2.0,1
2022HU0283012,07514,70,48,21.0,2,200000.0,0010,200000.0,1110XX,200000.0,3.0,2
2022HU0283012,07514,88,15,13.0,1,0.0,,0.0,,200000.0,3.0,2
2022HU0283384,07509,143,61,18.0,1,0.0,,12500.0,,12500.0,3.0,1
2022HU0283526,07513,107,71,19.0,1,50000.0,1220,111000.0,152031,121000.0,2.0,2
2022HU0283526,07513,108,67,22.0,1,0.0,7800,10000.0,513011,121000.0,2.0,2
2022HU0283850,07513,129,62,8.0,2,18800.0,3602,18800.0,311122,18800.0,4.0,1
2022HU0284068,07508,89,45,19.0,1,90000.0,9122,90000.0,533052,163000.0,3.0,2
2022HU0284068,07508,74,41,21.0,1,73000.0,0710,73000.0,131111,163000.0,3.0,2
2022HU0286946,07514,87,63,21.0,2,10000.0,0630,13000.0,131070,13000.0,3.0,1
2022HU0287204,07514,43,29,22.0,1,160000.0,1021,160000.0,151252,276000.0,1.0,2
2022HU0287204,07514,48,31,21.0,2,116000.0,2640,116000.0,27102X,276000.0,1.0,2
2022HU0287460,07508,79,58,21.0,1,295000.0,1021,373000.0,151252,373000.0,2.0,2
2022HU0287460,07508,85,67,22.0,2,0.0,0440,0.0,1191XX,373000.0,2.0,2
2022HU0287515,07512,230,71,21.0,1,0.0,,17000.0,,17000.0,2.0,1
2022HU0288194,07511,322,53,22.0,1,120000.0,2634,120000.0,271024,270000.0,1.0,2
2022HU0288194,07511,228,46,22.0,2,150000.0,0420,150000.0,119151,270000.0,1.0,2
2022HU0288514,07514,320,58,8.0,1,0.0,,12100.0,,12100.0,3.0,1
2022HU0289585,07507,223,49,19.0,1,35000.0,4251,35000.0,373011,78800.0,3.0,3
2022HU0289585,07507,256,54,19.0,2,28800.0,5160,28800.0,433071,78800.0,3.0,3
2022HU0289585,07507,183,19,19.0,1,15000.0,5110,15000.0,433021,78800.0,3.0,3
2022HU0289669,07511,68,42,21.0,1,92000.0,0205,92000.0,119013,164000.0,2.0,3
2022HU0289669,07511,61,31,20.0,1,72000.0,3740,72000.0,332011,164000.0,2.0,3
2022HU0289669,07511,79,3,2.0,2,,,,,164000.0,2.0,3
2022HU0291077,07507,83,32,24.0,1,140000.0,5165,140000.0,4330XX,295000.0,2.0,3
2022HU0291077,07507,84,33,23.0,2,75000.0,1760,75000.0,192099,295000.0,2.0,3
2022HU0291077,07507,77,33,21.0,1,80000.0,1240,80000.0,1520XX,295000.0,2.0,3
2022HU0291175,07513,30,55,21.0,2,100000.0,5860,100000.0,439061,217000.0,1.0,7
2022HU0291175,07513,34,47,15.0,1,0.0,,10000.0,,217000.0,1.0,7
2022HU0291175,07513,30,83,15.0,2,0.0,,7000.0,,217000.0,1.0,7
2022HU0291175,07513,30,46,16.0,2,50000.0,5740,50000.0,436014,217000.0,1.0,7
2022HU0291175,07513,34,45,21.0,1,50000.0,6260,50000.0,472061,217000.0,1.0,7
2022HU0291175,07513,28,23,16.0,1,0.0,,0.0,,217000.0,1.0,7
2022HU0291175,07513,40,15,14.0,2,0.0,,0.0,,217000.0,1.0,7
2022HU0291647,07510,43,38,21.0,2,210000.0,0800,210000.0,132011,360000.0,1.0,6
2022HU0291647,07510,52,45,13.0,1,35000.0,7000,35000.0,491011,360000.0,1.0,6
2022HU0291647,07510,48,46,19.0,1,24000.0,5240,24000.0,434051,360000.0,1.0,6
2022HU0291647,07510,46,37,17.0,1,36000.0,9620,36000.0,537062,360000.0,1.0,6
2022HU0291647,07510,46,36,14.0,1,12000.0,3930,31000.0,339030,360000.0,1.0,6
2022HU0291647,07510,33,24,16.0,1,24000.0,9830,24000.0,559830,360000.0,1.0,6
2022HU0292224,07514,102,74,19.0,2,0.0,,132700.0,,132700.0,2.0,1
2022HU0292337,07511,62,70,21.0,1,0.0,,24000.0,,44000.0,1.0,2
2022HU0292337,07511,64,73,19.0,1,0.0,,20000.0,,44000.0,1.0,2
2022HU0293109,07514,31,31,21.0,2,250000.0,0735,260000.0,131161,510000.0,2.0,2
2022HU0293109,07514,26,30,21.0,1,250000.0,0051,250000.0,112021,510000.0,2.0,2
2022HU0293536,07514,83,64,21.0,1,0.0,4110,43600.0,353031,43600.0,3.0,1
2022HU0293538,07510,112,43,23.0,1,150000.0,1760,150000.0,192099,150000.0,1.0,1
2022HU0293897,07510,122,87,21.0,2,0.0,,10100.0,,10100.0,3.0,1
2022HU0293912,07509,50,37,21.0,2,0.0,0051,26000.0,112021,40400.0,3.0,2
2022HU0293912,07509,48,40,21.0,2,1500.0,5120,14400.0,433031,40400.0,3.0,2
2022HU0294480,07508,104,68,24.0,1,2000.0,2205,2000.0,251000,177050.0,2.0,2
2022HU0294480,07508,87,66,24.0,2,175000.0,2205,175050.0,251000,177050.0,2.0,2
2022HU0294741,07513,55,35,21.0,1,70000.0,9650,70000.0,537070,149700.0,1.0,5
2022HU0294741,07513,59,35,22.0,2,60000.0,0830,60000.0,132041,149700.0,1.0,5
2022HU0294741,07513,55,2,,1,,,,,149700.0,1.0,5
2022HU0294741,07513,54,64,15.0,1,0.0,4030,2900.0,352021,149700.0,1.0,5
2022HU0294741,07513,51,57,15.0,2,16800.0,4030,16800.0,352021,149700.0,1.0,5
2022HU0294839,07508,98,44,21.0,2,165000.0,0051,165000.0,112021,165000.0,3.0,1
2022HU0294856,07510,42,73,22.0,2,0.0,,78300.0,,78300.0,2.0,1
2022HU0295371,07510,56,38,22.0,1,155000.0,1240,155000.0,1520XX,155000.0,3.0,2
2022HU0295371,07510,50,36,21.0,2,0.0,,0.0,,155000.0,3.0,2
2022HU0295427,07509,86,64,16.0,2,60000.0,9645,60000.0,537065,69000.0,3.0,2
2022HU0295427,07509,80,63,16.0,1,9000.0,6260,9000.0,472061,69000.0,3.0,2
2022HU0296720,07512,49,53,15.0,1,30000.0,4110,30000.0,353031,30000.0,1.0,4
2022HU0296720,07512,52,40,11.0,2,0.0,3602,0.0,311122,30000.0,1.0,4
2022HU0296720,07512,47,17,14.0,2,0.0,,0.0,,30000.0,1.0,4
2022HU0296720,07512,62,8,6.0,2,,,,,30000.0,1.0,4
2022HU0296839,07511,65,57,23.0,1,324000.0,2100,337500.0,2310XX,342500.0,1.0,2
2022HU0296839,07511,34,54,23.0,2,0.0,,5000.0,,342500.0,1.0,2
2022HU0298114,07508,58,54,22.0,2,687000.0,0710,687000.0,131111,1374000.0,1.0,2
2022HU0298114,07508,72,60,22.0,1,687000.0,1305,687000.0,171011,1374000.0,1.0,2
2022HU0298778,07511,63,71,24.0,1,80000.0,2545,105000.0,259040,105000.0,3.0,1
2022HU0299310,07511,320,65,16.0,2,390000.0,3245,390000.0,29112X,397000.0,3.0,3
2022HU0299310,07511,205,18,16.0,1,7000.0,4020,7000.0,352010,397000.0,3.0,3
2022HU0299310,07511,364,14,12.0,2,,,,,397000.0,3.0,3
2022HU0299949,07508,95,45,21.0,1,240000.0,4820,240000.0,413031,240000.0,1.0,1
2022HU0300726,07514,53,27,22.0,1,115000.0,4930,115000.0,419031,221000.0,3.0,2
2022HU0300726,07514,45,27,21.0,2,106000.0,0020,106000.0,111021,221000.0,3.0,2
2022HU0301057,07513,63,37,22.0,2,92000.0,2205,110000.0,251000,200000.0,1.0,4
2022HU0301057,07513,83,38,21.0,1,54000.0,0020,54000.0,111021,200000.0,1.0,4
2022HU0301057,07513,80,2,,2,,,,,200000.0,1.0,4
2022HU0301057,07513,56,72,24.0,1,0.0,2205,36000.0,251000,200000.0,1.0,4
2022HU0301416,07507,48,43,21.0,1,220000.0,0120,220000.0,113031,570000.0,1.0,5
2022HU0301416,07507,49,43,21.0,2,350000.0,0800,350000.0,132011,570000.0,1.0,5
2022HU0301416,07507,41,17,14.0,2,0.0,,0.0,,570000.0,1.0,5
2022HU0301416,07507,43,71,16.0,1,0.0,,0.0,,570000.0,1.0,5
2022HU0301416,07507,42,70,16.0,2,0.0,,0.0,,570000.0,1.0,5
2022HU0301632,07511,88,66,20.0,1,0.0,0110,89500.0,113021,89500.0,2.0,1
2022HU0301674,07511,54,67,19.0,1,0.0,,123000.0,,123000.0,3.0,1
2022HU0301714,07511,38,25,22.0,2,200000.0,1530,200000.0,1721YY,250000.0,3.0,2
2022HU0301714,07511,42,26,21.0,1,50000.0,2310,50000.0,252020,250000.0,3.0,2
2022HU0302110,07510,62,61,23.0,1,375000.0,0440,375000.0,1191XX,495000.0,1.0,2
2022HU0302110,07510,35,54,21.0,2,120000.0,0051,120000.0,112021,495000.0,1.0,2
2022HU0302313,07513,70,82,19.0,1,0.0,,106400.0,,106400.0,1.0,1
2022HU0302565,07508,354,76,19.0,1,0.0,0440,142000.0,1191XX,142000.0,3.0,1
2022HU0302927,07511,90,48,22.0,2,170000.0,0440,175000.0,1191XX,175000.0,2.0,1
2022HU0303131,07509,35,25,21.0,1,52000.0,1450,52000.0,172131,73200.0,3.0,3
2022HU0303131,07509,33,67,16.0,2,0.0,,10600.0,,73200.0,3.0,3
2022HU0303131,07509,35,61,16.0,1,0.0,,10600.0,,73200.0,3.0,3
2022HU0303163,07511,184,52,22.0,1,65000.0,2205,72000.0,251000,72000.0,1.0,1
2022HU0303324,07511,54,48,18.0,2,0.0,,18200.0,,18200.0,3.0,1
2022HU0303627,07510,101,22,21.0,2,16000.0,0420,16000.0,119151,43000.0,3.0,2
2022HU0303627,07510,93,22,21.0,2,27000.0,1021,27000.0,151252,43000.0,3.0,2
2022HU0303747,07510,181,24,22.0,2,35000.0,1320,35000.0,172011,55000.0,3.0,2
2022HU0303747,07510,294,24,22.0,1,20000.0,1360,20000.0,172051,55000.0,3.0,2
2022HU0304059,07512,61,35,24.0,2,116000.0,3160,116000.0,291123,291000.0,1.0,4
2022HU0304059,07512,52,35,22.0,1,175000.0,1650,175000.0,1910XX,291000.0,1.0,4
2022HU0304059,07512,122,4,1.0,2,,,,,291000.0,1.0,4
2022HU0304059,07512,61,2,,1,,,,,291000.0,1.0,4
2022HU0304183,07510,56,67,16.0,1,0.0,,17200.0,,17200.0,3.0,1
2022HU0304997,07513,62,58,21.0,1,687000.0,0340,707000.0,119081,711500.0,1.0,3
2022HU0304997,07513,63,55,21.0,2,0.0,4510,0.0,395012,711500.0,1.0,3
2022HU0304997,07513,59,18,15.0,1,3000.0,3960,4500.0,33909X,711500.0,1.0,3
2022HU0305060,07510,132,34,21.0,1,68000.0,0800,68200.0,132011,68200.0,3.0,1
2022HU0305314,07508,70,82,24.0,1,0.0,2205,229000.0,251000,229000.0,1.0,1
2022HU0305709,07507,48,28,21.0,1,101000.0,4710,101000.0,411012,185000.0,1.0,2
2022HU0305709,07507,53,29,21.0,2,84000.0,1006,84000.0,151211,185000.0,1.0,2
2022HU0305720,07514,65,49,16.0,2,0.0,9920,0.0,999920,18800.0,3.0,4
2022HU0305720,07514,26,21,16.0,1,18800.0,4010,18800.0,351012,18800.0,3.0,4
2022HU0305720,07514,77,16,13.0,2,0.0,,0.0,,18800.0,3.0,4
2022HU0305720,07514,75,13,10.0,2,,,,,18800.0,3.0,4
2022HU0306295,07514,103,32,21.0,1,135000.0,0220,136500.0,119021,221500.0,3.0,2
2022HU0306295,07514,114,30,22.0,2,85000.0,2001,85000.0,211011,221500.0,3.0,2
2022HU0306807,07513,206,66,16.0,2,0.0,5560,70000.0,435053,88000.0,1.0,2
2022HU0306807,07513,217,71,16.0,1,0.0,,18000.0,,88000.0,1.0,2
2022HU0306850,07513,64,19,19.0,2,24000.0,9645,24000.0,537065,24000.0,3.0,3
2022HU0306850,07513,54,21,20.0,2,0.0,4150,0.0,359031,24000.0,3.0,3
2022HU0306850,07513,53,21,19.0,2,0.0,,0.0,,24000.0,3.0,3
2022HU0306995,07508,116,52,20.0,2,65000.0,1555,65000.0,17302X,65000.0,1.0,1
2022HU0307382,07511,114,38,22.0,2,106000.0,0230,106000.0,119030,352000.0,1.0,4
2022HU0307382,07511,116,42,21.0,1,246000.0,0300,246000.0,119041,352000.0,1.0,4
2022HU0307382,07511,90,5,3.0,1,,,,,352000.0,1.0,4
2022HU0307382,07511,132,3,2.0,2,,,,,352000.0,1.0,4
2022HU0307472,07510,103,29,22.0,2,417000.0,1021,417000.0,151252,417000.0,3.0,1
2022HU0307937,07514,542,74,19.0,1,84000.0,0220,119100.0,119021,135000.0,3.0,2
2022HU0307937,07514,571,73,19.0,2,0.0,,15900.0,,135000.0,3.0,2
2022HU0308131,07509,81,72,1.0,2,0.0,,12800.0,,12800.0,4.0,1
2022HU0308201,07511,66,52,16.0,1,28000.0,0725,33260.0,131121,33260.0,3.0,1
2022HU0309554,07514,76,30,21.0,2,110000.0,0800,110000.0,132011,210000.0,3.0,2
2022HU0309554,07514,65,30,21.0,1,100000.0,0440,100000.0,1191XX,210000.0,3.0,2
2022HU0309585,07508,70,76,16.0,1,1500.0,9142,29900.0,533054,29900.0,3.0,1
2022HU0310551,07510,32,28,21.0,2,300000.0,1021,300000.0,151252,600000.0,1.0,2
2022HU0310551,07510,35,29,21.0,1,300000.0,1021,300000.0,151252,600000.0,1.0,2
2022HU0310662,07510,306,52,23.0,1,200000.0,2100,202000.0,2310XX,202000.0,1.0,1
2022HU0310707,07511,47,28,21.0,2,150000.0,1021,150000.0,151252,229000.0,3.0,2
2022HU0310707,07511,57,29,23.0,1,79000.0,2105,79000.0,231012,229000.0,3.0,2
2022HU0311128,07510,312,29,21.0,1,35000.0,4220,35000.0,37201X,83000.0,3.0,3
2022HU0311128,07510,330,29,21.0,2,48000.0,4700,48000.0,411011,83000.0,3.0,3
2022HU0311128,07510,367,0,,1,,,,,83000.0,3.0,3
2022HU0312332,07510,52,28,22.0,1,150000.0,1530,150000.0,1721YY,150000.0,2.0,1
2022HU0313513,07512,45,77,18.0,1,0.0,,32400.0,,32400.0,2.0,1
2022HU0313630,07514,44,29,22.0,2,143000.0,1530,143000.0,1721YY,143000.0,3.0,1
2022HU0314200,07511,66,62,16.0,2,0.0,5220,0.0,434031,0.0,3.0,1
2022HU0314273,07509,82,40,19.0,2,90000.0,3910,90000.0,339021,90000.0,3.0,1
2022HU0315301,07511,105,56,21.0,2,165000.0,0120,215000.0,113031,395000.0,1.0,2
2022HU0315301,07511,96,61,18.0,1,130000.0,0220,180000.0,119021,395000.0,1.0,2
2022HU0315425,07513,61,43,15.0,1,40000.0,9645,40000.0,537065,67000.0,1.0,4
2022HU0315425,07513,59,41,17.0,1,27000.0,9645,27000.0,537065,67000.0,1.0,4
2022HU0315425,07513,62,63,1.0,1,0.0,,0.0,,67000.0,1.0,4
2022HU0315425,07513,58,61,1.0,2,0.0,,0.0,,67000.0,1.0,4
2022HU0315947,07509,331,25,21.0,2,20000.0,1305,22400.0,171011,22400.0,3.0,1
2022HU0316410,07509,99,25,21.0,1,27000.0,1021,29100.0,151252,29100.0,3.0,1
2022HU0316888,07514,85,60,22.0,1,200.0,2040,1900.0,212011,1900.0,3.0,1
2022HU0318458,07511,357,38,16.0,1,18000.0,4000,18000.0,351011,18000.0,3.0,4
2022HU0318458,07511,396,35,12.0,2,0.0,4220,0.0,37201X,18000.0,3.0,4
2022HU0318458,07511,270,9,6.0,1,,,,,18000.0,3.0,4
2022HU0318458,07511,307,8,6.0,2,,,,,18000.0,3.0,4
2022HU0318967,07511,82,80,21.0,2,10900.0,2180,55200.0,232099,105200.0,1.0,2
2022HU0318967,07511,73,36,21.0,1,50000.0,0120,50000.0,113031,105200.0,1.0,2
2022HU0319308,07514,42,30,22.0,2,200000.0,0020,197300.0,111021,197300.0,3.0,1
2022HU0319511,07512,561,74,16.0,1,0.0,,10500.0,,10500.0,3.0,1
2022HU0319568,07509,110,56,20.0,2,97000.0,5860,100600.0,439061,109800.0,3.0,2
2022HU0319568,07509,138,80,10.0,2,0.0,,9200.0,,109800.0,3.0,2
2022HU0319781,07514,69,41,20.0,1,10000.0,4040,37500.0,353011,73400.0,3.0,2
2022HU0319781,07514,52,34,19.0,2,0.0,4110,35900.0,353031,73400.0,3.0,2
2022HU0320535,07513,57,61,21.0,1,0.0,,425000.0,,457500.0,2.0,2
2022HU0320535,07513,61,79,22.0,1,0.0,,32500.0,,457500.0,2.0,2
2022HU0320853,07511,73,42,24.0,1,35000.0,2320,36400.0,252030,36400.0,3.0,1
2022HU0321229,07508,66,29,22.0,2,20000.0,2205,20000.0,251000,55000.0,3.0,2
2022HU0321229,07508,62,34,17.0,1,35000.0,4110,35000.0,353031,55000.0,3.0,2
2022HU0321626,07512,119,34,24.0,1,54000.0,1650,54000.0,1910XX,54000.0,3.0,1
2022HU0322210,07507,48,59,16.0,1,38200.0,4220,38200.0,37201X,51400.0,3.0,3
2022HU0322210,07507,43,60,16.0,2,7900.0,4220,9700.0,37201X,51400.0,3.0,3
2022HU0322210,07507,35,27,22.0,1,3500.0,2640,3500.0,27102X,51400.0,3.0,3
2022HU0322396,07508,42,24,21.0,1,41200.0,2545,42200.0,259040,42200.0,3.0,1
2022HU0322612,07511,57,69,23.0,2,0.0,,67000.0,,67000.0,1.0,1
2022HU0322823,07514,95,37,22.0,1,180000.0,1005,204400.0,151221,204400.0,3.0,1
2022HU0322925,07512,198,44,22.0,1,687000.0,0052,699000.0,112022,853000.0,1.0,3
2022HU0322925,07512,201,44,21.0,2,144000.0,0060,154000.0,112030,853000.0,1.0,3
2022HU0322925,07512,273,7,4.0,2,,,,,853000.0,1.0,3
2022HU0322944,07508,93,25,21.0,1,223000.0,1530,225000.0,1721YY,225000.0,3.0,1
2022HU0324448,07514,78,69,23.0,2,2000.0,2100,22000.0,2310XX,22000.0,3.0,1
2022HU0324614,07510,110,33,21.0,1,323000.0,1400,323000.0,172061,410000.0,3.0,2
2022HU0324614,07510,105,34,21.0,2,87000.0,0735,87000.0,131161,410000.0,3.0,2
2022HU0324643,07509,144,53,21.0,1,190000.0,0735,190000.0,131161,190000.0,3.0,1
2022HU0324978,07510,107,72,21.0,1,0.0,,158800.0,,187200.0,2.0,2
2022HU0324978,07510,191,73,16.0,2,0.0,,28400.0,,187200.0,2.0,2
2022HU0325087,07511,94,46,23.0,1,687000.0,2100,687000.0,2310XX,699000.0,1.0,5
2022HU0325087,07511,72,45,24.0,2,0.0,1825,12000.0,19303X,699000.0,1.0,5
2022HU0325087,07511,80,13,8.0,1,,,,,699000.0,1.0,5
2022HU0325087,07511,81,11,6.0,1,,,,,699000.0,1.0,5
2022HU0325087,07511,96,8,4.0,2,,,,,699000.0,1.0,5
2022HU0325564,07511,52,51,21.0,2,0.0,4621,28400.0,399031,98400.0,3.0,3
2022HU0325564,07511,67,50,22.0,1,70000.0,1610,70000.0,191020,98400.0,3.0,3
2022HU0325564,07511,67,11,8.0,2,,,,,98400.0,3.0,3
2022HU0326456,07511,115,59,23.0,2,110000.0,0010,157400.0,1110XX,163300.0,2.0,3
2022HU0326456,07511,97,71,24.0,1,0.0,,1500.0,,163300.0,2.0,3
2022HU0326456,07511,95,21,19.0,1,4400.0,5740,4400.0,436014,163300.0,2.0,3
2022HU0326561,07509,155,27,21.0,2,10000.0,4920,10000.0,419020,155000.0,3.0,3
2022HU0326561,07509,150,27,21.0,2,80000.0,5860,80000.0,439061,155000.0,3.0,3
2022HU0326561,07509,150,27,21.0,2,65000.0,4920,65000.0,419020,155000.0,3.0,3
2022HU0327647,07509,312,53,19.0,1,50000.0,4040,50010.0,353011,50010.0,3.0,1
2022HU0328053,07512,95,36,22.0,2,7300.0,5940,7300.0,439XXX,127300.0,3.0,3
2022HU0328053,07512,125,36,23.0,1,120000.0,2100,120000.0,2310XX,127300.0,3.0,3
2022HU0328053,07512,130,11,8.0,2,,,,,127300.0,3.0,3
2022HU0328272,07511,25,69,22.0,1,0.0,,32600.0,,121600.0,1.0,2
2022HU0328272,07511,51,73,22.0,1,52000.0,4920,89000.0,419020,121600.0,1.0,2
2022HU0329022,07512,73,31,21.0,1,15000.0,1021,15000.0,151252,155000.0,1.0,2
2022HU0329022,07512,99,28,21.0,2,140000.0,1530,140000.0,1721YY,155000.0,1.0,2
2022HU0329829,07510,69,46,23.0,1,687000.0,3090,721000.0,291210,721000.0,3.0,1
2022HU0330557,07508,179,56,21.0,1,125000.0,0120,150000.0,113031,410000.0,1.0,4
2022HU0330557,07508,173,44,22.0,2,260000.0,0010,260000.0,1110XX,410000.0,1.0,4
2022HU0330557,07508,164,7,4.0,1,,,,,410000.0,1.0,4
2022HU0330557,07508,227,4,2.0,1,,,,,410000.0,1.0,4
2022HU0330811,07514,79,31,22.0,1,104000.0,1021,107500.0,151252,199500.0,3.0,2
2022HU0330811,07514,89,30,22.0,2,92000.0,1360,92000.0,172051,199500.0,3.0,2
2022HU0333076,07510,112,54,15.0,2,20500.0,4720,29500.0,412010,47500.0,3.0,2
2022HU0333076,07510,93,63,16.0,2,0.0,,18000.0,,47500.0,3.0,2
2022HU0333424,07511,60,82,23.0,1,19900.0,1825,223900.0,19303X,587900.0,2.0,3
2022HU0333424,07511,67,77,21.0,2,12000.0,3245,38000.0,29112X,587900.0,2.0,3
2022HU0333424,07511,62,42,22.0,2,326000.0,0020,326000.0,111021,587900.0,2.0,3
2022HU0335093,07514,82,71,23.0,2,0.0,,124000.0,,124000.0,2.0,1
2022HU0335324,07512,59,40,20.0,1,0.0,0110,40000.0,113021,140000.0,3.0,2
2022HU0335324,07512,55,36,21.0,2,100000.0,0020,100000.0,111021,140000.0,3.0,2
2022HU0335570,07514,77,21,19.0,1,1000.0,4020,1040.0,352010,72040.0,3.0,4
2022HU0335570,07514,89,18,19.0,1,0.0,1240,0.0,1520XX,72040.0,3.0,4
2022HU0335570,07514,77,62,1.0,1,1000.0,6305,1000.0,472070,72040.0,3.0,4
2022HU0335570,07514,64,51,1.0,2,70000.0,5740,70000.0,436014,72040.0,3.0,4
2022HU0335634,07513,73,34,22.0,2,85000.0,2435,85000.0,254022,170000.0,1.0,2
2022HU0335634,07513,54,34,21.0,1,85000.0,2710,85000.0,272012,170000.0,1.0,2
2022HU0335846,07510,46,79,22.0,2,0.0,,123800.0,,152100.0,2.0,2
2022HU0335846,07510,37,66,21.0,1,0.0,1006,28300.0,151211,152100.0,2.0,2
2022HU0337421,07514,42,25,21.0,2,25000.0,4920,49000.0,419020,57800.0,4.0,2
2022HU0337421,07514,50,27,16.0,1,8000.0,9130,8800.0,533030,57800.0,4.0,2
2022HU0337804,07513,107,59,22.0,2,200000.0,0350,200000.0,119111,248000.0,1.0,2
2022HU0337804,07513,102,75,21.0,2,0.0,,48000.0,,248000.0,1.0,2
2022HU0338152,07511,97,30,24.0,2,70000.0,1650,76000.0,1910XX,445000.0,2.0,2
2022HU0338152,07511,111,38,24.0,1,369000.0,0440,369000.0,1191XX,445000.0,2.0,2
2022HU0338403,07511,110,42,22.0,1,300000.0,1006,302000.0,151211,502000.0,1.0,2
2022HU0338403,07511,115,37,22.0,2,200000.0,1760,200000.0,192099,502000.0,1.0,2
2022HU0339119,07512,68,37,21.0,1,140000.0,1410,140000.0,172070,154400.0,1.0,2
2022HU0339119,07512,76,62,5.0,2,0.0,,14400.0,,154400.0,1.0,2
2022HU0339783,07510,35,38,21.0,1,687000.0,1006,687350.0,151211,817350.0,3.0,2
2022HU0339783,07510,34,30,21.0,2,130000.0,1006,130000.0,151211,817350.0,3.0,2
2022HU0340122,07507,335,50,19.0,1,120000.0,9130,120000.0,533030,120000.0,1.0,4
2022HU0340122,07507,297,40,16.0,2,0.0,,0.0,,120000.0,1.0,4
2022HU0340122,07507,530,16,19.0,2,0.0,4760,0.0,412031,120000.0,1.0,4
2022HU0340122,07507,852,14,14.0,1,,,,,120000.0,1.0,4
2022HU0340339,07507,61,94,22.0,2,0.0,,34700.0,,34700.0,2.0,1
2022HU0340587,07512,177,56,22.0,1,0.0,9142,24000.0,533054,37000.0,3.0,4
2022HU0340587,07512,153,51,22.0,2,0.0,,0.0,,37000.0,3.0,4
2022HU0340587,07512,97,17,15.0,1,13000.0,3515,13000.0,292072,37000.0,3.0,4
2022HU0340587,07512,117,79,21.0,2,0.0,,0.0,,37000.0,3.0,4
2022HU0341722,07511,60,42,22.0,1,300000.0,0140,300000.0,113051,300000.0,1.0,4
2022HU0341722,07511,52,13,10.0,2,,,,,300000.0,1.0,4
2022HU0341722,07511,43,11,7.0,1,,,,,300000.0,1.0,4
2022HU0341722,07511,51,8,5.0,2,,,,,300000.0,1.0,4
2022HU0341951,07514,130,88,16.0,1,0.0,,10600.0,,21200.0,3.0,2
2022HU0341951,07514,102,77,8.0,2,0.0,,10600.0,,21200.0,3.0,2
2022HU0342946,07507,57,48,15.0,1,0.0,9620,10000.0,537062,199700.0,2.0,9
2022HU0342946,07507,54,40,15.0,2,20000.0,4230,20000.0,372012,199700.0,2.0,9
2022HU0342946,07507,34,16,13.0,1,0.0,,0.0,,199700.0,2.0,9
2022HU0342946,07507,41,11,9.0,1,,,,,199700.0,2.0,9
2022HU0342946,07507,49,44,21.0,1,70000.0,1108,70000.0,151299,199700.0,2.0,9
2022HU0342946,07507,52,75,19.0,1,0.0,,10700.0,,199700.0,2.0,9
2022HU0342946,07507,46,70,15.0,2,0.0,,9000.0,,199700.0,2.0,9
2022HU0342946,07507,50,56,15.0,2,0.0,,0.0,,199700.0,2.0,9
2022HU0342946,07507,51,37,16.0,2,60000.0,9122,80000.0,533052,199700.0,2.0,9
2022HU0343198,07509,61,34,21.0,2,200000.0,0440,200000.0,1191XX,200000.0,3.0,1
2022HU0343461,07514,74,29,21.0,2,78000.0,1240,78000.0,1520XX,78000.0,3.0,1
2022HU0343847,07508,91,83,14.0,1,0.0,,27600.0,,27600.0,2.0,2
2022HU0343847,07508,82,88,9.0,2,0.0,,0.0,,27600.0,2.0,2
2022HU0343854,07513,70,42,21.0,1,0.0,2640,5000.0,27102X,5000.0,2.0,4
2022HU0343854,07513,76,42,19.0,2,0.0,0020,0.0,111021,5000.0,2.0,4
2022HU0343854,07513,89,15,13.0,2,0.0,,0.0,,5000.0,2.0,4
2022HU0343854,07513,60,12,10.0,1,,,,,5000.0,2.0,4
2022HU0343875,07507,210,61,18.0,2,125000.0,5720,126000.0,436012,126000.0,2.0,1
2022HU0343896,07510,98,42,22.0,2,95000.0,0440,95020.0,1191XX,197520.0,1.0,3
2022HU0343896,07510,88,41,21.0,1,102000.0,0052,102500.0,112022,197520.0,1.0,3
2022HU0343896,07510,81,4,1.0,1,,,,,197520.0,1.0,3
2022HU0343936,07509,31,35,21.0,1,120000.0,4840,120000.0,413091,120000.0,4.0,1
2022HU0343987,07510,45,38,21.0,2,200000.0,0440,200000.0,1191XX,200000.0,3.0,1
2022HU0344071,07509,87,42,23.0,2,170000.0,2100,170000.0,2310XX,170000.0,3.0,1
2022HU0344872,07510,50,27,21.0,2,120000.0,0060,120000.0,112030,120000.0,3.0,1
2022HU0344984,07514,55,51,23.0,1,5300.0,2100,5300.0,2310XX,5300.0,3.0,1
2022HU0345407,07514,72,77,23.0,1,0.0,0102,192900.0,113013,192900.0,1.0,1
2022HU0345549,07508,66,76,21.0,2,0.0,,10200.0,,10200.0,3.0,1
2022HU0345818,07510,223,48,1.0,1,135000.0,6260,135000.0,472061,144000.0,3.0,6
2022HU0345818,07510,142,40,1.0,2,8000.0,4230,8000.0,372012,144000.0,3.0,6
2022HU0345818,07510,189,17,15.0,2,1000.0,5240,1000.0,434051,144000.0,3.0,6
2022HU0345818,07510,256,14,11.0,1,,,,,144000.0,3.0,6
2022HU0345818,07510,182,14,10.0,2,,,,,144000.0,3.0,6
2022HU0345818,07510,182,12,9.0,2,,,,,144000.0,3.0,6
2022HU0345993,07509,132,65,1.0,2,0.0,,12200.0,,20500.0,3.0,2
2022HU0345993,07509,134,68,18.0,1,0.0,,8300.0,,20500.0,3.0,2
2022HU0346666,07508,50,49,19.0,2,165000.0,0440,169000.0,1191XX,264000.0,1.0,2
2022HU0346666,07508,66,38,21.0,1,95000.0,1350,95000.0,172041,264000.0,1.0,2
2022HU0346757,07509,58,39,24.0,2,140000.0,1825,140000.0,19303X,290000.0,3.0,2
2022HU0346757,07509,56,53,22.0,1,150000.0,1021,150000.0,151252,290000.0,3.0,2
2022HU0348126,07510,112,30,24.0,1,115000.0,1760,116000.0,192099,116000.0,3.0,1
2022HU0348140,07511,68,38,19.0,1,170000.0,0110,170000.0,113021,218000.0,3.0,4
2022HU0348140,07511,67,36,20.0,2,48000.0,5522,48000.0,435032,218000.0,3.0,4
2022HU0348140,07511,63,11,8.0,2,,,,,218000.0,3.0,4
2022HU0348140,07511,63,6,4.0,2,,,,,218000.0,3.0,4
2022HU0348187,07509,100,42,22.0,1,250000.0,0010,256000.0,1110XX,407000.0,1.0,3
2022HU0348187,07509,91,36,21.0,2,150000.0,0120,151000.0,113031,407000.0,1.0,3
2022HU0348187,07509,95,0,,1,,,,,407000.0,1.0,3
2022HU0348528,07509,290,51,21.0,1,180000.0,0310,180000.0,119051,200000.0,3.0,3
2022HU0348528,07509,351,35,21.0,2,20000.0,4055,20000.0,353023,200000.0,3.0,3
2022HU0348528,07509,344,3,1.0,1,,,,,200000.0,3.0,3
2022HU0348638,07511,82,70,23.0,1,100000.0,0420,141300.0,119151,186300.0,1.0,2
2022HU0348638,07511,83,69,22.0,2,0.0,2360,45000.0,2530XX,186300.0,1.0,2
2022HU0348768,07510,186,63,17.0,1,0.0,,13700.0,,13700.0,3.0,1
2022HU0348809,07507,56,68,16.0,2,34000.0,5560,50000.0,435053,270000.0,2.0,3
2022HU0348809,07507,56,39,15.0,1,0.0,9920,0.0,999920,270000.0,2.0,3
2022HU0348809,07507,60,33,22.0,2,220000.0,0440,220000.0,1191XX,270000.0,2.0,3
2022HU0349051,07509,133,84,1.0,2,0.0,,6700.0,,6700.0,3.0,1
2022HU0350616,07509,327,28,21.0,2,50000.0,0420,50000.0,119151,50000.0,3.0,1
2022HU0351535,07510,48,44,21.0,1,100000.0,4965,120000.0,419099,220000.0,1.0,2
2022HU0351535,07510,56,43,21.0,2,100000.0,1006,100000.0,151211,220000.0,1.0,2
2022HU0352192,07508,60,65,21.0,1,0.0,,79300.0,,79300.0,2.0,1
2022HU0352410,07511,59,62,21.0,1,206000.0,0010,203300.0,1110XX,203300.0,3.0,2
2022HU0352410,07511,60,65,22.0,1,0.0,,0.0,,203300.0,3.0,2
2022HU0352442,07511,55,34,22.0,1,12000.0,0710,17000.0,131111,17000.0,3.0,1
2022HU0352443,07507,56,70,15.0,2,0.0,,8400.0,,89800.0,2.0,3
2022HU0352443,07507,57,35,21.0,1,70000.0,1108,70000.0,151299,89800.0,2.0,3
2022HU0352443,07507,61,33,19.0,2,8400.0,4521,11400.0,395092,89800.0,2.0,3
2022HU0352484,07507,81,55,20.0,2,70000.0,5550,70000.0,435052,158400.0,2.0,3
2022HU0352484,07507,78,68,22.0,1,80000.0,2205,80000.0,251000,158400.0,2.0,3
2022HU0352484,07507,63,21,15.0,2,0.0,,8400.0,,158400.0,2.0,3
2022HU0352796,07513,58,60,3.0,2,10000.0,3602,10000.0,311122,54100.0,2.0,4
2022HU0352796,07513,67,67,16.0,1,0.0,7150,5400.0,493021,54100.0,2.0,4
2022HU0352796,07513,56,60,16.0,1,27000.0,7150,27000.0,493021,54100.0,2.0,4
2022HU0352796,07513,54,59,1.0,2,11700.0,3602,11700.0,311122,54100.0,2.0,4
2022HU0352900,07511,285,38,22.0,2,300000.0,3322,300000.0,292032,300000.0,3.0,1
2022HU0353295,07510,268,74,9.0,2,0.0,,11520.0,,11520.0,3.0,1
2022HU0353570,07510,56,40,22.0,2,15000.0,3402,15000.0,292043,165000.0,3.0,2
2022HU0353570,07510,48,34,21.0,2,150000.0,2145,150000.0,232011,165000.0,3.0,2
2022HU0353753,07511,112,38,22.0,1,124000.0,1760,124000.0,192099,124000.0,3.0,1
2022HU0353953,07507,134,53,16.0,2,30000.0,5860,30000.0,439061,30000.0,3.0,1
2022HU0354190,07511,77,40,22.0,2,110000.0,3230,110000.0,291127,215000.0,3.0,3
2022HU0354190,07511,80,36,21.0,1,105000.0,1021,105000.0,151252,215000.0,3.0,3
2022HU0354190,07511,75,3,2.0,1,,,,,215000.0,3.0,3
2022HU0355062,07508,63,32,21.0,1,130000.0,0120,130000.0,113031,130000.0,3.0,1
2022HU0355241,07513,74,44,22.0,1,280000.0,1410,280000.0,172070,310000.0,1.0,5
2022HU0355241,07513,66,44,21.0,2,30000.0,0750,30000.0,131199,310000.0,1.0,5
2022HU0355241,07513,54,7,3.0,1,,,,,310000.0,1.0,5
2022HU0355241,07513,58,4,1.0,2,,,,,310000.0,1.0,5
2022HU0355241,07513,58,2,,2,,,,,310000.0,1.0,5
2022HU0355445,07514,106,29,21.0,1,118000.0,1031,183000.0,151254,183000.0,3.0,1
2022HU0355565,07512,54,40,22.0,1,150000.0,1530,153000.0,1721YY,459000.0,1.0,7
2022HU0355565,07512,69,34,22.0,2,250000.0,0850,300000.0,132052,459000.0,1.0,7
2022HU0355565,07512,75,8,4.0,2,,,,,459000.0,1.0,7
2022HU0355565,07512,75,6,1.0,2,,,,,459000.0,1.0,7
2022HU0355565,07512,128,0,,2,,,,,459000.0,1.0,7
2022HU0355565,07512,58,66,14.0,1,0.0,,0.0,,459000.0,1.0,7
2022HU0355565,07512,65,62,15.0,2,0.0,,6000.0,,459000.0,1.0,7
2022HU0355997,07509,453,62,19.0,1,279000.0,0010,304000.0,1110XX,311300.0,1.0,2
2022HU0355997,07509,334,24,21.0,1,5100.0,0425,7300.0,119161,311300.0,1.0,2
2022HU0356790,07509,60,37,23.0,1,0.0,1305,15000.0,171011,65000.0,3.0,2
2022HU0356790,07509,70,34,22.0,2,50000.0,0735,50000.0,131161,65000.0,3.0,2
2022HU0357093,07509,97,30,22.0,1,0.0,4830,180000.0,413041,345000.0,3.0,2
2022HU0357093,07509,94,29,21.0,2,165000.0,1021,165000.0,151252,345000.0,3.0,2
2022HU0357331,07514,109,70,23.0,2,99000.0,3090,191030.0,291210,255030.0,2.0,2
2022HU0357331,07514,95,72,21.0,2,0.0,0230,64000.0,119030,255030.0,2.0,2
2022HU0357400,07511,124,37,21.0,1,220000.0,2640,220000.0,27102X,480000.0,1.0,3
2022HU0357400,07511,124,36,22.0,2,260000.0,0440,260000.0,1191XX,480000.0,1.0,3
2022HU0357400,07511,143,2,,2,,,,,480000.0,1.0,3
2022HU0357630,07510,87,42,22.0,1,148000.0,0230,153000.0,119030,840000.0,1.0,2
2022HU0357630,07510,90,44,23.0,1,687000.0,2100,687000.0,2310XX,840000.0,1.0,2
2022HU0358267,07510,48,70,24.0,1,100000.0,0010,114000.0,1110XX,114000.0,1.0,1
2022HU0358673,07514,59,31,22.0,2,135000.0,1240,135000.0,1520XX,135000.0,3.0,1
2022HU0358709,07509,348,73,21.0,2,185000.0,0010,219100.0,1110XX,219100.0,1.0,1
2022HU0359050,07508,83,69,22.0,2,0.0,,425000.0,,425000.0,2.0,1
2022HU0359510,07509,56,50,23.0,1,208000.0,2100,208000.0,2310XX,358000.0,3.0,4
2022HU0359510,07509,47,47,22.0,2,150000.0,1860,150000.0,1930XX,358000.0,3.0,4
2022HU0359510,07509,51,12,9.0,1,,,,,358000.0,3.0,4
2022HU0359510,07509,52,10,7.0,1,,,,,358000.0,3.0,4
2022HU0359743,07511,70,33,22.0,1,145000.0,2640,145000.0,27102X,145000.0,3.0,1
2022HU0359794,07511,90,35,21.0,2,160000.0,2600,177600.0,271010,307600.0,3.0,2
2022HU0359794,07511,90,37,21.0,1,130000.0,2600,130000.0,271010,307600.0,3.0,2
2022HU0360433,07514,119,72,22.0,2,0.0,4760,65400.0,412031,163500.0,3.0,2
2022HU0360433,07514,111,76,22.0,1,0.0,2040,98100.0,212011,163500.0,3.0,2
2022HU0361081,07514,93,80,21.0,1,0.0,,70000.0,,70000.0,3.0,1
2022HU0361116,07507,57,66,16.0,1,0.0,4965,0.0,419099,12800.0,2.0,2
2022HU0361116,07507,57,64,16.0,2,0.0,,12800.0,,12800.0,2.0,2
2022HU0361313,07509,196,31,21.0,2,90000.0,0440,90000.0,1191XX,210000.0,3.0,3
2022HU0361313,07509,156,28,21.0,2,80000.0,5860,80000.0,439061,210000.0,3.0,3
2022HU0361313,07509,138,23,21.0,2,40000.0,1021,40000.0,151252,210000.0,3.0,3
2022HU0361475,07514,57,61,23.0,2,0.0,2002,445000.0,211012,1132000.0,1.0,2
2022HU0361475,07514,63,60,23.0,1,687000.0,2100,687000.0,2310XX,1132000.0,1.0,2
2022HU0361527,07510,58,45,21.0,1,66000.0,1760,91400.0,192099,91400.0,3.0,1
2022HU0362469,07507,60,66,23.0,1,0.0,0230,7500.0,119030,77500.0,2.0,3
2022HU0362469,07507,53,63,21.0,2,70000.0,0705,70000.0,131082,77500.0,2.0,3
2022HU0362469,07507,50,30,21.0,1,0.0,4720,0.0,412010,77500.0,2.0,3
2022HU0362718,07509,127,74,16.0,1,0.0,,6600.0,,15600.0,3.0,2
2022HU0362718,07509,117,71,15.0,2,0.0,3602,9000.0,311122,15600.0,3.0,2
2022HU0363118,07514,68,43,21.0,2,120000.0,1021,120000.0,151252,120000.0,3.0,1
2022HU0363474,07512,391,45,22.0,1,100000.0,1010,100000.0,151251,100000.0,1.0,4
2022HU0363474,07512,324,42,21.0,2,0.0,,0.0,,100000.0,1.0,4
2022HU0363474,07512,384,12,9.0,2,,,,,100000.0,1.0,4
2022HU0363474,07512,385,9,6.0,2,,,,,100000.0,1.0,4
2022HU0363505,07508,123,51,23.0,1,687000.0,2100,687000.0,2310XX,687400.0,1.0,4
2022HU0363505,07508,88,50,21.0,2,0.0,2850,0.0,273043,687400.0,1.0,4
2022HU0363505,07508,97,17,14.0,1,400.0,2360,400.0,2530XX,687400.0,1.0,4
2022HU0363505,07508,96,15,12.0,1,0.0,,0.0,,687400.0,1.0,4
2022HU0363523,07511,75,63,24.0,1,200000.0,0300,200000.0,119041,240000.0,2.0,3
2022HU0363523,07511,83,61,21.0,2,0.0,8450,25000.0,516093,240000.0,2.0,3
2022HU0363523,07511,70,29,16.0,2,0.0,4350,15000.0,392021,240000.0,2.0,3
2022HU0364386,07510,102,59,22.0,1,687000.0,0120,787000.0,113031,787000.0,3.0,1
2022HU0364440,07508,133,54,21.0,2,195000.0,1006,202000.0,151211,230000.0,1.0,2
2022HU0364440,07508,86,28,16.0,1,28000.0,5160,28000.0,433071,230000.0,1.0,2
2022HU0364633,07509,65,33,23.0,1,78000.0,3090,78000.0,291210,78000.0,3.0,1
2022HU0365364,07509,85,63,21.0,1,400000.0,0136,403000.0,113121,498000.0,3.0,2
2022HU0365364,07509,108,66,20.0,1,95000.0,0120,95000.0,113031,498000.0,3.0,2
2022HU0366259,07512,71,76,15.0,1,0.0,,0.0,,31000.0,2.0,3
2022HU0366259,07512,59,76,16.0,2,0.0,,0.0,,31000.0,2.0,3
2022HU0366259,07512,61,51,21.0,2,31000.0,2360,31000.0,2530XX,31000.0,2.0,3
2022HU0366673,07511,76,53,20.0,1,0.0,2770,10000.0,272099,10000.0,3.0,1
2022HU0366873,07507,94,65,19.0,2,0.0,1305,25000.0,171011,25000.0,1.0,1
2022HU0367486,07507,163,60,21.0,2,0.0,0710,529200.0,131111,529200.0,1.0,1
2022HU0367864,07512,61,40,22.0,1,150000.0,3740,150000.0,332011,300000.0,3.0,2
2022HU0367864,07512,58,37,21.0,2,150000.0,3310,150000.0,291292,300000.0,3.0,2
2022HU0368753,07512,82,60,20.0,1,111000.0,3840,117000.0,3330XX,214500.0,1.0,4
2022HU0368753,07512,76,56,20.0,2,76000.0,5240,77500.0,434051,214500.0,1.0,4
2022HU0368753,07512,42,22,21.0,2,15500.0,5260,15500.0,434071,214500.0,1.0,4
2022HU0368753,07512,60,16,14.0,2,4500.0,5600,4500.0,435061,214500.0,1.0,4
2022HU0369766,07508,97,44,22.0,2,0.0,,0.0,,84000.0,1.0,4
2022HU0369766,07508,102,45,19.0,1,84000.0,2634,84000.0,271024,84000.0,1.0,4
2022HU0369766,07508,74,11,8.0,1,,,,,84000.0,1.0,4
2022HU0369766,07508,74,9,5.0,1,,,,,84000.0,1.0,4
2022HU0369848,07511,67,42,22.0,2,120000.0,0051,117300.0,112021,284600.0,3.0,4
2022HU0369848,07511,68,40,22.0,1,170000.0,0051,167300.0,112021,284600.0,3.0,4
2022HU0369848,07511,99,4,1.0,1,,,,,284600.0,3.0,4
2022HU0369848,07511,79,1,,2,,,,,284600.0,3.0,4
2022HU0370873,07510,142,88,3.0,2,0.0,,5900.0,,5900.0,3.0,1
2022HU0372236,07509,93,32,21.0,1,220000.0,0052,220000.0,112022,220000.0,3.0,1
2022HU0372494,07514,60,31,21.0,2,222000.0,3255,222000.0,291141,222000.0,1.0,1
2022HU0373019,07508,75,75,21.0,2,0.0,2300,55210.0,252010,55210.0,2.0,1
2022HU0373443,07508,85,33,19.0,1,107000.0,4700,107000.0,411011,352000.0,3.0,2
2022HU0373443,07508,121,36,21.0,2,245000.0,1006,245000.0,151211,352000.0,3.0,2
2022HU0374810,07512,97,73,23.0,1,687000.0,3090,763300.0,291210,1450300.0,1.0,2
2022HU0374810,07512,86,65,23.0,2,687000.0,3090,687000.0,291210,1450300.0,1.0,2
2022HU0376241,07510,32,49,18.0,2,120000.0,4840,120000.0,413091,190000.0,3.0,3
2022HU0376241,07510,30,45,20.0,2,70000.0,3255,70000.0,291141,190000.0,3.0,3
2022HU0376241,07510,30,15,12.0,1,0.0,,0.0,,190000.0,3.0,3
2022HU0377126,07509,247,52,16.0,1,0.0,6410,15100.0,472140,27700.0,3.0,2
2022HU0377126,07509,226,55,13.0,2,0.0,,12600.0,,27700.0,3.0,2
2022HU0378427,07509,57,33,21.0,1,152000.0,0020,157000.0,111021,157000.0,3.0,1
2022HU0379264,07512,108,82,21.0,2,0.0,,5500.0,,5500.0,2.0,1
2022HU0379387,07512,87,23,21.0,2,36000.0,5730,36000.0,436013,76300.0,3.0,2
2022HU0379387,07512,102,26,21.0,1,40300.0,5940,40300.0,439XXX,76300.0,3.0,2
2022HU0380047,07509,60,34,21.0,1,687000.0,1021,687100.0,151252,687100.0,3.0,3
2022HU0380047,07509,59,31,15.0,2,0.0,4400,0.0,393010,687100.0,3.0,3
2022HU0380047,07509,56,7,3.0,2,,,,,687100.0,3.0,3
2022HU0380061,07511,65,76,21.0,1,0.0,,153000.0,,713000.0,3.0,6
2022HU0380061,07511,58,60,21.0,1,135000.0,0800,136300.0,132011,713000.0,3.0,6
2022HU0380061,07511,55,58,21.0,1,95000.0,1105,99000.0,151244,713000.0,3.0,6
2022HU0380061,07511,55,46,21.0,2,92000.0,0630,98000.0,131070,713000.0,3.0,6
2022HU0380061,07511,63,37,20.0,2,88000.0,3255,88000.0,291141,713000.0,3.0,6
2022HU0380061,07511,61,37,21.0,2,130000.0,2310,138700.0,252020,713000.0,3.0,6
2022HU0380325,07509,74,42,24.0,1,76000.0,6355,73300.0,472111,198300.0,1.0,5
2022HU0380325,07509,87,34,24.0,2,97000.0,1240,97000.0,1520XX,198300.0,1.0,5
2022HU0380325,07509,66,3,1.0,2,,,,,198300.0,1.0,5
2022HU0380325,07509,67,1,,2,,,,,198300.0,1.0,5
2022HU0380325,07509,60,70,22.0,2,0.0,,28000.0,,198300.0,1.0,5
2022HU0380510,07507,66,43,14.0,2,0.0,4110,0.0,353031,47900.0,3.0,7
2022HU0380510,07507,66,43,15.0,1,35000.0,3602,35000.0,311122,47900.0,3.0,7
2022HU0380510,07507,66,19,18.0,1,4000.0,4950,4000.0,419091,47900.0,3.0,7
2022HU0380510,07507,50,10,7.0,1,,,,,47900.0,3.0,7
2022HU0380510,07507,88,5,2.0,2,,,,,47900.0,3.0,7
2022HU0380510,07507,60,71,1.0,1,0.0,,3600.0,,47900.0,3.0,7
2022HU0380510,07507,56,68,1.0,2,0.0,3603,5300.0,311131,47900.0,3.0,7
2022HU0380678,07514,47,48,22.0,2,250000.0,0051,255000.0,112021,255000.0,1.0,1
2022HU0380729,07509,32,57,21.0,1,206000.0,2710,223000.0,272012,223000.0,3.0,1
2022HU0380853,07511,57,58,19.0,1,0.0,,100000.0,,100000.0,2.0,1
2022HU0381356,07514,95,35,21.0,1,174000.0,2710,174000.0,272012,273000.0,3.0,2
2022HU0381356,07514,76,30,21.0,2,99000.0,2635,99000.0,271025,273000.0,3.0,2
2022HU0381561,07513,98,66,19.0,2,24000.0,4621,116600.0,399031,168200.0,1.0,2
2022HU0381561,07513,69,65,19.0,1,13000.0,4621,51600.0,399031,168200.0,1.0,2
2022HU0381690,07509,40,46,22.0,2,150000.0,5165,160000.0,4330XX,160000.0,3.0,1
2022HU0382730,07507,83,79,16.0,2,0.0,,9830.0,,9830.0,2.0,1
2022HU0382776,07510,95,55,21.0,1,30000.0,2310,30000.0,252020,30000.0,3.0,1
2022HU0382910,07507,81,47,18.0,1,142000.0,4700,142000.0,411011,190600.0,2.0,4
2022HU0382910,07507,86,42,19.0,2,48000.0,0160,48600.0,113071,190600.0,2.0,4
2022HU0382910,07507,113,6,1.0,2,,,,,190600.0,2.0,4
2022HU0382910,07507,113,5,1.0,2,,,,,190600.0,2.0,4
2022HU0383184,07511,123,30,21.0,1,135000.0,1460,140000.0,172141,140000.0,3.0,1
2022HU0383253,07514,120,26,21.0,1,120000.0,0960,120000.0,1320XX,270000.0,3.0,2
2022HU0383253,07514,100,26,21.0,2,150000.0,3255,150000.0,291141,270000.0,3.0,2
2022HU0383299,07514,58,28,21.0,1,190000.0,1021,190000.0,151252,190000.0,3.0,1
2022HU0383632,07510,294,31,19.0,1,70000.0,1021,70000.0,151252,70000.0,3.0,1
2022HU0384576,07508,69,52,21.0,1,300000.0,0010,320000.0,1110XX,400000.0,3.0,2
2022HU0384576,07508,61,23,21.0,1,80000.0,1021,80000.0,151252,400000.0,3.0,2
2022HU0385183,07512,81,67,21.0,1,0.0,,35000.0,,47600.0,1.0,2
2022HU0385183,07512,74,66,21.0,2,0.0,,12600.0,,47600.0,1.0,2
2022HU0385715,07510,34,24,22.0,2,150000.0,1021,150330.0,151252,150330.0,3.0,1
2022HU0386219,07509,122,74,22.0,1,0.0,,434300.0,,579600.0,2.0,2
2022HU0386219,07509,129,76,22.0,2,0.0,,145300.0,,579600.0,2.0,2
2022HU0386293,07511,123,32,23.0,1,75000.0,3090,75000.0,291210,170000.0,1.0,2
2022HU0386293,07511,101,34,22.0,2,95000.0,2320,95000.0,252030,170000.0,1.0,2
2022HU0386938,07507,82,59,18.0,2,108000.0,5720,108000.0,436012,248000.0,2.0,2
2022HU0386938,07507,42,57,22.0,1,140000.0,0220,140000.0,119021,248000.0,2.0,2
2022HU0387326,07513,37,57,24.0,2,120000.0,3010,300000.0,291020,600000.0,2.0,3
2022HU0387326,07513,37,56,24.0,1,300000.0,3100,300000.0,291240,600000.0,2.0,3
2022HU0387326,07513,41,86,21.0,2,0.0,,0.0,,600000.0,2.0,3
2022HU0387421,07509,86,53,20.0,2,105000.0,2145,105000.0,232011,105000.0,3.0,1
2022HU0388637,07513,110,86,21.0,2,0.0,,252900.0,,358560.0,2.0,2
2022HU0388637,07513,86,61,21.0,1,105000.0,2100,105660.0,2310XX,358560.0,2.0,2
2022HU0388736,07514,96,82,16.0,1,0.0,,31200.0,,86200.0,3.0,2
2022HU0388736,07514,93,64,19.0,1,55000.0,5740,55000.0,436014,86200.0,3.0,2
2022HU0388901,07509,79,70,15.0,2,0.0,,3600.0,,5900.0,3.0,2
2022HU0388901,07509,82,65,15.0,1,0.0,4710,2300.0,411012,5900.0,3.0,2
2022HU0390808,07510,94,42,22.0,1,25000.0,2810,25000.0,273023,110000.0,2.0,4
2022HU0390808,07510,110,39,16.0,2,85000.0,2545,85000.0,259040,110000.0,2.0,4
2022HU0390808,07510,88,4,2.0,1,,,,,110000.0,2.0,4
2022HU0390808,07510,88,1,,1,,,,,110000.0,2.0,4
2022HU0391675,07510,102,29,21.0,1,287000.0,0020,287000.0,111021,497000.0,3.0,3
2022HU0391675,07510,87,31,21.0,1,60000.0,4760,60000.0,412031,497000.0,3.0,3
2022HU0391675,07510,93,26,21.0,1,150000.0,1021,150000.0,151252,497000.0,3.0,3
2022HU0392195,07509,156,47,19.0,1,0.0,,11000.0,,11000.0,3.0,1
2022HU0392930,07509,74,36,17.0,2,0.0,3602,8000.0,311122,88000.0,3.0,4
2022HU0392930,07509,60,50,19.0,1,80000.0,5240,80000.0,434051,88000.0,3.0,4
2022HU0392930,07509,70,1,,2,,,,,88000.0,3.0,4
2022HU0392930,07509,113,15,11.0,1,0.0,,0.0,,88000.0,3.0,4
2022HU0393414,07511,61,59,21.0,2,687000.0,0010,707000.0,1110XX,707000.0,1.0,1
2022HU0393620,07510,75,29,21.0,2,150000.0,1006,150000.0,151211,350000.0,1.0,2
2022HU0393620,07510,75,29,21.0,1,200000.0,0750,200000.0,131199,350000.0,1.0,2
2022HU0394464,07509,97,60,21.0,1,90000.0,9050,90000.0,532031,90000.0,3.0,1
2022HU0395308,07513,65,29,21.0,2,110000.0,1410,110040.0,172070,260340.0,3.0,2
2022HU0395308,07513,73,35,22.0,1,150000.0,1760,150300.0,192099,260340.0,3.0,2
2022HU0395375,07510,34,40,22.0,2,0.0,1825,25000.0,19303X,225000.0,1.0,5
2022HU0395375,07510,39,44,21.0,1,200000.0,1031,200000.0,151254,225000.0,1.0,5
2022HU0395375,07510,36,8,5.0,2,,,,,225000.0,1.0,5
2022HU0395375,07510,33,6,2.0,1,,,,,225000.0,1.0,5
2022HU0395375,07510,40,1,,1,,,,,225000.0,1.0,5
2022HU0395911,07510,340,38,22.0,2,250000.0,0440,250000.0,1191XX,400000.0,1.0,2
2022HU0395911,07510,309,40,21.0,1,150000.0,0010,150000.0,1110XX,400000.0,1.0,2
2022HU0395961,07508,80,34,21.0,1,687000.0,4820,692000.0,413031,907000.0,3.0,3
2022HU0395961,07508,124,33,22.0,2,215000.0,0440,215000.0,1191XX,907000.0,3.0,3
2022HU0395961,07508,108,1,,2,,,,,907000.0,3.0,3
2022HU0396586,07509,572,36,22.0,2,1200.0,0440,1200.0,1191XX,86200.0,3.0,2
2022HU0396586,07509,371,37,22.0,2,85000.0,2145,85000.0,232011,86200.0,3.0,2
2022HU0396928,07513,68,53,19.0,2,0.0,4600,110000.0,399011,145300.0,1.0,5
2022HU0396928,07513,71,54,18.0,1,0.0,2545,30000.0,259040,145300.0,1.0,5
2022HU0396928,07513,60,24,21.0,1,2100.0,2545,2100.0,259040,145300.0,1.0,5
2022HU0396928,07513,60,21,16.0,1,1500.0,4420,1500.0,393031,145300.0,1.0,5
2022HU0396928,07513,87,17,18.0,2,1700.0,2545,1700.0,259040,145300.0,1.0,5
2022HU0396948,07514,105,94,19.0,2,0.0,,78000.0,,165300.0,2.0,3
2022HU0396948,07514,81,67,22.0,1,0.0,6260,47300.0,472061,165300.0,2.0,3
2022HU0396948,07514,85,62,18.0,2,0.0,3602,40000.0,311122,165300.0,2.0,3
2022HU0397745,07509,150,34,21.0,2,127000.0,2631,127000.0,271021,844000.0,3.0,2
2022HU0397745,07509,160,31,23.0,1,687000.0,2100,717000.0,2310XX,844000.0,3.0,2
2022HU0397988,07511,81,28,21.0,1,178000.0,1021,178100.0,151252,178100.0,3.0,1
2022HU0398550,07513,181,40,22.0,2,106000.0,2320,106000.0,252030,261000.0,3.0,2
2022HU0398550,07513,206,40,21.0,1,145000.0,2830,155000.0,273041,261000.0,3.0,2
2022HU0398913,07510,112,29,22.0,2,220000.0,0710,220000.0,131111,220000.0,3.0,1
2022HU0398932,07511,78,42,21.0,1,324000.0,0440,373000.0,1191XX,703000.0,1.0,4
2022HU0398932,07511,53,47,21.0,2,330000.0,4965,330000.0,419099,703000.0,1.0,4
2022HU0398932,07511,60,13,9.0,1,,,,,703000.0,1.0,4
2022HU0398932,07511,72,10,7.0,2,,,,,703000.0,1.0,4
2022HU0399483,07508,110,31,21.0,1,80000.0,3620,80000.0,312020,198400.0,3.0,2
2022HU0399483,07508,107,28,21.0,2,107000.0,0040,118400.0,112011,198400.0,3.0,2
2022HU0399653,07510,52,26,22.0,1,300000.0,1021,300000.0,151252,600000.0,3.0,2
2022HU0399653,07510,50,26,21.0,2,300000.0,1021,300000.0,151252,600000.0,3.0,2
2022HU0400894,07507,100,55,18.0,2,0.0,6200,7400.0,471011,7400.0,3.0,1
2022HU0401739,07514,122,23,21.0,2,30000.0,5840,30000.0,439041,55000.0,3.0,2
2022HU0401739,07514,103,28,20.0,2,25000.0,4720,25000.0,412010,55000.0,3.0,2
2022HU0401741,07507,113,53,22.0,2,112000.0,2016,112000.0,211093,124100.0,2.0,2
2022HU0401741,07507,100,33,19.0,1,12000.0,4760,12100.0,412031,124100.0,2.0,2
2022HU0401875,07509,106,27,22.0,2,85000.0,4840,85000.0,413091,260000.0,3.0,2
2022HU0401875,07509,110,31,22.0,1,175000.0,0120,175000.0,113031,260000.0,3.0,2
2022HU0401987,07508,52,32,22.0,2,120000.0,0440,122500.0,1191XX,294500.0,3.0,2
2022HU0401987,07508,59,46,22.0,1,172000.0,1050,172000.0,151230,294500.0,3.0,2
2022HU0402236,07514,111,27,21.0,1,191000.0,1021,191000.0,151252,191000.0,3.0,1
2022HU0402293,07509,100,76,9.0,2,0.0,,15200.0,,15200.0,3.0,1
2022HU0403190,07514,90,81,24.0,1,0.0,1821,126700.0,193033,147800.0,3.0,2
2022HU0403190,07514,98,75,22.0,2,0.0,2012,21100.0,211022,147800.0,3.0,2
2022HU0403227,07508,200,28,19.0,1,58000.0,5940,58000.0,439XXX,121400.0,3.0,2
2022HU0403227,07508,126,24,21.0,2,55000.0,2025,63400.0,21109X,121400.0,3.0,2
2022HU0403448,07510,52,26,21.0,2,200000.0,0850,200000.0,132052,400000.0,3.0,2
2022HU0403448,07510,50,25,21.0,1,200000.0,0051,200000.0,112021,400000.0,3.0,2
2022HU0403949,07513,70,36,22.0,2,133000.0,3245,133000.0,29112X,133000.0,3.0,1
2022HU0404207,07508,101,67,24.0,1,115000.0,2205,216000.0,251000,243000.0,1.0,2
2022HU0404207,07508,82,64,22.0,2,27000.0,2310,27000.0,252020,243000.0,1.0,2
2022HU0404706,07507,133,62,9.0,2,0.0,4230,25000.0,372012,115000.0,3.0,3
2022HU0404706,07507,188,42,22.0,1,50000.0,2014,50000.0,211029,115000.0,3.0,3
2022HU0404706,07507,159,36,19.0,1,8000.0,4110,40000.0,353031,115000.0,3.0,3
2022HU0405276,07511,71,46,19.0,1,120000.0,2360,114500.0,2530XX,599500.0,3.0,4
2022HU0405276,07511,59,27,21.0,2,250000.0,1021,251000.0,151252,599500.0,3.0,4
2022HU0405276,07511,58,25,22.0,2,193000.0,1021,193000.0,151252,599500.0,3.0,4
2022HU0405276,07511,60,23,20.0,1,40000.0,5510,41000.0,435021,599500.0,3.0,4
2022HU0405327,07514,71,34,22.0,2,687000.0,0750,687000.0,131199,687000.0,3.0,1
2022HU0405729,07512,76,52,18.0,2,100000.0,8610,167000.0,518021,167000.0,1.0,2
2022HU0405729,07512,63,37,11.0,1,0.0,,0.0,,167000.0,1.0,2
2022HU0405875,07508,34,55,23.0,1,0.0,2100,620000.0,2310XX,1307000.0,1.0,4
2022HU0405875,07508,29,51,21.0,2,687000.0,0120,687000.0,113031,1307000.0,1.0,4
2022HU0405875,07508,30,9,6.0,1,,,,,1307000.0,1.0,4
2022HU0405875,07508,32,6,2.0,2,,,,,1307000.0,1.0,4
2022HU0406482,07508,62,43,20.0,2,135000.0,5240,135000.0,434051,215000.0,3.0,5
2022HU0406482,07508,76,43,19.0,1,80000.0,1108,80000.0,151299,215000.0,3.0,5
2022HU0406482,07508,74,17,14.0,2,0.0,,0.0,,215000.0,3.0,5
2022HU0406482,07508,61,9,6.0,2,,,,,215000.0,3.0,5
2022HU0406482,07508,85,2,,1,,,,,215000.0,3.0,5
2022HU0407737,07509,66,69,21.0,2,225000.0,4700,342800.0,411011,342800.0,3.0,1
2022HU0408542,07514,59,62,22.0,1,687000.0,0440,696000.0,1191XX,726000.0,1.0,2
2022HU0408542,07514,46,53,22.0,2,0.0,,30000.0,,726000.0,1.0,2
2022HU0408705,07513,64,75,22.0,2,0.0,,142300.0,,277500.0,2.0,2
2022HU0408705,07513,63,90,22.0,1,0.0,,135200.0,,277500.0,2.0,2
2022HU0409299,07511,67,43,21.0,1,250000.0,4850,250000.0,414010,250000.0,3.0,4
2022HU0409299,07511,72,38,21.0,2,0.0,,0.0,,250000.0,3.0,4
2022HU0409299,07511,50,6,3.0,1,,,,,250000.0,3.0,4
2022HU0409299,07511,55,4,1.0,1,,,,,250000.0,3.0,4
2022HU0409484,07511,54,31,21.0,1,215000.0,0800,215000.0,132011,215000.0,3.0,1
2022HU0409486,07508,67,29,21.0,2,250000.0,4840,250000.0,413091,450000.0,3.0,2
2022HU0409486,07508,64,32,21.0,1,200000.0,4840,200000.0,413091,450000.0,3.0,2
2022HU0409782,07511,84,83,22.0,1,0.0,,165000.0,,165000.0,2.0,1
2022HU0409809,07511,61,55,24.0,2,150000.0,2205,150000.0,251000,208000.0,3.0,3
2022HU0409809,07511,54,54,19.0,1,50000.0,2634,58000.0,271024,208000.0,3.0,3
2022HU0409809,07511,69,13,9.0,2,,,,,208000.0,3.0,3
2022HU0409903,07507,45,36,21.0,2,127000.0,1650,127000.0,1910XX,127000.0,3.0,1
2022HU0409939,07514,133,36,21.0,2,150000.0,1220,150000.0,152031,350000.0,3.0,3
2022HU0409939,07514,133,41,21.0,1,200000.0,0440,200000.0,1191XX,350000.0,3.0,3
2022HU0409939,07514,230,1,,2,,,,,350000.0,3.0,3
2022HU0410330,07511,68,40,21.0,1,200000.0,1021,197300.0,151252,197300.0,1.0,1
2022HU0410849,07511,53,67,19.0,2,52000.0,0940,55600.0,132082,55600.0,1.0,1
2022HU0411633,07509,124,38,22.0,1,144000.0,1400,138630.0,172061,138630.0,3.0,1
2022HU0412173,07511,82,32,21.0,1,0.0,1021,0.0,151252,444000.0,3.0,3
2022HU0412173,07511,66,28,21.0,2,250000.0,1021,251000.0,151252,444000.0,3.0,3
2022HU0412173,07511,66,27,21.0,2,193000.0,1021,193000.0,151252,444000.0,3.0,3
2022HU0412558,07510,99,51,21.0,1,0.0,4850,40000.0,414010,135000.0,1.0,3
2022HU0412558,07510,85,49,22.0,2,95000.0,3245,95000.0,29112X,135000.0,1.0,3
2022HU0412558,07510,90,6,3.0,2,,,,,135000.0,1.0,3
2022HU0412699,07508,81,40,19.0,1,50000.0,4055,50000.0,353023,113000.0,3.0,2
2022HU0412699,07508,74,40,24.0,2,63000.0,2205,63000.0,251000,113000.0,3.0,2
2022HU0412730,07511,52,64,21.0,1,0.0,,7000.0,,7000.0,3.0,1
2022HU0412751,07510,106,37,22.0,1,300000.0,1021,300000.0,151252,430000.0,2.0,2
2022HU0412751,07510,97,34,21.0,2,130000.0,0020,130000.0,111021,430000.0,2.0,2
2022HU0413211,07511,54,55,21.0,1,110000.0,1010,225000.0,151251,308000.0,1.0,2
2022HU0413211,07511,63,60,22.0,2,83000.0,1010,83000.0,151251,308000.0,1.0,2
2022HU0413885,07510,93,37,21.0,1,90000.0,0051,90000.0,112021,160000.0,3.0,2
2022HU0413885,07510,96,35,21.0,1,70000.0,1021,70000.0,151252,160000.0,3.0,2
2022HU0414742,07514,85,53,21.0,2,687000.0,2100,690500.0,2310XX,1015500.0,1.0,2
2022HU0414742,07514,94,52,21.0,1,325000.0,0630,325000.0,131070,1015500.0,1.0,2
2022HU0415544,07511,151,61,21.0,1,125000.0,2320,205000.0,252030,380000.0,2.0,3
2022HU0415544,07511,131,52,22.0,2,65000.0,2310,175000.0,252020,380000.0,2.0,3
2022HU0415544,07511,144,16,12.0,1,0.0,,0.0,,380000.0,2.0,3
2022HU0415703,07514,108,37,21.0,2,687000.0,0440,687100.0,1191XX,830000.0,3.0,2
2022HU0415703,07514,77,31,21.0,1,120000.0,0052,142900.0,112022,830000.0,3.0,2
2022HU0415844,07510,28,24,22.0,1,40000.0,2205,40000.0,251000,64000.0,3.0,2
2022HU0415844,07510,26,24,22.0,1,24000.0,2205,24000.0,251000,64000.0,3.0,2
2022HU0415966,07510,70,55,23.0,2,180000.0,2100,180000.0,2310XX,180000.0,1.0,2
2022HU0415966,07510,81,8,4.0,2,,,,,180000.0,1.0,2
2022HU0416192,07507,96,71,17.0,2,0.0,,34100.0,,87800.0,2.0,3
2022HU0416192,07507,64,74,1.0,1,0.0,,38700.0,,87800.0,2.0,3
2022HU0416192,07507,76,42,16.0,2,15000.0,5400,15000.0,434171,87800.0,2.0,3
2022HU0416203,07509,94,72,21.0,2,0.0,,54400.0,,54400.0,3.0,1
2022HU0416568,07509,59,45,21.0,1,687000.0,0850,707000.0,132052,820600.0,1.0,6
2022HU0416568,07509,51,41,21.0,2,100000.0,0845,100000.0,132051,820600.0,1.0,6
2022HU0416568,07509,58,6,3.0,2,,,,,820600.0,1.0,6
2022HU0416568,07509,93,2,,2,,,,,820600.0,1.0,6
2022HU0416568,07509,46,78,21.0,1,0.0,,9600.0,,820600.0,1.0,6
2022HU0416568,07509,43,69,15.0,2,0.0,,4000.0,,820600.0,1.0,6
2022HU0417518,07513,104,37,22.0,2,130000.0,0230,130000.0,119030,130000.0,3.0,1
2022HU0417522,07510,47,25,21.0,2,172000.0,1021,172000.0,151252,329300.0,3.0,2
2022HU0417522,07510,33,24,21.0,2,160000.0,1021,157300.0,151252,329300.0,3.0,2
2022HU0417781,07514,120,34,22.0,2,687000.0,4820,887000.0,413031,1137000.0,3.0,2
2022HU0417781,07514,136,34,21.0,1,250000.0,0850,250000.0,132052,1137000.0,3.0,2
2022HU0417821,07512,109,74,16.0,2,0.0,,3600.0,,61500.0,3.0,5
2022HU0417821,07512,105,54,16.0,2,0.0,,11100.0,,61500.0,3.0,5
2022HU0417821,07512,92,65,16.0,2,0.0,,9600.0,,61500.0,3.0,5
2022HU0417821,07512,91,86,16.0,2,0.0,,11200.0,,61500.0,3.0,5
2022HU0417821,07512,91,75,20.0,2,26000.0,3602,26000.0,311122,61500.0,3.0,5
2022HU0418325,07511,60,36,22.0,2,75000.0,2810,75020.0,273023,236100.0,1.0,2
2022HU0418325,07511,62,37,24.0,1,161000.0,2205,161080.0,251000,236100.0,1.0,2
2022HU0418395,07511,43,54,21.0,2,0.0,0705,65000.0,131082,117700.0,1.0,4
2022HU0418395,07511,49,55,21.0,1,24700.0,4760,32700.0,412031,117700.0,1.0,4
2022HU0418395,07511,28,20,18.0,2,20000.0,4110,20000.0,353031,117700.0,1.0,4
2022HU0418395,07511,49,18,16.0,1,0.0,,0.0,,117700.0,1.0,4
2022HU0418452,07509,62,49,18.0,2,21000.0,5610,21000.0,435071,21000.0,3.0,1
2022HU0418553,07510,38,50,23.0,1,687000.0,2100,719000.0,2310XX,719000.0,3.0,1
2022HU0418602,07511,147,52,21.0,2,20000.0,2635,31000.0,271025,31000.0,3.0,1
2022HU0418806,07508,62,26,21.0,2,80000.0,0120,80000.0,113031,158000.0,3.0,2
2022HU0418806,07508,74,26,21.0,2,0.0,2145,78000.0,232011,158000.0,3.0,2
2022HU0419207,07511,60,59,21.0,2,81000.0,0735,89300.0,131161,89300.0,3.0,1
2022HU0419296,07512,67,38,22.0,1,100000.0,1430,100010.0,172110,100010.0,3.0,1
2022HU0419591,07509,44,43,19.0,1,120000.0,0110,120000.0,113021,257550.0,3.0,8
2022HU0419591,07509,53,40,22.0,2,80000.0,2640,82000.0,27102X,257550.0,3.0,8
2022HU0419591,07509,47,10,8.0,1,,,,,257550.0,3.0,8
2022HU0419591,07509,46,7,5.0,1,,,,,257550.0,3.0,8
2022HU0419591,07509,47,7,4.0,1,,,,,257550.0,3.0,8
2022HU0419591,07509,57,38,23.0,1,43000.0,3300,43350.0,292010,257550.0,3.0,8
2022HU0419591,07509,45,70,20.0,2,0.0,,12200.0,,257550.0,3.0,8
2022HU0419591,07509,44,70,6.0,2,0.0,,0.0,,257550.0,3.0,8
2022HU0420102,07508,90,54,22.0,1,241000.0,0051,262000.0,112021,316500.0,1.0,4
2022HU0420102,07508,67,50,22.0,2,54000.0,0726,54500.0,131131,316500.0,1.0,4
2022HU0420102,07508,69,5,2.0,1,,,,,316500.0,1.0,4
2022HU0420102,07508,90,3,1.0,2,,,,,316500.0,1.0,4
2022HU0420575,07510,57,63,24.0,1,0.0,1530,25000.0,1721YY,25000.0,3.0,1
2022HU0420717,07509,100,29,22.0,1,110000.0,3910,110690.0,339021,110690.0,3.0,1
2022HU0421169,07511,117,33,21.0,2,160000.0,1021,160000.0,151252,160000.0,3.0,1
2022HU0422711,07514,96,71,13.0,1,0.0,3930,17100.0,339030,37800.0,3.0,3
2022HU0422711,07514,78,59,13.0,2,8500.0,4720,9700.0,412010,37800.0,3.0,3
2022HU0422711,07514,73,27,20.0,1,0.0,3930,11000.0,339030,37800.0,3.0,3
2022HU0422756,07508,87,38,21.0,2,95000.0,1032,95000.0,151255,260000.0,3.0,4
2022HU0422756,07508,103,40,22.0,1,165000.0,2640,165000.0,27102X,260000.0,3.0,4
2022HU0422756,07508,90,4,1.0,1,,,,,260000.0,3.0,4
2022HU0422756,07508,179,1,,2,,,,,260000.0,3.0,4
2022HU0423105,07508,67,58,21.0,1,0.0,,28000.0,,206500.0,2.0,3
2022HU0423105,07508,87,54,22.0,2,80000.0,0850,82000.0,132052,206500.0,2.0,3
2022HU0423105,07508,56,94,16.0,2,0.0,,96500.0,,206500.0,2.0,3
2022HU0423122,07513,30,62,21.0,2,150000.0,0440,147300.0,1191XX,147300.0,1.0,1
2022HU0423596,07509,50,25,21.0,1,270000.0,4840,270600.0,413091,270600.0,3.0,1
2022HU0426711,07510,93,38,21.0,1,112000.0,1021,112000.0,151252,272000.0,3.0,2
2022HU0426711,07510,94,38,24.0,2,160000.0,1760,160000.0,192099,272000.0,3.0,2
2022HU0427237,07507,123,30,20.0,2,0.0,4760,0.0,412031,0.0,3.0,1
2022HU0427457,07512,61,73,20.0,2,0.0,,44600.0,,83200.0,2.0,2
2022HU0427457,07512,73,77,15.0,1,0.0,,38600.0,,83200.0,2.0,2
2022HU0428258,07512,97,76,19.0,2,0.0,,87900.0,,95540.0,2.0,2
2022HU0428258,07512,109,48,23.0,1,7400.0,5940,7640.0,439XXX,95540.0,2.0,2
2022HU0428566,07512,163,47,21.0,2,31400.0,7540,31400.0,499094,131400.0,1.0,5
2022HU0428566,07512,189,47,22.0,1,60000.0,7540,100000.0,499094,131400.0,1.0,5
2022HU0428566,07512,171,11,7.0,1,,,,,131400.0,1.0,5
2022HU0428566,07512,171,9,5.0,1,,,,,131400.0,1.0,5
2022HU0428566,07512,172,6,3.0,1,,,,,131400.0,1.0,5
2022HU0428823,07511,51,58,21.0,1,160000.0,1980,160000.0,195010,260000.0,1.0,4
2022HU0428823,07511,44,53,21.0,2,100000.0,2320,100000.0,252030,260000.0,1.0,4
2022HU0428823,07511,157,18,16.0,2,0.0,,0.0,,260000.0,1.0,4
2022HU0428823,07511,46,13,10.0,1,,,,,260000.0,1.0,4
2022HU0429336,07509,164,31,21.0,1,200000.0,4840,200000.0,413091,295000.0,2.0,2
2022HU0429336,07509,191,31,22.0,2,95000.0,1970,95000.0,1940YY,295000.0,2.0,2
2022HU0430176,07514,72,74,22.0,2,0.0,,111300.0,,111300.0,3.0,1
2022HU0430789,07507,63,71,19.0,2,0.0,,15500.0,,22900.0,2.0,2
2022HU0430789,07507,141,88,19.0,1,0.0,,7400.0,,22900.0,2.0,2
2022HU0430987,07507,58,55,20.0,1,90000.0,1106,90000.0,151241,181000.0,3.0,3
2022HU0430987,07507,89,52,21.0,2,90000.0,0800,91000.0,132011,181000.0,3.0,3
2022HU0430987,07507,128,17,15.0,2,0.0,,0.0,,181000.0,3.0,3
2022HU0431415,07510,202,37,20.0,1,250000.0,1105,250000.0,151244,420000.0,1.0,3
2022HU0431415,07510,237,36,22.0,2,170000.0,1825,170000.0,19303X,420000.0,1.0,3
2022HU0431415,07510,372,2,,2,,,,,420000.0,1.0,3
2022HU0431501,07509,184,37,19.0,1,0.0,4110,6000.0,353031,6000.0,3.0,1
2022HU0431911,07511,46,27,22.0,1,130000.0,1460,130000.0,172141,225000.0,3.0,2
2022HU0431911,07511,47,30,21.0,2,95000.0,1240,95000.0,1520XX,225000.0,3.0,2
2022HU0431956,07509,67,32,1.0,2,0.0,,14300.0,,14300.0,3.0,1
2022HU0432044,07509,148,65,21.0,1,28000.0,4760,30600.0,412031,30600.0,2.0,1
2022HU0432236,07513,45,36,21.0,1,225000.0,1005,225000.0,151221,375000.0,1.0,5
2022HU0432236,07513,36,36,22.0,2,150000.0,3110,150000.0,291071,375000.0,1.0,5
2022HU0432236,07513,90,10,6.0,2,,,,,375000.0,1.0,5
2022HU0432236,07513,100,7,3.0,1,,,,,375000.0,1.0,5
2022HU0432236,07513,62,4,2.0,2,,,,,375000.0,1.0,5
2022HU0432378,07514,113,40,22.0,2,0.0,3245,445000.0,29112X,500000.0,1.0,4
2022HU0432378,07514,124,42,16.0,1,55000.0,6230,55000.0,472031,500000.0,1.0,4
2022HU0432378,07514,117,5,2.0,2,,,,,500000.0,1.0,4
2022HU0432378,07514,101,0,,2,,,,,500000.0,1.0,4
2022HU0433021,07513,50,64,21.0,1,300000.0,4810,350000.0,413021,380000.0,1.0,2
2022HU0433021,07513,49,58,21.0,2,0.0,4621,30000.0,399031,380000.0,1.0,2
2022HU0433759,07511,57,61,21.0,2,940.0,0800,940.0,132011,940.0,3.0,1
2022HU0434061,07510,58,66,20.0,2,4600.0,4110,32700.0,353031,105050.0,3.0,2
2022HU0434061,07510,51,65,18.0,1,70000.0,4760,72350.0,412031,105050.0,3.0,2
2022HU0434299,07508,76,43,21.0,2,0.0,5860,0.0,439061,0.0,3.0,1
2022HU0434563,07512,73,83,20.0,2,0.0,,3100.0,,3100.0,1.0,1
2022HU0434680,07508,112,37,21.0,1,0.0,2634,50000.0,271024,135000.0,3.0,3
2022HU0434680,07508,107,37,21.0,1,85000.0,5330,85000.0,434131,135000.0,3.0,3
2022HU0434680,07508,118,27,20.0,2,0.0,4600,0.0,399011,135000.0,3.0,3
2022HU0434839,07512,151,38,22.0,1,130000.0,1430,130100.0,172110,529100.0,3.0,4
2022HU0434839,07512,148,32,21.0,1,90000.0,1021,90000.0,151252,529100.0,3.0,4
2022HU0434839,07512,127,29,21.0,1,149000.0,1021,149000.0,151252,529100.0,3.0,4
2022HU0434839,07512,127,27,21.0,1,160000.0,0110,160000.0,113021,529100.0,3.0,4
2022HU0435864,07511,115,55,21.0,2,21000.0,0440,23200.0,1191XX,266200.0,1.0,3
2022HU0435864,07511,93,53,22.0,2,93000.0,5220,93000.0,434031,266200.0,1.0,3
2022HU0435864,07511,92,45,22.0,2,150000.0,2600,150000.0,271010,266200.0,1.0,3
2022HU0436242,07507,152,49,1.0,2,2000.0,4020,6800.0,352010,51300.0,1.0,5
2022HU0436242,07507,174,49,1.0,1,48000.0,4000,42500.0,351011,51300.0,1.0,5
2022HU0436242,07507,104,16,13.0,1,2000.0,8740,2000.0,519061,51300.0,1.0,5
2022HU0436242,07507,125,13,11.0,1,,,,,51300.0,1.0,5
2022HU0436242,07507,124,11,8.0,1,,,,,51300.0,1.0,5
2022HU0436626,07508,66,68,21.0,1,0.0,,100000.0,,170000.0,2.0,2
2022HU0436626,07508,81,65,19.0,1,0.0,3630,70000.0,319011,170000.0,2.0,2
2022HU0436887,07508,120,48,21.0,1,163000.0,1021,163000.0,151252,463000.0,1.0,2
2022HU0436887,07508,129,39,22.0,1,300000.0,1021,300000.0,151252,463000.0,1.0,2
2022HU0437110,07507,29,69,1.0,1,0.0,,21800.0,,95200.0,3.0,4
2022HU0437110,07507,28,67,1.0,2,0.0,4110,9000.0,353031,95200.0,3.0,4
2022HU0437110,07507,30,30,21.0,1,44000.0,3520,44000.0,292081,95200.0,3.0,4
2022HU0437110,07507,27,25,21.0,2,20400.0,4540,20400.0,397010,95200.0,3.0,4
2022HU0437363,07510,93,47,22.0,2,372000.0,1760,382000.0,192099,382000.0,3.0,1
2022HU0438212,07511,86,43,21.0,2,80000.0,2634,80000.0,271024,80000.0,3.0,1
2022HU0438742,07511,57,63,22.0,1,92000.0,2002,92000.0,211012,92000.0,3.0,1
2022HU0439317,07511,56,32,22.0,1,175000.0,0440,175100.0,1191XX,245100.0,3.0,2
2022HU0439317,07511,47,29,22.0,2,70000.0,2310,70000.0,252020,245100.0,3.0,2
2022HU0439615,07511,136,81,23.0,2,0.0,,103200.0,,103200.0,3.0,1
2022HU0440244,07513,114,57,23.0,2,141000.0,0020,141000.0,111021,266000.0,3.0,3
2022HU0440244,07513,134,17,14.0,2,0.0,,0.0,,266000.0,3.0,3
2022HU0440244,07513,47,78,19.0,2,0.0,,125000.0,,266000.0,3.0,3
2022HU0440415,07510,166,72,16.0,1,0.0,0440,84300.0,1191XX,84300.0,3.0,1
2022HU0440512,07510,50,59,24.0,2,297000.0,0230,297000.0,119030,297000.0,1.0,1
2022HU0440688,07513,48,53,21.0,1,57000.0,0020,57000.0,111021,241000.0,1.0,2
2022HU0440688,07513,48,53,21.0,1,0.0,0010,184000.0,1110XX,241000.0,1.0,2
2022HU0442071,07509,74,56,22.0,1,220000.0,1108,220000.0,151299,287780.0,4.0,6
2022HU0442071,07509,64,94,23.0,1,0.0,,10740.0,,287780.0,4.0,6
2022HU0442071,07509,64,94,21.0,1,0.0,,6600.0,,287780.0,4.0,6
2022HU0442071,07509,64,84,24.0,1,0.0,,10740.0,,287780.0,4.0,6
2022HU0442071,07509,64,81,19.0,1,0.0,,11700.0,,287780.0,4.0,6
2022HU0442071,07509,81,26,19.0,1,28000.0,2600,28000.0,271010,287780.0,4.0,6
2022HU0442740,07509,163,38,15.0,1,54000.0,8610,54000.0,518021,54000.0,3.0,1
2022HU0443135,07510,92,68,21.0,2,0.0,0340,69920.0,119081,69920.0,1.0,1
2022HU0443416,07512,101,68,21.0,1,20000.0,4830,110000.0,413041,415000.0,1.0,2
2022HU0443416,07512,89,67,22.0,2,275000.0,0010,305000.0,1110XX,415000.0,1.0,2
2022HU0443616,07510,104,76,21.0,2,0.0,,48200.0,,48200.0,3.0,1
2022HU0444945,07514,32,23,21.0,2,90000.0,0735,90000.0,131161,90000.0,3.0,1
2022HU0445035,07512,55,45,21.0,1,145000.0,2600,145000.0,271010,145000.0,3.0,1
2022HU0445130,07511,56,35,21.0,1,200000.0,0440,200000.0,1191XX,350000.0,1.0,2
2022HU0445130,07511,61,35,22.0,1,150000.0,0440,150000.0,1191XX,350000.0,1.0,2
2022HU0445201,07510,91,30,21.0,2,70000.0,5240,70000.0,434051,70000.0,1.0,1
2022HU0445223,07511,56,67,21.0,1,0.0,,55000.0,,55000.0,1.0,1
2022HU0445805,07510,120,29,23.0,2,150000.0,2100,150000.0,2310XX,150000.0,3.0,1
2022HU0446118,07513,33,34,17.0,2,28500.0,7750,28500.0,5120XX,75500.0,1.0,6
2022HU0446118,07513,32,35,1.0,1,27700.0,7330,27700.0,49904X,75500.0,1.0,6
2022HU0446118,07513,30,40,1.0,2,3200.0,8255,3200.0,515112,75500.0,1.0,6
2022HU0446118,07513,33,68,1.0,1,0.0,,0.0,,75500.0,1.0,6
2022HU0446118,07513,32,66,1.0,2,16100.0,3602,16100.0,311122,75500.0,1.0,6
2022HU0446118,07513,31,14,12.0,2,,,,,75500.0,1.0,6
2022HU0446135,07507,80,50,21.0,2,73000.0,0705,73000.0,131082,73000.0,3.0,2
2022HU0446135,07507,63,38,13.0,2,0.0,,0.0,,73000.0,3.0,2
2022HU0446505,07514,263,30,19.0,1,68000.0,3655,68000.0,31909X,195030.0,3.0,4
2022HU0446505,07514,338,26,19.0,2,28000.0,4350,28000.0,392021,195030.0,3.0,4
2022HU0446505,07514,255,26,21.0,2,44000.0,0800,44030.0,132011,195030.0,3.0,4
2022HU0446505,07514,303,25,21.0,1,55000.0,1021,55000.0,151252,195030.0,3.0,4
2022HU0446575,07511,285,28,21.0,2,120000.0,0440,120000.0,1191XX,807000.0,3.0,2
2022HU0446575,07511,344,30,22.0,1,687000.0,4820,687000.0,413031,807000.0,3.0,2
2022HU0447957,07508,238,48,21.0,2,110000.0,3255,110000.0,291141,110000.0,3.0,1
2022HU0448260,07511,60,58,21.0,1,135000.0,1021,138400.0,151252,242250.0,2.0,4
2022HU0448260,07511,51,51,21.0,2,100000.0,2600,100450.0,271010,242250.0,2.0,4
2022HU0448260,07511,56,18,14.0,1,1900.0,4622,1900.0,399032,242250.0,2.0,4
2022HU0448260,07511,56,16,12.0,1,1500.0,1970,1500.0,1940YY,242250.0,2.0,4
2022HU0449148,07509,61,26,21.0,2,200000.0,1021,200000.0,151252,200000.0,3.0,1
2022HU0449781,07511,56,43,21.0,1,140000.0,1021,140000.0,151252,190000.0,3.0,3
2022HU0449781,07511,51,31,20.0,2,0.0,4110,50000.0,353031,190000.0,3.0,3
2022HU0449781,07511,45,1,,1,,,,,190000.0,3.0,3
2022HU0449902,07511,56,26,21.0,1,90000.0,1320,98000.0,172011,458000.0,3.0,3
2022HU0449902,07511,42,29,21.0,1,200000.0,2905,200000.0,2740XX,458000.0,3.0,3
2022HU0449902,07511,55,27,21.0,1,160000.0,4840,160000.0,413091,458000.0,3.0,3
2022HU0449950,07514,80,27,21.0,1,250000.0,1021,247300.0,151252,497300.0,3.0,2
2022HU0449950,07514,82,26,21.0,2,250000.0,0040,250000.0,112011,497300.0,3.0,2
2022HU0449957,07511,59,51,22.0,1,128000.0,1006,128000.0,151211,303000.0,1.0,2
2022HU0449957,07511,48,55,22.0,1,175000.0,3258,175000.0,2911XX,303000.0,1.0,2
2022HU0450583,07512,185,71,16.0,2,0.0,,16400.0,,106400.0,2.0,3
2022HU0450583,07512,144,72,1.0,1,0.0,,90000.0,,106400.0,2.0,3
2022HU0450583,07512,131,18,15.0,1,0.0,,0.0,,106400.0,2.0,3
2022HU0450812,07507,60,68,16.0,1,0.0,4850,0.0,414010,20000.0,2.0,3
2022HU0450812,07507,58,67,18.0,2,0.0,3603,0.0,311131,20000.0,2.0,3
2022HU0450812,07507,61,34,18.0,1,20000.0,3424,20000.0,292056,20000.0,2.0,3
2022HU0450931,07509,102,30,22.0,2,240000.0,2100,240000.0,2310XX,240000.0,3.0,1
2022HU0450963,07508,97,44,21.0,1,350000.0,1530,350000.0,1721YY,350000.0,3.0,2
2022HU0450963,07508,86,36,19.0,2,0.0,0020,0.0,111021,350000.0,3.0,2
2022HU0451070,07514,328,30,21.0,2,160000.0,4710,160000.0,411012,360000.0,3.0,2
2022HU0451070,07514,282,30,21.0,1,200000.0,0440,200000.0,1191XX,360000.0,3.0,2
2022HU0451394,07507,83,37,17.0,1,53000.0,7130,53000.0,492098,103000.0,2.0,4
2022HU0451394,07507,83,29,20.0,2,40000.0,5240,40000.0,434051,103000.0,2.0,4
2022HU0451394,07507,52,16,13.0,1,0.0,,0.0,,103000.0,2.0,4
2022HU0451394,07507,74,66,15.0,1,0.0,6355,10000.0,472111,103000.0,2.0,4
2022HU0451413,07510,249,28,22.0,1,160000.0,1460,160000.0,172141,160000.0,3.0,1
2022HU0451631,07509,176,56,18.0,1,10000.0,5510,10050.0,435021,66050.0,3.0,3
2022HU0451631,07509,184,55,16.0,2,48000.0,5160,54000.0,433071,66050.0,3.0,3
2022HU0451631,07509,127,21,16.0,1,2000.0,9645,2000.0,537065,66050.0,3.0,3
2022HU0452089,07507,78,67,15.0,2,30000.0,5740,30000.0,436014,85000.0,1.0,7
2022HU0452089,07507,80,69,1.0,1,0.0,7200,10000.0,493023,85000.0,1.0,7
2022HU0452089,07507,76,41,15.0,1,0.0,,0.0,,85000.0,1.0,7
2022HU0452089,07507,77,41,16.0,2,40000.0,3630,40000.0,319011,85000.0,1.0,7
2022HU0452089,07507,105,19,16.0,2,5000.0,4110,5000.0,353031,85000.0,1.0,7
2022HU0452089,07507,52,15,14.0,1,0.0,,0.0,,85000.0,1.0,7
2022HU0452089,07507,111,9,6.0,2,,,,,85000.0,1.0,7
2022HU0452142,07512,64,67,21.0,1,200000.0,0220,205000.0,119021,205000.0,4.0,2
2022HU0452142,07512,56,26,20.0,2,0.0,4760,0.0,412031,205000.0,4.0,2
2022HU0452506,07511,90,86,21.0,1,0.0,,44000.0,,91200.0,2.0,3
2022HU0452506,07511,79,71,20.0,2,0.0,,25600.0,,91200.0,2.0,3
2022HU0452506,07511,69,37,20.0,1,9600.0,5740,21600.0,436014,91200.0,2.0,3
2022HU0452817,07509,145,30,22.0,1,400000.0,0051,410000.0,112021,410000.0,3.0,1
2022HU0452883,07511,57,66,19.0,1,0.0,,15600.0,,105600.0,3.0,2
2022HU0452883,07511,55,63,24.0,1,90000.0,5720,90000.0,436012,105600.0,3.0,2
2022HU0453141,07508,82,85,21.0,2,0.0,,53000.0,,133000.0,2.0,2
2022HU0453141,07508,74,24,21.0,1,80000.0,1108,80000.0,151299,133000.0,2.0,2
2022HU0453489,07507,55,29,21.0,1,42000.0,4220,42000.0,37201X,109000.0,3.0,2
2022HU0453489,07507,57,67,21.0,2,42000.0,3640,67000.0,319091,109000.0,3.0,2
2022HU0454660,07510,99,30,22.0,1,225000.0,4820,235000.0,413031,305000.0,3.0,2
2022HU0454660,07510,94,30,23.0,2,70000.0,0800,70000.0,132011,305000.0,3.0,2
2022HU0454763,07510,40,34,21.0,2,75000.0,0725,75000.0,131121,120000.0,3.0,2
2022HU0454763,07510,50,37,22.0,1,45000.0,5740,45000.0,436014,120000.0,3.0,2
2022HU0455104,07507,59,58,22.0,1,0.0,0735,445000.0,131161,445000.0,1.0,4
2022HU0455104,07507,54,15,12.0,1,0.0,,0.0,,445000.0,1.0,4
2022HU0455104,07507,52,13,10.0,1,,,,,445000.0,1.0,4
2022HU0455104,07507,52,9,6.0,1,,,,,445000.0,1.0,4
2022HU0455859,07508,101,46,19.0,1,40000.0,4110,40000.0,353031,75000.0,3.0,2
2022HU0455859,07508,81,46,18.0,2,35000.0,4110,35000.0,353031,75000.0,3.0,2
2022HU0456268,07510,135,33,22.0,1,230000.0,0800,230000.0,132011,320000.0,1.0,2
2022HU0456268,07510,109,29,21.0,2,90000.0,0060,90000.0,112030,320000.0,1.0,2
2022HU0457017,07510,141,55,19.0,1,32000.0,0845,42000.0,132051,42000.0,3.0,1
2022HU0457060,07512,70,33,21.0,1,67000.0,4435,67000.0,3930XX,142000.0,3.0,2
2022HU0457060,07512,41,33,21.0,1,75000.0,4710,75000.0,411012,142000.0,3.0,2
2022HU0457293,07512,69,55,19.0,2,2000.0,5240,24300.0,434051,99300.0,3.0,5
2022HU0457293,07512,75,57,18.0,1,69000.0,4120,69000.0,353041,99300.0,3.0,5
2022HU0457293,07512,37,24,19.0,2,0.0,4720,0.0,412010,99300.0,3.0,5
2022HU0457293,07512,61,19,18.0,2,0.0,,0.0,,99300.0,3.0,5
2022HU0457293,07512,49,85,22.0,2,0.0,,6000.0,,99300.0,3.0,5
2022HU0457375,07514,42,25,21.0,2,90000.0,0060,90000.0,112030,290000.0,3.0,3
2022HU0457375,07514,36,27,21.0,2,100000.0,0630,100000.0,131070,290000.0,3.0,3
2022HU0457375,07514,37,27,21.0,2,100000.0,2825,100000.0,273031,290000.0,3.0,3
2022HU0457683,07514,67,28,21.0,1,200000.0,0845,200000.0,132051,200000.0,3.0,1
2022HU0457745,07509,144,34,21.0,1,0.0,,120000.0,,120000.0,1.0,1
2022HU0458225,07511,60,31,21.0,1,150000.0,4850,150500.0,414010,300500.0,3.0,2
2022HU0458225,07511,51,30,21.0,1,150000.0,0051,150000.0,112021,300500.0,3.0,2
2022HU0458536,07510,86,43,21.0,2,15000.0,3402,15000.0,292043,126000.0,3.0,2
2022HU0458536,07510,100,41,22.0,1,111000.0,0110,111000.0,113021,126000.0,3.0,2
2022HU0458889,07511,49,26,22.0,2,73000.0,1760,73000.0,192099,196700.0,3.0,2
2022HU0458889,07511,61,25,21.0,1,122000.0,1240,123700.0,1520XX,196700.0,3.0,2
2022HU0458949,07510,115,72,16.0,1,34000.0,1970,46000.0,1940YY,72600.0,1.0,2
2022HU0458949,07510,78,69,16.0,2,0.0,4720,26600.0,412010,72600.0,1.0,2
2022HU0458971,07511,104,39,24.0,1,200000.0,1530,200100.0,1721YY,400300.0,3.0,2
2022HU0458971,07511,71,29,21.0,2,200000.0,0120,200200.0,113031,400300.0,3.0,2
2022HU0459023,07514,56,47,21.0,2,250000.0,0120,250000.0,113031,250000.0,3.0,3
2022HU0459023,07514,58,57,21.0,1,0.0,,0.0,,250000.0,3.0,3
2022HU0459023,07514,77,1,,1,,,,,250000.0,3.0,3
2022HU0459341,07507,59,76,20.0,1,0.0,,128700.0,,205850.0,2.0,2
2022HU0459341,07507,49,66,20.0,2,77000.0,5320,77150.0,434121,205850.0,2.0,2
2022HU0459533,07512,77,24,21.0,2,0.0,,0.0,,0.0,3.0,3
2022HU0459533,07512,84,27,21.0,2,0.0,3646,0.0,319094,0.0,3.0,3
2022HU0459533,07512,65,24,21.0,2,0.0,,0.0,,0.0,3.0,3
2022HU0459666,07513,51,65,20.0,2,0.0,2555,12000.0,2590XX,162000.0,3.0,2
2022HU0459666,07513,72,55,19.0,1,150000.0,7140,150000.0,493011,162000.0,3.0,2
2022HU0460298,07509,33,45,19.0,2,40000.0,5560,130000.0,435053,171000.0,3.0,2
2022HU0460298,07509,31,23,21.0,1,41000.0,3401,41000.0,292042,171000.0,3.0,2
2022HU0461079,07512,56,56,22.0,2,34000.0,2635,46000.0,271025,92000.0,2.0,2
2022HU0461079,07512,54,50,22.0,1,34000.0,1305,46000.0,171011,92000.0,2.0,2
2022HU0462098,07508,77,85,23.0,1,91000.0,3090,330900.0,291210,339900.0,2.0,2
2022HU0462098,07508,70,75,23.0,2,0.0,3090,9000.0,291210,339900.0,2.0,2
2022HU0462180,07514,50,27,21.0,2,100000.0,3255,100000.0,291141,247300.0,3.0,2
2022HU0462180,07514,44,27,21.0,2,150000.0,0800,147300.0,132011,247300.0,3.0,2
2022HU0462587,07511,48,45,22.0,2,165000.0,1021,165000.0,151252,415000.0,3.0,2
2022HU0462587,07511,63,42,21.0,1,250000.0,0051,250000.0,112021,415000.0,3.0,2
2022HU0462610,07507,53,87,16.0,2,0.0,,24000.0,,79000.0,1.0,2
2022HU0462610,07507,48,64,18.0,2,55000.0,5400,55000.0,434171,79000.0,1.0,2
2022HU0462875,07513,75,35,16.0,1,30000.0,4020,58000.0,352010,80300.0,1.0,4
2022HU0462875,07513,68,30,15.0,1,14000.0,2205,14000.0,251000,80300.0,1.0,4
2022HU0462875,07513,46,23,16.0,1,0.0,,8300.0,,80300.0,1.0,4
2022HU0462875,07513,45,22,16.0,1,0.0,,0.0,,80300.0,1.0,4
2022HU0463238,07511,148,37,23.0,2,45700.0,2003,484000.0,211013,1363000.0,3.0,4
2022HU0463238,07511,158,32,22.0,1,687000.0,1021,687000.0,151252,1363000.0,3.0,4
2022HU0463238,07511,142,34,21.0,2,72000.0,4700,72000.0,411011,1363000.0,3.0,4
2022HU0463238,07511,137,31,21.0,2,120000.0,3255,120000.0,291141,1363000.0,3.0,4
2022HU0463734,07514,65,36,21.0,1,265000.0,0850,265000.0,132052,345000.0,3.0,2
2022HU0463734,07514,74,36,21.0,2,80000.0,0800,80000.0,132011,345000.0,3.0,2
2022HU0464233,07511,52,33,21.0,2,200000.0,5740,200000.0,436014,305000.0,3.0,3
2022HU0464233,07511,55,36,21.0,1,70000.0,5740,70000.0,436014,305000.0,3.0,3
2022HU0464233,07511,76,30,22.0,1,0.0,0735,35000.0,131161,305000.0,3.0,3
2022HU0464632,07507,153,56,18.0,2,0.0,,0.0,,0.0,2.0,1
2022HU0464767,07514,56,59,22.0,2,687000.0,0120,702000.0,113031,702000.0,1.0,1
2022HU0465768,07511,50,65,19.0,1,0.0,,25800.0,,40200.0,3.0,2
2022HU0465768,07511,49,70,19.0,1,0.0,,14400.0,,40200.0,3.0,2
2022HU0466206,07510,105,35,22.0,1,350000.0,1021,350000.0,151252,350000.0,3.0,3
2022HU0466206,07510,90,33,22.0,2,0.0,2100,0.0,2310XX,350000.0,3.0,3
2022HU0466206,07510,110,1,,1,,,,,350000.0,3.0,3
2022HU0466931,07510,113,26,22.0,1,100000.0,1108,100500.0,151299,100500.0,3.0,1
2022HU0468575,07508,55,49,21.0,1,0.0,2905,0.0,2740XX,75000.0,3.0,2
2022HU0468575,07508,46,49,21.0,2,75000.0,0230,75000.0,119030,75000.0,3.0,2
2022HU0468891,07511,56,64,16.0,2,0.0,0120,0.0,113031,10000.0,1.0,3
2022HU0468891,07511,63,64,16.0,1,0.0,9130,1000.0,533030,10000.0,1.0,3
2022HU0468891,07511,81,38,15.0,1,0.0,7200,9000.0,493023,10000.0,1.0,3
2022HU0469169,07513,61,34,21.0,2,70000.0,5240,70000.0,434051,130000.0,2.0,4
2022HU0469169,07513,56,38,21.0,1,60000.0,0800,60000.0,132011,130000.0,2.0,4
2022HU0469169,07513,60,68,1.0,1,0.0,,0.0,,130000.0,2.0,4
2022HU0469169,07513,58,67,1.0,2,0.0,,0.0,,130000.0,2.0,4
2022HU0469411,07514,66,31,22.0,1,300000.0,0710,300000.0,131111,300000.0,3.0,1
2022HU0469837,07508,39,84,15.0,2,0.0,,22100.0,,22100.0,2.0,1
2022HU0470124,07511,56,57,22.0,1,163000.0,0020,163000.0,111021,163000.0,1.0,1
2022HU0470373,07511,143,33,23.0,1,240000.0,2100,240000.0,2310XX,330000.0,3.0,2
2022HU0470373,07511,146,33,21.0,2,90000.0,0060,90000.0,112030,330000.0,3.0,2
2022HU0471207,07508,53,75,18.0,2,0.0,,46500.0,,46500.0,3.0,1
2022HU0471968,07509,43,36,22.0,1,25000.0,0800,25000.0,132011,26000.0,3.0,2
2022HU0471968,07509,39,35,22.0,2,1000.0,0440,1000.0,1191XX,26000.0,3.0,2
2022HU0473044,07512,64,60,21.0,1,100000.0,1460,124000.0,172141,314000.0,1.0,2
2022HU0473044,07512,60,55,21.0,2,140000.0,3255,190000.0,291141,314000.0,1.0,2
2022HU0473260,07513,59,94,9.0,2,0.0,,15000.0,,36000.0,2.0,2
2022HU0473260,07513,56,64,16.0,2,0.0,,21000.0,,36000.0,2.0,2
2022HU0473318,07509,237,63,21.0,1,0.0,,10000.0,,10000.0,3.0,1
2022HU0473418,07509,85,47,21.0,2,350000.0,2145,350000.0,232011,350000.0,3.0,1
2022HU0473574,07507,207,38,16.0,2,12000.0,2360,12400.0,2530XX,12400.0,3.0,1
2022HU0474194,07507,54,38,24.0,1,230000.0,0360,230000.0,119121,294000.0,1.0,4
2022HU0474194,07507,48,38,18.0,2,64000.0,3610,64000.0,312010,294000.0,1.0,4
2022HU0474194,07507,42,5,2.0,1,,,,,294000.0,1.0,4
2022HU0474194,07507,49,3,2.0,2,,,,,294000.0,1.0,4
2022HU0474252,07507,53,90,16.0,2,0.0,,23000.0,,23000.0,2.0,1
2022HU0474359,07509,58,47,21.0,2,73000.0,0705,73000.0,131082,73000.0,3.0,1
2022HU0474441,07513,75,30,23.0,2,165000.0,3050,165180.0,291051,311880.0,2.0,3
2022HU0474441,07513,96,31,22.0,1,125000.0,0300,122300.0,119041,311880.0,2.0,3
2022HU0474441,07513,70,70,9.0,2,0.0,,24400.0,,311880.0,2.0,3
2022HU0475285,07512,167,57,22.0,1,155000.0,0120,161500.0,113031,161800.0,1.0,2
2022HU0475285,07512,157,58,16.0,2,0.0,,300.0,,161800.0,1.0,2
2022HU0476237,07513,146,44,20.0,1,0.0,4500,18400.0,395011,18400.0,3.0,2
2022HU0476237,07513,109,8,5.0,2,,,,,18400.0,3.0,2
2022HU0476243,07510,52,69,18.0,1,291000.0,3870,302400.0,333050,622900.0,1.0,4
2022HU0476243,07510,38,65,22.0,2,2500.0,2300,35500.0,252010,622900.0,1.0,4
2022HU0476243,07510,66,57,22.0,1,200000.0,1021,200000.0,151252,622900.0,1.0,4
2022HU0476243,07510,56,61,1.0,2,85000.0,2330,85000.0,252050,622900.0,1.0,4
2022HU0476430,07509,75,80,21.0,2,0.0,,12400.0,,12400.0,3.0,1
2022HU0477717,07509,62,37,23.0,1,270000.0,2100,270000.0,2310XX,270000.0,3.0,1
2022HU0477787,07512,206,72,21.0,1,0.0,0440,48500.0,1191XX,48500.0,3.0,1
2022HU0477844,07513,80,62,20.0,2,65000.0,5740,65000.0,436014,315000.0,1.0,2
2022HU0477844,07513,92,65,21.0,1,250000.0,0750,250000.0,131199,315000.0,1.0,2
2022HU0478692,07508,225,44,20.0,2,12500.0,0410,12500.0,119141,12500.0,3.0,3
2022HU0478692,07508,234,41,20.0,2,0.0,,0.0,,12500.0,3.0,3
2022HU0478692,07508,170,12,9.0,1,,,,,12500.0,3.0,3
2022HU0478715,07511,68,32,22.0,1,180000.0,3323,180100.0,292034,255100.0,3.0,2
2022HU0478715,07511,76,34,22.0,1,75000.0,1021,75000.0,151252,255100.0,3.0,2
2022HU0479087,07508,69,73,21.0,2,0.0,,8010.0,,8010.0,2.0,1
2022HU0479476,07508,65,47,22.0,1,200000.0,0845,300000.0,132051,300000.0,1.0,4
2022HU0479476,07508,56,53,22.0,2,0.0,,0.0,,300000.0,1.0,4
2022HU0479476,07508,58,13,10.0,2,,,,,300000.0,1.0,4
2022HU0479476,07508,59,13,10.0,2,,,,,300000.0,1.0,4
2022HU0480336,07511,58,45,22.0,1,300000.0,0120,300000.0,113031,700000.0,1.0,3
2022HU0480336,07511,48,48,22.0,2,400000.0,0051,400000.0,112021,700000.0,1.0,3
2022HU0480336,07511,89,9,5.0,1,,,,,700000.0,1.0,3
2022HU0480555,07508,58,53,21.0,1,120000.0,0440,314000.0,1191XX,759000.0,1.0,4
2022HU0480555,07508,64,44,22.0,2,0.0,0440,445000.0,1191XX,759000.0,1.0,4
2022HU0480555,07508,78,13,10.0,2,,,,,759000.0,1.0,4
2022HU0480555,07508,78,10,8.0,2,,,,,759000.0,1.0,4
2022HU0481085,07511,41,47,21.0,2,20000.0,2545,20000.0,259040,20000.0,3.0,1
2022HU0481557,07513,94,22,19.0,1,11000.0,1050,17650.0,151230,51650.0,3.0,4
2022HU0481557,07513,91,23,19.0,1,11000.0,4110,11000.0,353031,51650.0,3.0,4
2022HU0481557,07513,172,22,19.0,1,13000.0,1050,13000.0,151230,51650.0,3.0,4
2022HU0481557,07513,136,21,19.0,1,10000.0,4760,10000.0,412031,51650.0,3.0,4
2022HU0481782,07512,118,72,21.0,2,38100.0,2205,74500.0,251000,74500.0,3.0,1
2022HU0481908,07509,46,23,21.0,2,87000.0,0850,87000.0,132052,257000.0,3.0,3
2022HU0481908,07509,46,23,21.0,2,70000.0,4840,70000.0,413091,257000.0,3.0,3
2022HU0481908,07509,47,22,21.0,2,100000.0,0060,100000.0,112030,257000.0,3.0,3
2022HU0482147,07509,87,51,13.0,1,60000.0,6442,60000.0,472152,60000.0,3.0,1
2022HU0482750,07509,47,70,19.0,1,0.0,4810,14400.0,413021,14400.0,3.0,1
2022HU0482812,07514,55,29,21.0,1,130000.0,0220,130400.0,119021,245400.0,3.0,2
2022HU0482812,07514,62,25,21.0,1,115000.0,0220,115000.0,119021,245400.0,3.0,2
2022HU0483296,07513,53,43,22.0,2,103000.0,0230,103000.0,119030,103000.0,1.0,1
2022HU0483529,07509,107,64,18.0,2,35000.0,2300,42000.0,252010,42000.0,3.0,1
2022HU0484270,07508,88,68,23.0,1,0.0,3010,260000.0,291020,350000.0,1.0,3
2022HU0484270,07508,84,52,23.0,2,0.0,3010,90000.0,291020,350000.0,1.0,3
2022HU0484270,07508,85,17,14.0,2,0.0,,0.0,,350000.0,1.0,3
2022HU0484775,07511,94,63,21.0,1,48000.0,5740,48030.0,436014,98070.0,3.0,2
2022HU0484775,07511,118,42,16.0,1,50000.0,1970,50040.0,1940YY,98070.0,3.0,2
2022HU0485036,07509,476,39,22.0,1,48000.0,9130,48000.0,533030,48000.0,3.0,1
2022HU0485058,07511,49,58,19.0,2,150000.0,0630,150000.0,131070,450000.0,1.0,2
2022HU0485058,07511,44,58,21.0,1,300000.0,0010,300000.0,1110XX,450000.0,1.0,2
2022HU0485671,07510,54,34,22.0,2,190000.0,0010,191000.0,1110XX,191000.0,1.0,1
2022HU0486044,07512,129,94,20.0,1,0.0,,80500.0,,98500.0,2.0,2
2022HU0486044,07512,169,78,22.0,2,0.0,4760,18000.0,412031,98500.0,2.0,2
2022HU0486679,07513,241,35,21.0,1,175000.0,3255,175540.0,291141,452540.0,1.0,2
2022HU0486679,07513,208,34,22.0,2,277000.0,3256,277000.0,291151,452540.0,1.0,2
2022HU0486879,07512,142,45,21.0,1,40000.0,2910,108000.0,274021,108000.0,3.0,1
2022HU0486894,07513,66,78,22.0,1,0.0,4920,131600.0,419020,131600.0,2.0,1
2022HU0487079,07511,71,46,23.0,1,687000.0,3090,687000.0,291210,1374000.0,3.0,4
2022HU0487079,07511,55,45,23.0,2,687000.0,3010,687000.0,291020,1374000.0,3.0,4
2022HU0487079,07511,72,10,7.0,2,,,,,1374000.0,3.0,4
2022HU0487079,07511,60,8,5.0,1,,,,,1374000.0,3.0,4
2022HU0487338,07509,129,22,23.0,2,4000.0,2810,4000.0,273023,4000.0,3.0,1
2022HU0487788,07508,58,43,22.0,1,200000.0,0440,300000.0,1191XX,415640.0,3.0,3
2022HU0487788,07508,55,48,22.0,2,115000.0,2205,115640.0,251000,415640.0,3.0,3
2022HU0487788,07508,51,8,4.0,1,,,,,415640.0,3.0,3
2022HU0489662,07509,143,83,1.0,2,0.0,,17400.0,,17400.0,3.0,1
2022HU0490585,07511,66,33,21.0,1,0.0,2861,68000.0,273091,68000.0,3.0,1
2022HU0491402,07510,109,36,23.0,2,150000.0,3050,161000.0,291051,236300.0,3.0,3
2022HU0491402,07510,144,36,19.0,1,0.0,9800,75300.0,551010,236300.0,3.0,3
2022HU0491402,07510,101,0,,2,,,,,236300.0,3.0,3
2022HU0491529,07508,69,34,21.0,1,243000.0,0705,256200.0,131082,406700.0,4.0,2
2022HU0491529,07508,52,32,21.0,2,149000.0,5000,150500.0,431011,406700.0,4.0,2
2022HU0491858,07508,48,60,21.0,1,150000.0,1006,250000.0,151211,250000.0,3.0,1
2022HU0492568,07511,91,70,21.0,2,140000.0,0310,172800.0,119051,239800.0,2.0,3
2022HU0492568,07511,91,57,20.0,1,32000.0,4000,32000.0,351011,239800.0,2.0,3
2022HU0492568,07511,96,22,19.0,2,35000.0,5240,35000.0,434051,239800.0,2.0,3
2022HU0492616,07511,56,32,24.0,1,320000.0,1240,325000.0,1520XX,410000.0,3.0,2
2022HU0492616,07511,64,36,21.0,1,85000.0,0640,85000.0,131141,410000.0,3.0,2
2022HU0493192,07507,61,47,18.0,1,36000.0,9620,51600.0,537062,137100.0,1.0,3
2022HU0493192,07507,65,68,6.0,2,30000.0,8300,50300.0,516011,137100.0,1.0,3
2022HU0493192,07507,45,58,6.0,1,35200.0,4220,35200.0,37201X,137100.0,1.0,3
2022HU0493824,07507,172,27,21.0,1,60000.0,3603,60000.0,311131,111670.0,3.0,3
2022HU0493824,07507,164,27,21.0,1,51000.0,3603,51000.0,311131,111670.0,3.0,3
2022HU0493824,07507,146,63,1.0,2,670.0,4230,670.0,372012,111670.0,3.0,3
2022HU0493959,07513,55,61,17.0,2,0.0,3645,30000.0,319092,264000.0,1.0,2
2022HU0493959,07513,60,62,17.0,1,230000.0,7140,234000.0,493011,264000.0,1.0,2
2022HU0494338,07507,90,34,20.0,2,68000.0,3500,68000.0,292061,292600.0,3.0,5
2022HU0494338,07507,75,39,1.0,1,220000.0,6230,220000.0,472031,292600.0,3.0,5
2022HU0494338,07507,62,21,19.0,1,4200.0,4720,4600.0,412010,292600.0,3.0,5
2022HU0494338,07507,95,20,16.0,2,0.0,9920,0.0,999920,292600.0,3.0,5
2022HU0494338,07507,101,13,11.0,2,,,,,292600.0,3.0,5
2022HU0495221,07508,85,68,21.0,2,100000.0,2310,100000.0,252020,100000.0,3.0,1
2022HU0495957,07509,57,46,24.0,1,69000.0,1760,69000.0,192099,69000.0,3.0,1
2022HU0496404,07510,266,29,21.0,2,15600.0,2300,15600.0,252010,118400.0,3.0,2
2022HU0496404,07510,347,29,16.0,1,80000.0,1430,102800.0,172110,118400.0,3.0,2
2022HU0496520,07508,94,63,24.0,2,142000.0,2205,147800.0,251000,147800.0,2.0,1
2022HU0496921,07512,95,60,21.0,1,0.0,3910,60000.0,339021,468100.0,1.0,8
2022HU0496921,07512,89,60,21.0,2,201000.0,3255,201000.0,291141,468100.0,1.0,8
2022HU0496921,07512,48,21,19.0,2,2100.0,4110,2100.0,353031,468100.0,1.0,8
2022HU0496921,07512,65,65,20.0,2,0.0,,0.0,,468100.0,1.0,8
2022HU0496921,07512,65,53,21.0,1,35000.0,9365,35000.0,536030,468100.0,1.0,8
2022HU0496921,07512,60,35,22.0,1,3300.0,4700,3300.0,411011,468100.0,1.0,8
2022HU0496921,07512,64,20,16.0,1,6700.0,9365,6700.0,536030,468100.0,1.0,8
2022HU0496921,07512,67,37,18.0,1,0.0,9142,160000.0,533054,468100.0,1.0,8
2022HU0497134,07512,123,82,21.0,2,0.0,,18800.0,,18800.0,1.0,1
2022HU0497861,07512,264,37,22.0,1,135000.0,2850,135000.0,273043,135000.0,3.0,1
2022HU0498755,07512,55,79,23.0,1,0.0,,226100.0,,285700.0,1.0,3
2022HU0498755,07512,73,78,21.0,2,0.0,,28400.0,,285700.0,1.0,3
2022HU0498755,07512,59,52,21.0,1,31200.0,0410,31200.0,119141,285700.0,1.0,3
2022HU0499213,07514,58,30,21.0,1,91000.0,2634,91000.0,271024,231000.0,3.0,2
2022HU0499213,07514,64,34,21.0,2,140000.0,0051,140000.0,112021,231000.0,3.0,2
2022HU0500331,07511,77,54,18.0,1,120000.0,0120,120000.0,113031,214040.0,3.0,2
2022HU0500331,07511,62,69,19.0,1,87000.0,2040,94040.0,212011,214040.0,3.0,2
2022HU0501230,07511,60,48,21.0,1,100000.0,2145,100000.0,232011,310000.0,3.0,3
2022HU0501230,07511,58,43,21.0,1,135000.0,3645,135000.0,319092,310000.0,3.0,3
2022HU0501230,07511,41,25,21.0,1,75000.0,1021,75000.0,151252,310000.0,3.0,3
2022HU0501900,07510,195,33,22.0,1,169000.0,1021,169000.0,151252,169000.0,3.0,3
2022HU0501900,07510,113,35,21.0,2,0.0,0800,0.0,132011,169000.0,3.0,3
2022HU0501900,07510,127,4,2.0,2,,,,,169000.0,3.0,3
2022HU0502173,07511,86,41,21.0,2,687000.0,0750,687500.0,131199,937500.0,1.0,4
2022HU0502173,07511,84,41,21.0,1,250000.0,0160,250000.0,113071,937500.0,1.0,4
2022HU0502173,07511,66,9,6.0,2,,,,,937500.0,1.0,4
2022HU0502173,07511,67,6,3.0,2,,,,,937500.0,1.0,4
2022HU0502362,07509,105,69,1.0,2,8000.0,4521,9500.0,395092,21370.0,3.0,2
2022HU0502362,07509,111,71,19.0,1,0.0,,11870.0,,21370.0,3.0,2
2022HU0502377,07508,68,58,21.0,1,24000.0,9620,24000.0,537062,24000.0,3.0,1
2022HU0502446,07511,87,29,21.0,1,248000.0,1400,248000.0,172061,272000.0,3.0,2
2022HU0502446,07511,83,26,20.0,1,24000.0,5240,24000.0,434051,272000.0,3.0,2
2022HU0502472,07509,343,54,19.0,1,0.0,9130,21600.0,533030,21600.0,3.0,1
2022HU0502870,07508,84,44,21.0,1,687000.0,0440,687000.0,1191XX,867000.0,1.0,3
2022HU0502870,07508,83,39,21.0,2,180000.0,4710,180000.0,411012,867000.0,1.0,3
2022HU0502870,07508,98,9,6.0,1,,,,,867000.0,1.0,3
2022HU0503549,07509,103,67,21.0,1,0.0,4760,73600.0,412031,98600.0,3.0,2
2022HU0503549,07509,83,64,21.0,2,0.0,4710,25000.0,411012,98600.0,3.0,2
2022HU0504611,07511,102,30,21.0,1,300000.0,1021,300200.0,151252,300200.0,3.0,1
2022HU0505259,07511,44,25,21.0,2,115000.0,1021,115000.0,151252,115000.0,3.0,1
2022HU0505305,07509,36,58,21.0,1,212000.0,0350,212000.0,119111,288000.0,3.0,2
2022HU0505305,07509,35,60,20.0,1,76000.0,0230,76000.0,119030,288000.0,3.0,2
2022HU0505495,07514,65,71,21.0,2,152000.0,0120,333300.0,113031,333300.0,3.0,1
2022HU0505691,07514,94,34,18.0,1,0.0,,1100.0,,46700.0,3.0,3
2022HU0505691,07514,53,73,18.0,1,12000.0,3602,45600.0,311122,46700.0,3.0,3
2022HU0505691,07514,66,35,18.0,2,0.0,,0.0,,46700.0,3.0,3
2022HU0505942,07513,366,45,21.0,2,103000.0,0750,103000.0,131199,114100.0,3.0,2
2022HU0505942,07513,416,48,19.0,1,11100.0,9130,11100.0,533030,114100.0,3.0,2
2022HU0506516,07511,54,32,23.0,2,76000.0,3030,76000.0,291031,326000.0,3.0,2
2022HU0506516,07511,64,33,21.0,1,250000.0,2640,250000.0,27102X,326000.0,3.0,2
2022HU0506775,07509,113,51,17.0,1,30000.0,5240,39000.0,434051,39000.0,3.0,1
2022HU0507719,07510,77,69,21.0,1,0.0,,38000.0,,151300.0,2.0,2
2022HU0507719,07510,94,74,21.0,2,0.0,,113300.0,,151300.0,2.0,2
2022HU0508187,07511,82,38,24.0,1,110000.0,2205,110000.0,251000,180000.0,3.0,3
2022HU0508187,07511,81,37,21.0,2,60000.0,2300,70000.0,252010,180000.0,3.0,3
2022HU0508187,07511,121,0,,1,,,,,180000.0,3.0,3
2022HU0508303,07509,199,37,23.0,2,50000.0,3602,150000.0,311122,255000.0,1.0,2
2022HU0508303,07509,213,44,22.0,1,100000.0,0220,105000.0,119021,255000.0,1.0,2
2022HU0509519,07509,106,58,18.0,1,24000.0,3602,24000.0,311122,29300.0,3.0,3
2022HU0509519,07509,107,47,22.0,2,5300.0,4030,5300.0,352021,29300.0,3.0,3
2022HU0509519,07509,138,12,9.0,2,,,,,29300.0,3.0,3
2022HU0509612,07511,59,31,21.0,2,45000.0,4621,45000.0,399031,140000.0,3.0,2
2022HU0509612,07511,70,37,22.0,2,95000.0,2310,95000.0,252020,140000.0,3.0,2
2022HU0510333,07511,102,81,16.0,1,0.0,,241700.0,,241700.0,2.0,1
2022HU0511148,07511,104,41,22.0,1,0.0,2710,25500.0,272012,25500.0,3.0,1
2022HU0511461,07511,60,30,21.0,2,122000.0,0051,122000.0,112021,122000.0,3.0,1
2022HU0511693,07514,60,48,21.0,2,0.0,0051,30000.0,112021,30000.0,3.0,1
2022HU0511903,07513,96,58,24.0,1,160000.0,0230,160100.0,119030,160100.0,1.0,3
2022HU0511903,07513,96,57,21.0,2,0.0,0020,0.0,111021,160100.0,1.0,3
2022HU0511903,07513,100,17,13.0,1,0.0,,0.0,,160100.0,1.0,3
2022HU0511981,07507,51,85,15.0,1,230.0,4420,6730.0,393031,6730.0,2.0,1
2022HU0513512,07512,60,41,24.0,2,687000.0,3090,697700.0,291210,721700.0,1.0,3
2022HU0513512,07512,59,0,,1,,,,,721700.0,1.0,3
2022HU0513512,07512,53,60,18.0,2,24000.0,5740,24000.0,436014,721700.0,1.0,3
2022HU0513718,07510,176,37,21.0,1,160000.0,0220,160000.0,119021,305000.0,3.0,2
2022HU0513718,07510,116,36,21.0,2,145000.0,0220,145000.0,119021,305000.0,3.0,2
2022HU0514661,07509,62,83,17.0,2,0.0,,10000.0,,10000.0,2.0,1
2022HU0515434,07510,52,35,21.0,2,105000.0,0735,105300.0,131161,405300.0,3.0,2
2022HU0515434,07510,61,36,24.0,1,200000.0,1021,300000.0,151252,405300.0,3.0,2
2022HU0515869,07514,140,73,16.0,2,65000.0,5400,139700.0,434171,139700.0,1.0,1
2022HU0516003,07509,112,68,17.0,1,0.0,,6000.0,,6000.0,3.0,1
2022HU0516404,07510,102,31,21.0,1,200000.0,1021,200000.0,151252,330000.0,3.0,2
2022HU0516404,07510,49,29,22.0,1,130000.0,0010,130000.0,1110XX,330000.0,3.0,2
2022HU0517404,07512,58,44,22.0,2,0.0,8750,24700.0,519071,24700.0,3.0,2
2022HU0517404,07512,55,8,6.0,1,,,,,24700.0,3.0,2
2022HU0517718,07512,112,41,22.0,1,140000.0,0110,145000.0,113021,230000.0,1.0,3
2022HU0517718,07512,130,36,22.0,2,85000.0,3255,85000.0,291141,230000.0,1.0,3
2022HU0517718,07512,130,0,,1,,,,,230000.0,1.0,3
2022HU0519693,07509,113,29,21.0,1,0.0,0410,60000.0,119141,60000.0,4.0,1
2022HU0520266,07508,46,35,21.0,2,180000.0,0735,180000.0,131161,187000.0,2.0,2
2022HU0520266,07508,57,33,21.0,2,7000.0,2360,7000.0,2530XX,187000.0,2.0,2
2022HU0520455,07512,63,81,21.0,2,0.0,,99000.0,,99000.0,2.0,1
2022HU0521307,07509,258,70,1.0,2,0.0,,12800.0,,12800.0,3.0,1
2022HU0521499,07509,464,50,21.0,1,215000.0,0300,219900.0,119041,289900.0,3.0,2
2022HU0521499,07509,441,50,21.0,1,70000.0,1610,70000.0,191020,289900.0,3.0,2
2022HU0521645,07513,53,48,24.0,2,0.0,,6300.0,,81900.0,2.0,3
2022HU0521645,07513,70,74,21.0,1,0.0,,75600.0,,81900.0,2.0,3
2022HU0521645,07513,62,10,8.0,1,,,,,81900.0,2.0,3
2022HU0522142,07508,57,51,19.0,1,150000.0,0440,150000.0,1191XX,400000.0,2.0,2
2022HU0522142,07508,78,47,21.0,1,250000.0,1032,250000.0,151255,400000.0,2.0,2
2022HU0522403,07512,62,43,11.0,2,13000.0,3940,65800.0,339091,75000.0,2.0,4
2022HU0522403,07512,56,13,10.0,1,,,,,75000.0,2.0,4
2022HU0522403,07512,71,13,10.0,2,,,,,75000.0,2.0,4
2022HU0522403,07512,49,70,9.0,2,0.0,,9200.0,,75000.0,2.0,4
2022HU0522509,07512,60,41,23.0,2,215000.0,2100,215000.0,2310XX,224300.0,3.0,2
2022HU0522509,07512,46,75,8.0,2,4500.0,4230,9300.0,372012,224300.0,3.0,2
2022HU0522525,07514,78,77,21.0,1,0.0,,29100.0,,29100.0,3.0,1
2022HU0523103,07509,140,31,21.0,1,80000.0,1760,80000.0,192099,98000.0,3.0,3
2022HU0523103,07509,119,69,1.0,1,0.0,,8000.0,,98000.0,3.0,3
2022HU0523103,07509,111,68,1.0,2,0.0,,10000.0,,98000.0,3.0,3
2022HU0523205,07508,86,56,21.0,2,0.0,,30000.0,,190000.0,2.0,2
2022HU0523205,07508,90,60,21.0,1,130000.0,6660,160000.0,474011,190000.0,2.0,2
2022HU0523220,07509,77,25,21.0,2,80000.0,3550,80000.0,299000,285000.0,3.0,3
2022HU0523220,07509,74,25,21.0,2,55000.0,0520,55000.0,131022,285000.0,3.0,3
2022HU0523220,07509,68,24,21.0,2,150000.0,0051,150000.0,112021,285000.0,3.0,3
2022HU0523720,07510,82,44,21.0,1,4000.0,1310,4000.0,171020,49000.0,1.0,4
2022HU0523720,07510,73,43,21.0,2,0.0,1310,45000.0,171020,49000.0,1.0,4
2022HU0523720,07510,80,10,7.0,2,,,,,49000.0,1.0,4
2022HU0523720,07510,72,8,4.0,1,,,,,49000.0,1.0,4
2022HU0524156,07510,43,51,24.0,2,179000.0,0230,179000.0,119030,179000.0,1.0,1
2022HU0524561,07511,52,26,21.0,1,70000.0,4760,70000.0,412031,163500.0,3.0,2
2022HU0524561,07511,38,25,21.0,2,91000.0,3230,93500.0,291127,163500.0,3.0,2
2022HU0525595,07508,57,64,21.0,2,0.0,4621,6000.0,399031,6000.0,4.0,2
2022HU0525595,07508,60,58,18.0,1,0.0,4150,0.0,359031,6000.0,4.0,2
2022HU0525982,07514,78,63,21.0,1,100000.0,5000,100000.0,431011,100000.0,3.0,1
2022HU0525998,07514,58,70,22.0,2,67000.0,5710,76500.0,436011,76500.0,3.0,1
2022HU0527017,07512,63,71,18.0,1,0.0,,36000.0,,100150.0,3.0,4
2022HU0527017,07512,71,62,15.0,2,0.0,4521,4150.0,395092,100150.0,3.0,4
2022HU0527017,07512,55,36,19.0,2,60000.0,4840,60000.0,413091,100150.0,3.0,4
2022HU0527017,07512,50,76,16.0,2,0.0,,0.0,,100150.0,3.0,4
2022HU0527682,07510,118,64,22.0,2,119000.0,2205,131800.0,251000,131800.0,1.0,1
2022HU0528200,07514,59,43,21.0,2,190000.0,0520,190000.0,131022,290000.0,3.0,3
2022HU0528200,07514,71,46,19.0,1,100000.0,0010,100000.0,1110XX,290000.0,3.0,3
2022HU0528200,07514,79,1,,1,,,,,290000.0,3.0,3
2022HU0529586,07510,514,52,22.0,1,687000.0,0800,687000.0,132011,687000.0,1.0,1
2022HU0529764,07514,43,53,21.0,1,0.0,0410,55000.0,119141,135000.0,1.0,2
2022HU0529764,07514,37,51,22.0,2,80000.0,2710,80000.0,272012,135000.0,1.0,2
2022HU0530148,07510,156,65,20.0,2,16000.0,2545,16670.0,259040,16670.0,3.0,1
2022HU0530268,07511,73,42,21.0,2,96000.0,0650,96000.0,131151,161000.0,1.0,3
2022HU0530268,07511,64,52,21.0,1,65000.0,0650,65000.0,131151,161000.0,1.0,3
2022HU0530268,07511,49,12,8.0,1,,,,,161000.0,1.0,3
2022HU0530447,07512,62,37,21.0,2,106000.0,2320,106000.0,252030,261000.0,3.0,2
2022HU0530447,07512,66,37,21.0,1,145000.0,2830,155000.0,273041,261000.0,3.0,2
2022HU0531121,07509,96,38,21.0,2,190000.0,5165,190000.0,4330XX,190000.0,3.0,1
2022HU0531222,07513,92,60,18.0,1,40000.0,9620,40000.0,537062,195000.0,2.0,4
2022HU0531222,07513,87,61,18.0,2,50000.0,4230,50000.0,372012,195000.0,2.0,4
2022HU0531222,07513,113,33,21.0,1,60000.0,4760,60000.0,412031,195000.0,2.0,4
2022HU0531222,07513,81,28,21.0,2,45000.0,3603,45000.0,311131,195000.0,2.0,4
2022HU0531452,07510,120,59,21.0,2,73000.0,0440,73000.0,1191XX,93000.0,1.0,2
2022HU0531452,07510,153,59,15.0,1,20000.0,4465,20000.0,394031,93000.0,1.0,2
2022HU0531614,07514,60,46,22.0,2,0.0,4840,520000.0,413091,1282000.0,1.0,4
2022HU0531614,07514,97,48,22.0,1,687000.0,1240,762000.0,1520XX,1282000.0,1.0,4
2022HU0531614,07514,87,9,5.0,2,,,,,1282000.0,1.0,4
2022HU0531614,07514,84,7,3.0,1,,,,,1282000.0,1.0,4
2022HU0532915,07508,256,84,16.0,2,0.0,,27400.0,,27400.0,2.0,1
2022HU0534109,07510,53,29,22.0,2,100000.0,0051,107000.0,112021,107000.0,2.0,1
2022HU0534157,07511,78,44,23.0,1,370000.0,1650,400000.0,1910XX,740000.0,1.0,3
2022HU0534157,07511,81,42,23.0,2,300000.0,3090,340000.0,291210,740000.0,1.0,3
2022HU0534157,07511,118,4,2.0,2,,,,,740000.0,1.0,3
2022HU0534529,07511,80,40,21.0,2,390000.0,0440,390000.0,1191XX,780000.0,1.0,4
2022HU0534529,07511,78,39,24.0,1,390000.0,1700,390000.0,192010,780000.0,1.0,4
2022HU0534529,07511,116,4,1.0,2,,,,,780000.0,1.0,4
2022HU0534529,07511,59,2,,1,,,,,780000.0,1.0,4
2022HU0534770,07507,211,52,16.0,1,55000.0,9122,55000.0,533052,118700.0,3.0,6
2022HU0534770,07507,168,48,16.0,2,48000.0,4020,48000.0,352010,118700.0,3.0,6
2022HU0534770,07507,167,26,19.0,2,3300.0,9415,3300.0,536061,118700.0,3.0,6
2022HU0534770,07507,115,16,18.0,1,2400.0,4720,2400.0,412010,118700.0,3.0,6
2022HU0534770,07507,179,79,17.0,1,0.0,,0.0,,118700.0,3.0,6
2022HU0534770,07507,158,70,1.0,2,0.0,,10000.0,,118700.0,3.0,6
2022HU0534969,07507,74,76,7.0,1,0.0,,20000.0,,215120.0,2.0,5
2022HU0534969,07507,102,71,6.0,2,0.0,,20000.0,,215120.0,2.0,5
2022HU0534969,07507,80,38,21.0,2,75000.0,2555,75120.0,2590XX,215120.0,2.0,5
2022HU0534969,07507,150,2,,2,,,,,215120.0,2.0,5
2022HU0534969,07507,90,40,21.0,1,100000.0,0705,100000.0,131082,215120.0,2.0,5
2022HU0536321,07511,104,47,24.0,1,417000.0,1530,417000.0,1721YY,423700.0,3.0,2
2022HU0536321,07511,81,46,20.0,2,0.0,4655,6700.0,399099,423700.0,3.0,2
2022HU0536593,07514,143,49,21.0,1,350000.0,1007,350000.0,151212,630000.0,1.0,4
2022HU0536593,07514,94,50,21.0,2,280000.0,5000,280000.0,431011,630000.0,1.0,4
2022HU0536593,07514,133,15,12.0,2,0.0,,0.0,,630000.0,1.0,4
2022HU0536593,07514,121,13,10.0,1,,,,,630000.0,1.0,4
2022HU0536740,07511,43,45,23.0,2,65000.0,2100,65000.0,2310XX,194600.0,1.0,5
2022HU0536740,07511,59,41,15.0,1,60000.0,9645,60000.0,537065,194600.0,1.0,5
2022HU0536740,07511,44,11,8.0,1,,,,,194600.0,1.0,5
2022HU0536740,07511,45,8,5.0,1,,,,,194600.0,1.0,5
2022HU0536740,07511,75,79,21.0,2,0.0,,69600.0,,194600.0,1.0,5
2022HU0536904,07513,126,73,19.0,2,0.0,,88400.0,,88400.0,1.0,2
2022HU0536904,07513,449,5,3.0,1,,,,,88400.0,1.0,2
2022HU0537340,07510,66,38,1.0,1,50000.0,4720,50000.0,412010,135000.0,1.0,2
2022HU0537340,07510,70,37,23.0,2,85000.0,1006,85000.0,151211,135000.0,1.0,2
2022HU0538201,07509,108,44,21.0,2,70000.0,4040,70000.0,353011,70000.0,3.0,1
2022HU0539516,07510,80,47,19.0,1,120000.0,0120,120000.0,113031,120000.0,3.0,1
2022HU0539962,07512,83,51,19.0,2,0.0,,0.0,,145000.0,1.0,4
2022HU0539962,07512,98,55,21.0,1,140000.0,1360,140000.0,172051,145000.0,1.0,4
2022HU0539962,07512,64,21,19.0,1,5000.0,4220,5000.0,37201X,145000.0,1.0,4
2022HU0539962,07512,71,16,13.0,2,0.0,4540,0.0,397010,145000.0,1.0,4
2022HU0540633,07512,72,70,21.0,1,185000.0,1021,189400.0,151252,194700.0,2.0,3
2022HU0540633,07512,63,66,15.0,2,0.0,4621,900.0,399031,194700.0,2.0,3
2022HU0540633,07512,80,20,16.0,1,4400.0,4030,4400.0,352021,194700.0,2.0,3
2022HU0540658,07514,99,54,21.0,2,370000.0,2710,815000.0,272012,815730.0,3.0,2
2022HU0540658,07514,106,69,18.0,1,0.0,2700,730.0,272011,815730.0,3.0,2
2022HU0541210,07511,65,74,22.0,2,0.0,,42200.0,,42200.0,1.0,1
2022HU0541489,07512,101,36,21.0,1,106000.0,0102,106000.0,113013,256000.0,3.0,2
2022HU0541489,07512,99,33,21.0,2,150000.0,0136,150000.0,113121,256000.0,3.0,2
2022HU0541674,07508,108,57,21.0,1,50000.0,4621,475000.0,399031,550000.0,2.0,5
2022HU0541674,07508,94,50,21.0,2,75000.0,3230,75000.0,291127,550000.0,2.0,5
2022HU0541674,07508,118,20,19.0,1,0.0,,0.0,,550000.0,2.0,5
2022HU0541674,07508,104,17,14.0,1,0.0,,0.0,,550000.0,2.0,5
2022HU0541674,07508,121,15,12.0,2,0.0,,0.0,,550000.0,2.0,5
2022HU0541932,07512,90,36,21.0,2,170000.0,1108,183500.0,151299,483500.0,1.0,2
2022HU0541932,07512,80,34,22.0,1,300000.0,4760,300000.0,412031,483500.0,1.0,2
2022HU0543125,07510,36,76,21.0,2,0.0,,107300.0,,794300.0,1.0,5
2022HU0543125,07510,29,38,21.0,1,687000.0,5240,687000.0,434051,794300.0,1.0,5
2022HU0543125,07510,50,3,1.0,2,,,,,794300.0,1.0,5
2022HU0543125,07510,26,0,,1,,,,,794300.0,1.0,5
2022HU0543125,07510,30,38,22.0,2,0.0,0440,0.0,1191XX,794300.0,1.0,5
2022HU0543344,07512,58,76,22.0,1,0.0,,43500.0,,98500.0,1.0,2
2022HU0543344,07512,85,58,16.0,2,50000.0,5000,55000.0,431011,98500.0,1.0,2
2022HU0543489,07510,88,31,22.0,2,250000.0,0705,247300.0,131082,447310.0,3.0,2
2022HU0543489,07510,117,31,21.0,1,200000.0,0845,200010.0,132051,447310.0,3.0,2
2022HU0543778,07507,89,72,20.0,2,0.0,,14000.0,,14000.0,3.0,1
2022HU0543914,07508,88,34,21.0,2,150000.0,0910,162000.0,132070,162000.0,1.0,1
2022HU0543994,07509,85,75,12.0,2,0.0,,11900.0,,21400.0,3.0,2
2022HU0543994,07509,84,80,21.0,1,0.0,,9500.0,,21400.0,3.0,2
2022HU0544037,07508,106,35,22.0,2,60000.0,2310,60000.0,252020,171000.0,3.0,2
2022HU0544037,07508,85,35,21.0,1,111000.0,0110,111000.0,113021,171000.0,3.0,2
2022HU0544072,07508,88,33,22.0,2,100000.0,3230,100000.0,291127,100000.0,3.0,1
2022HU0545611,07512,66,60,1.0,1,0.0,,11900.0,,11900.0,2.0,2
2022HU0545611,07512,58,36,21.0,2,0.0,2850,0.0,273043,11900.0,2.0,2
2022HU0546245,07513,41,84,24.0,1,0.0,,439800.0,,450800.0,2.0,2
2022HU0546245,07513,44,74,22.0,2,0.0,,11000.0,,450800.0,2.0,2
2022HU0546482,07512,64,85,21.0,2,0.0,,71300.0,,71300.0,2.0,1
2022HU0546672,07514,74,70,16.0,1,0.0,,4800.0,,7200.0,3.0,2
2022HU0546672,07514,62,66,16.0,2,0.0,,2400.0,,7200.0,3.0,2
2022HU0546979,07511,69,38,21.0,1,687000.0,0150,695000.0,113061,695000.0,3.0,1
2022HU0547415,07508,97,79,23.0,2,0.0,,145000.0,,426900.0,1.0,2
2022HU0547415,07508,117,74,23.0,1,134000.0,3090,281900.0,291210,426900.0,1.0,2
2022HU0547484,07508,66,51,22.0,1,225000.0,1021,325810.0,151252,761810.0,1.0,4
2022HU0547484,07508,54,45,21.0,2,336000.0,0051,436000.0,112021,761810.0,1.0,4
2022HU0547484,07508,57,8,4.0,1,,,,,761810.0,1.0,4
2022HU0547484,07508,60,6,2.0,2,,,,,761810.0,1.0,4
2022HU0547544,07509,65,27,16.0,2,0.0,,0.0,,95000.0,3.0,5
2022HU0547544,07509,78,38,21.0,2,70000.0,0800,70000.0,132011,95000.0,3.0,5
2022HU0547544,07509,57,29,16.0,1,25000.0,4521,25000.0,395092,95000.0,3.0,5
2022HU0547544,07509,61,26,21.0,2,0.0,,0.0,,95000.0,3.0,5
2022HU0547544,07509,73,2,,1,,,,,95000.0,3.0,5
2022HU0548105,07513,110,51,22.0,1,104000.0,2040,104000.0,212011,364000.0,1.0,4
2022HU0548105,07513,81,17,13.0,1,0.0,,0.0,,364000.0,1.0,4
2022HU0548105,07513,92,10,7.0,2,,,,,364000.0,1.0,4
2022HU0548105,07513,81,48,22.0,2,160000.0,0630,260000.0,131070,364000.0,1.0,4
2022HU0548231,07512,93,75,19.0,1,0.0,,52200.0,,52200.0,3.0,1
2022HU0548904,07514,63,27,21.0,1,0.0,6260,16400.0,472061,39400.0,3.0,3
2022HU0548904,07514,51,25,21.0,2,20000.0,2634,23000.0,271024,39400.0,3.0,3
2022HU0548904,07514,129,2,,1,,,,,39400.0,3.0,3
2022HU0549110,07511,237,38,22.0,2,0.0,,19000.0,,33400.0,1.0,4
2022HU0549110,07511,279,40,16.0,1,0.0,0725,14400.0,131121,33400.0,1.0,4
2022HU0549110,07511,161,6,3.0,1,,,,,33400.0,1.0,4
2022HU0549110,07511,175,2,,1,,,,,33400.0,1.0,4
2022HU0550289,07507,55,28,21.0,1,0.0,9920,0.0,999920,0.0,2.0,1
2022HU0550321,07507,69,58,15.0,1,0.0,9920,0.0,999920,65000.0,2.0,2
2022HU0550321,07507,63,58,15.0,2,65000.0,2435,65000.0,254022,65000.0,2.0,2
2022HU0550479,07508,37,50,22.0,1,687000.0,0110,1112000.0,113021,1899000.0,1.0,2
2022HU0550479,07508,44,59,22.0,2,687000.0,0010,787000.0,1110XX,1899000.0,1.0,2
2022HU0550679,07514,72,64,21.0,2,0.0,,16400.0,,16400.0,3.0,1
2022HU0550835,07510,106,34,22.0,2,194000.0,1021,194000.0,151252,194000.0,3.0,1
2022HU0551679,07509,79,80,23.0,1,0.0,,13100.0,,19100.0,3.0,2
2022HU0551679,07509,108,30,16.0,1,0.0,2700,6000.0,272011,19100.0,3.0,2
2022HU0551866,07511,63,40,22.0,1,200000.0,1021,202000.0,151252,202000.0,3.0,1
2022HU0552459,07510,70,37,22.0,1,120000.0,1650,121500.0,1910XX,125800.0,3.0,2
2022HU0552459,07510,51,26,21.0,2,3000.0,2350,4300.0,253041,125800.0,3.0,2
2022HU0552779,07507,53,72,18.0,2,0.0,,24500.0,,24500.0,3.0,1
2022HU0552895,07513,80,42,19.0,2,5000.0,5240,10690.0,434051,10690.0,3.0,2
2022HU0552895,07513,230,12,9.0,1,,,,,10690.0,3.0,2
2022HU0553479,07512,98,39,21.0,1,28000.0,4840,28000.0,413091,138000.0,3.0,3
2022HU0553479,07512,94,38,21.0,2,110000.0,4760,110000.0,412031,138000.0,3.0,3
2022HU0553479,07512,93,0,,2,,,,,138000.0,3.0,3
2022HU0554113,07508,61,42,16.0,2,80000.0,0120,80000.0,113031,130000.0,3.0,2
2022HU0554113,07508,76,44,21.0,1,50000.0,4655,50000.0,399099,130000.0,3.0,2
2022HU0554276,07511,73,39,24.0,2,90000.0,2205,90000.0,251000,90000.0,3.0,1
2022HU0554749,07511,316,90,5.0,2,0.0,,15500.0,,15500.0,2.0,1
2022HU0555064,07509,131,36,22.0,2,150000.0,3550,150000.0,299000,150000.0,3.0,1
2022HU0555405,07509,119,39,16.0,1,0.0,,11800.0,,11800.0,3.0,1
2022HU0555794,07512,128,43,21.0,2,0.0,,0.0,,234000.0,3.0,6
2022HU0555794,07512,112,44,21.0,1,200000.0,0800,200000.0,132011,234000.0,3.0,6
2022HU0555794,07512,122,13,10.0,1,,,,,234000.0,3.0,6
2022HU0555794,07512,154,11,8.0,2,,,,,234000.0,3.0,6
2022HU0555794,07512,153,8,5.0,2,,,,,234000.0,3.0,6
2022HU0555794,07512,104,78,19.0,2,0.0,,34000.0,,234000.0,3.0,6
2022HU0557217,07513,63,48,21.0,2,85000.0,0800,133000.0,132011,207000.0,1.0,4
2022HU0557217,07513,71,49,16.0,1,72000.0,9130,72000.0,533030,207000.0,1.0,4
2022HU0557217,07513,78,18,16.0,2,2000.0,2545,2000.0,259040,207000.0,1.0,4
2022HU0557217,07513,57,15,13.0,1,0.0,,0.0,,207000.0,1.0,4
2022HU0557436,07509,55,36,21.0,2,55000.0,0440,55000.0,1191XX,55000.0,3.0,1
2022HU0557723,07509,101,70,18.0,1,0.0,,13000.0,,13000.0,3.0,1
2022HU0557773,07512,55,44,20.0,1,40000.0,7010,40000.0,492011,470000.0,2.0,7
2022HU0557773,07512,63,42,20.0,2,47000.0,5120,47000.0,433031,470000.0,2.0,7
2022HU0557773,07512,63,19,16.0,1,0.0,,0.0,,470000.0,2.0,7
2022HU0557773,07512,43,17,16.0,1,0.0,,0.0,,470000.0,2.0,7
2022HU0557773,07512,74,12,10.0,2,,,,,470000.0,2.0,7
2022HU0557773,07512,55,41,21.0,2,300000.0,0440,300000.0,1191XX,470000.0,2.0,7
2022HU0557773,07512,56,37,11.0,2,83000.0,7750,83000.0,5120XX,470000.0,2.0,7
2022HU0557822,07511,63,58,22.0,1,150000.0,0110,150000.0,113021,150000.0,1.0,1
2022HU0558294,07512,80,42,15.0,2,0.0,4030,0.0,352021,100000.0,1.0,4
2022HU0558294,07512,69,43,19.0,1,100000.0,4760,100000.0,412031,100000.0,1.0,4
2022HU0558294,07512,94,5,1.0,2,,,,,100000.0,1.0,4
2022HU0558294,07512,80,3,1.0,1,,,,,100000.0,1.0,4
2022HU0558577,07511,69,72,23.0,2,0.0,,25200.0,,25200.0,4.0,1
2022HU0558689,07511,68,43,22.0,1,100000.0,4150,100000.0,359031,125000.0,3.0,3
2022HU0558689,07511,75,37,21.0,2,25000.0,2600,25000.0,271010,125000.0,3.0,3
2022HU0558689,07511,110,1,,2,,,,,125000.0,3.0,3
2022HU0559213,07512,107,57,21.0,2,160000.0,0051,178000.0,112021,399000.0,1.0,3
2022HU0559213,07512,119,55,21.0,1,200000.0,2710,203000.0,272012,399000.0,1.0,3
2022HU0559213,07512,127,20,18.0,1,18000.0,4435,18000.0,3930XX,399000.0,1.0,3
2022HU0559443,07511,74,85,12.0,1,0.0,,57600.0,,79200.0,2.0,2
2022HU0559443,07511,82,76,14.0,2,0.0,,21600.0,,79200.0,2.0,2
2022HU0559771,07510,79,67,16.0,1,0.0,3602,19900.0,311122,31200.0,3.0,2
2022HU0559771,07510,54,67,16.0,2,0.0,,11300.0,,31200.0,3.0,2
2022HU0559909,07514,139,69,21.0,1,0.0,4000,80000.0,351011,180000.0,3.0,2
2022HU0559909,07514,114,64,21.0,2,100000.0,5330,100000.0,434131,180000.0,3.0,2
2022HU0560474,07511,44,29,23.0,2,43000.0,2100,43000.0,2310XX,43000.0,4.0,1
2022HU0560971,07514,57,41,21.0,2,120000.0,0052,120000.0,112022,185000.0,3.0,3
2022HU0560971,07514,57,44,21.0,1,65000.0,1541,65000.0,173011,185000.0,3.0,3
2022HU0560971,07514,99,4,2.0,2,,,,,185000.0,3.0,3
2022HU0560988,07510,132,31,20.0,1,310000.0,1021,310000.0,151252,310000.0,3.0,2
2022HU0560988,07510,106,31,21.0,2,0.0,5400,0.0,434171,310000.0,3.0,2
2022HU0561001,07512,103,70,21.0,2,0.0,,31100.0,,31100.0,3.0,1
2022HU0561004,07510,67,44,17.0,1,0.0,2600,21320.0,271010,21320.0,3.0,1
2022HU0561443,07511,61,27,21.0,1,170000.0,0735,170000.0,131161,376200.0,3.0,3
2022HU0561443,07511,59,27,21.0,1,200000.0,1021,200000.0,151252,376200.0,3.0,3
2022HU0561443,07511,43,24,20.0,2,5000.0,2300,6200.0,252010,376200.0,3.0,3
2022HU0561569,07512,109,54,21.0,1,163000.0,1021,164300.0,151252,355180.0,2.0,6
2022HU0561569,07512,112,53,21.0,2,68000.0,1065,68080.0,15124X,355180.0,2.0,6
2022HU0561569,07512,77,24,21.0,2,97000.0,1360,97000.0,172051,355180.0,2.0,6
2022HU0561569,07512,137,20,19.0,1,10000.0,4055,10000.0,353023,355180.0,2.0,6
2022HU0561569,07512,82,81,10.0,1,0.0,,10500.0,,355180.0,2.0,6
2022HU0561569,07512,106,79,8.0,2,0.0,,5300.0,,355180.0,2.0,6
2022HU0561810,07507,129,57,16.0,2,0.0,9920,10000.0,999920,95000.0,3.0,6
2022HU0561810,07507,158,21,16.0,2,75000.0,3930,75000.0,339030,95000.0,3.0,6
2022HU0561810,07507,159,20,19.0,2,10000.0,3602,10000.0,311122,95000.0,3.0,6
2022HU0561810,07507,120,18,18.0,1,0.0,,0.0,,95000.0,3.0,6
2022HU0561810,07507,120,3,1.0,2,,,,,95000.0,3.0,6
2022HU0561810,07507,120,1,,2,,,,,95000.0,3.0,6
2022HU0562269,07513,168,41,19.0,1,135000.0,9005,135000.0,531000,340900.0,1.0,8
2022HU0562269,07513,161,43,20.0,1,65000.0,2360,77000.0,2530XX,340900.0,1.0,8
2022HU0562269,07513,160,64,19.0,2,45000.0,4720,45000.0,412010,340900.0,1.0,8
2022HU0562269,07513,171,63,19.0,1,0.0,9141,8900.0,533053,340900.0,1.0,8
2022HU0562269,07513,171,40,20.0,2,0.0,4920,75000.0,419020,340900.0,1.0,8
2022HU0562269,07513,145,13,11.0,1,,,,,340900.0,1.0,8
2022HU0562269,07513,144,11,9.0,1,,,,,340900.0,1.0,8
2022HU0562269,07513,166,2,,1,,,,,340900.0,1.0,8
2022HU0562975,07509,136,48,21.0,2,87000.0,3323,87000.0,292034,198000.0,3.0,3
2022HU0562975,07509,128,36,21.0,1,66000.0,2005,66000.0,211015,198000.0,3.0,3
2022HU0562975,07509,134,61,1.0,2,45000.0,4760,45000.0,412031,198000.0,3.0,3
2022HU0563521,07507,350,26,21.0,1,300000.0,1021,300000.0,151252,300000.0,1.0,1
2022HU0564197,07511,134,56,21.0,1,0.0,2905,9790.0,2740XX,149790.0,3.0,2
2022HU0564197,07511,142,42,21.0,2,140000.0,3255,140000.0,291141,149790.0,3.0,2
2022HU0564547,07513,48,48,21.0,1,200000.0,1021,200930.0,151252,450930.0,4.0,4
2022HU0564547,07513,55,47,21.0,2,250000.0,1031,250000.0,151254,450930.0,4.0,4
2022HU0564547,07513,44,12,10.0,1,,,,,450930.0,4.0,4
2022HU0564547,07513,46,9,6.0,1,,,,,450930.0,4.0,4
2022HU0564845,07514,108,28,21.0,2,90000.0,0725,90000.0,131121,90000.0,3.0,1
2022HU0564946,07513,140,40,24.0,1,160000.0,1005,160000.0,151221,313000.0,1.0,2
2022HU0564946,07513,127,43,24.0,2,153000.0,1760,153000.0,192099,313000.0,1.0,2
2022HU0565362,07511,116,40,22.0,2,100000.0,0440,100000.0,1191XX,300000.0,3.0,2
2022HU0565362,07511,116,42,22.0,2,200000.0,0420,200000.0,119151,300000.0,3.0,2
2022HU0565538,07512,67,35,21.0,2,0.0,2722,80000.0,272022,140000.0,3.0,2
2022HU0565538,07512,71,37,18.0,1,60000.0,4920,60000.0,419020,140000.0,3.0,2
2022HU0566226,07514,52,23,21.0,2,160000.0,1021,160000.0,151252,260000.0,3.0,2
2022HU0566226,07514,47,23,21.0,2,100000.0,1240,100000.0,1520XX,260000.0,3.0,2
2022HU0566302,07510,34,94,16.0,2,0.0,,12600.0,,12600.0,2.0,1
2022HU0566349,07509,66,77,21.0,1,0.0,,22700.0,,22700.0,3.0,1
2022HU0566375,07510,102,42,19.0,2,35400.0,5120,35400.0,433031,35400.0,3.0,1
2022HU0566482,07511,78,50,22.0,1,230000.0,0440,230000.0,1191XX,266000.0,1.0,4
2022HU0566482,07511,59,47,22.0,2,36000.0,0010,36000.0,1110XX,266000.0,1.0,4
2022HU0566482,07511,59,15,11.0,2,0.0,,0.0,,266000.0,1.0,4
2022HU0566482,07511,51,11,8.0,1,,,,,266000.0,1.0,4
2022HU0566837,07514,98,62,21.0,2,0.0,,425000.0,,755000.0,2.0,2
2022HU0566837,07514,106,63,21.0,1,280000.0,0850,330000.0,132052,755000.0,2.0,2
2022HU0567802,07510,87,46,21.0,2,86000.0,0630,163000.0,131070,260000.0,3.0,2
2022HU0567802,07510,104,52,20.0,1,97000.0,0020,97000.0,111021,260000.0,3.0,2
2022HU0568166,07510,149,62,21.0,2,0.0,0150,5000.0,113061,171000.0,1.0,3
2022HU0568166,07510,164,67,22.0,1,0.0,3258,96000.0,2911XX,171000.0,1.0,3
2022HU0568166,07510,135,28,21.0,2,70000.0,1860,70000.0,1930XX,171000.0,1.0,3
2022HU0568231,07510,79,24,21.0,2,28000.0,2145,28000.0,232011,146600.0,3.0,3
2022HU0568231,07510,109,36,21.0,2,60000.0,0735,60600.0,131161,146600.0,3.0,3
2022HU0568231,07510,72,23,21.0,2,58000.0,1760,58000.0,192099,146600.0,3.0,3
2022HU0568278,07507,82,69,19.0,2,0.0,3210,1800.0,291125,1800.0,4.0,1
2022HU0568903,07514,47,23,21.0,2,35000.0,4700,36700.0,411011,170000.0,3.0,3
2022HU0568903,07514,43,23,21.0,2,80000.0,0051,80000.0,112021,170000.0,3.0,3
2022HU0568903,07514,42,22,21.0,2,53000.0,4760,53300.0,412031,170000.0,3.0,3
2022HU0568931,07512,60,34,21.0,1,17000.0,0410,17000.0,119141,17000.0,2.0,1
2022HU0569217,07509,54,94,23.0,1,0.0,,8200.0,,8200.0,1.0,1
2022HU0569709,07508,69,35,22.0,2,50000.0,0705,63200.0,131082,313200.0,3.0,2
2022HU0569709,07508,45,34,22.0,1,250000.0,1240,250000.0,1520XX,313200.0,3.0,2
2022HU0569729,07511,178,35,21.0,1,93000.0,0051,176900.0,112021,176900.0,3.0,1
2022HU0569966,07511,103,52,21.0,2,280000.0,0020,280000.0,111021,355030.0,1.0,2
2022HU0569966,07511,78,54,22.0,2,15000.0,4920,75030.0,419020,355030.0,1.0,2
2022HU0570686,07514,50,40,21.0,2,80000.0,5240,80000.0,434051,305000.0,1.0,2
2022HU0570686,07514,44,41,23.0,1,225000.0,3910,225000.0,339021,305000.0,1.0,2
2022HU0570968,07512,74,46,23.0,1,687000.0,0350,687000.0,119111,1374000.0,1.0,4
2022HU0570968,07512,55,46,23.0,2,687000.0,2100,687000.0,2310XX,1374000.0,1.0,4
2022HU0570968,07512,58,9,7.0,1,,,,,1374000.0,1.0,4
2022HU0570968,07512,58,7,4.0,1,,,,,1374000.0,1.0,4
2022HU0570972,07512,122,94,21.0,2,0.0,,174300.0,,174300.0,2.0,1
2022HU0571621,07509,97,53,21.0,1,65000.0,5400,65000.0,434171,65000.0,3.0,1
2022HU0571691,07513,32,66,22.0,1,0.0,,21600.0,,24100.0,2.0,2
2022HU0571691,07513,33,34,16.0,2,2500.0,4230,2500.0,372012,24100.0,2.0,2
2022HU0572269,07513,47,57,21.0,2,0.0,0110,425000.0,113021,425000.0,1.0,1
2022HU0572338,07508,212,40,23.0,1,400000.0,2100,400000.0,2310XX,650000.0,1.0,2
2022HU0572338,07508,228,54,21.0,1,250000.0,2825,250000.0,273031,650000.0,1.0,2
2022HU0573528,07511,208,49,21.0,1,48000.0,5740,54000.0,436014,254000.0,1.0,4
2022HU0573528,07511,184,48,21.0,2,200000.0,0565,200000.0,131041,254000.0,1.0,4
2022HU0573528,07511,161,13,10.0,1,,,,,254000.0,1.0,4
2022HU0573528,07511,161,10,7.0,1,,,,,254000.0,1.0,4
2022HU0573672,07514,34,74,21.0,2,0.0,,19140.0,,19140.0,3.0,1
2022HU0573886,07508,79,94,15.0,2,0.0,,22920.0,,22920.0,2.0,1
2022HU0574275,07507,160,74,11.0,2,0.0,,50000.0,,86510.0,2.0,2
2022HU0574275,07507,161,36,19.0,1,36500.0,5240,36510.0,434051,86510.0,2.0,2
2022HU0574413,07514,77,82,1.0,2,0.0,,15600.0,,15600.0,3.0,1
2022HU0574420,07510,95,65,8.0,2,0.0,,7240.0,,7240.0,3.0,2
2022HU0574420,07510,56,37,12.0,2,0.0,,0.0,,7240.0,3.0,2
2022HU0574450,07513,59,75,21.0,1,0.0,,64100.0,,81400.0,1.0,2
2022HU0574450,07513,61,75,16.0,2,0.0,,17300.0,,81400.0,1.0,2
2022HU0575558,07511,53,69,19.0,2,100000.0,3255,100000.0,291141,130000.0,1.0,6
2022HU0575558,07511,61,36,18.0,2,30000.0,9645,30000.0,537065,130000.0,1.0,6
2022HU0575558,07511,84,15,13.0,1,0.0,,0.0,,130000.0,1.0,6
2022HU0575558,07511,86,12,9.0,1,,,,,130000.0,1.0,6
2022HU0575558,07511,61,10,6.0,2,,,,,130000.0,1.0,6
2022HU0575558,07511,58,1,,1,,,,,130000.0,1.0,6
2022HU0575717,07514,50,34,22.0,2,250000.0,0735,250000.0,131161,250000.0,3.0,1
2022HU0576271,07508,80,52,18.0,2,150000.0,5740,150000.0,436014,150000.0,3.0,1
2022HU0576370,07508,62,88,21.0,1,0.0,,126000.0,,126000.0,3.0,2
2022HU0576370,07508,55,86,20.0,2,0.0,,0.0,,126000.0,3.0,2
2022HU0577113,07510,87,33,21.0,1,687000.0,1021,1118000.0,151252,1339000.0,3.0,2
2022HU0577113,07510,82,32,22.0,2,155000.0,1240,221000.0,1520XX,1339000.0,3.0,2
2022HU0577661,07509,120,82,18.0,1,0.0,,9600.0,,19200.0,3.0,2
2022HU0577661,07509,120,79,18.0,2,0.0,,9600.0,,19200.0,3.0,2
2022HU0578923,07513,71,40,19.0,1,97000.0,1530,97000.0,1721YY,347000.0,1.0,4
2022HU0578923,07513,64,36,24.0,2,250000.0,3050,250000.0,291051,347000.0,1.0,4
2022HU0578923,07513,51,7,4.0,1,,,,,347000.0,1.0,4
2022HU0578923,07513,55,4,2.0,2,,,,,347000.0,1.0,4
2022HU0578933,07514,396,75,16.0,2,0.0,,10300.0,,20500.0,3.0,2
2022HU0578933,07514,269,33,16.0,1,0.0,,10200.0,,20500.0,3.0,2
2022HU0580163,07507,59,38,17.0,1,8400.0,2350,11000.0,253041,111000.0,3.0,3
2022HU0580163,07507,50,29,22.0,1,100000.0,1240,100000.0,1520XX,111000.0,3.0,3
2022HU0580163,07507,58,28,1.0,2,0.0,,0.0,,111000.0,3.0,3
2022HU0580427,07514,36,71,23.0,2,687000.0,2100,731500.0,2310XX,731500.0,1.0,1
2022HU0580883,07511,65,25,21.0,1,100000.0,0040,100000.0,112011,100000.0,3.0,1
2022HU0581159,07512,84,73,16.0,1,0.0,,1800.0,,157400.0,1.0,3
2022HU0581159,07512,75,66,18.0,2,0.0,2014,5600.0,211029,157400.0,1.0,3
2022HU0581159,07512,62,37,21.0,1,0.0,2700,150000.0,272011,157400.0,1.0,3
2022HU0581290,07511,73,25,21.0,1,41200.0,2545,41200.0,259040,82400.0,3.0,2
2022HU0581290,07511,34,24,21.0,2,41200.0,2545,41200.0,259040,82400.0,3.0,2
2022HU0581494,07511,82,38,18.0,1,20000.0,4040,20000.0,353011,75000.0,3.0,3
2022HU0581494,07511,80,44,1.0,1,35000.0,8300,35000.0,516011,75000.0,3.0,3
2022HU0581494,07511,80,35,17.0,1,0.0,3930,20000.0,339030,75000.0,3.0,3
2022HU0581859,07511,51,45,22.0,2,20400.0,0735,20400.0,131161,87400.0,1.0,3
2022HU0581859,07511,74,45,16.0,1,45000.0,5550,67000.0,435052,87400.0,1.0,3
2022HU0581859,07511,50,7,3.0,2,,,,,87400.0,1.0,3
2022HU0582133,07513,54,58,21.0,2,185000.0,0440,189500.0,1191XX,266000.0,1.0,3
2022HU0582133,07513,53,59,21.0,1,75000.0,0220,75000.0,119021,266000.0,1.0,3
2022HU0582133,07513,98,17,14.0,2,1500.0,2722,1500.0,272022,266000.0,1.0,3
2022HU0582720,07509,52,40,21.0,2,250000.0,0845,250000.0,132051,325000.0,1.0,4
2022HU0582720,07509,60,41,19.0,1,50000.0,2634,75000.0,271024,325000.0,1.0,4
2022HU0582720,07509,59,7,3.0,1,,,,,325000.0,1.0,4
2022HU0582720,07509,62,3,1.0,1,,,,,325000.0,1.0,4
2022HU0582972,07509,30,36,21.0,1,100000.0,4965,100000.0,419099,200000.0,1.0,2
2022HU0582972,07509,37,42,22.0,2,100000.0,1050,100000.0,151230,200000.0,1.0,2
2022HU0583297,07509,115,55,19.0,1,41000.0,0710,74500.0,131111,74500.0,3.0,1
2022HU0583943,07508,155,44,22.0,1,25000.0,0440,25000.0,1191XX,25000.0,3.0,1
2022HU0584181,07512,128,59,22.0,1,255000.0,2040,359000.0,212011,383000.0,2.0,3
2022HU0584181,07512,87,56,16.0,2,0.0,,0.0,,383000.0,2.0,3
2022HU0584181,07512,123,32,21.0,1,24000.0,2850,24000.0,273043,383000.0,2.0,3
2022HU0584562,07512,235,30,19.0,2,25700.0,2300,25700.0,252010,25700.0,3.0,3
2022HU0584562,07512,211,4,1.0,1,,,,,25700.0,3.0,3
2022HU0584562,07512,210,2,,1,,,,,25700.0,3.0,3
2022HU0585227,07514,85,65,24.0,2,200000.0,4920,300000.0,419020,400000.0,2.0,2
2022HU0585227,07514,88,62,22.0,1,0.0,4920,100000.0,419020,400000.0,2.0,2
2022HU0585654,07514,53,29,21.0,1,687000.0,0845,689500.0,132051,992750.0,3.0,3
2022HU0585654,07514,43,28,21.0,2,200000.0,0120,200200.0,113031,992750.0,3.0,3
2022HU0585654,07514,49,25,21.0,1,103000.0,0750,103050.0,131199,992750.0,3.0,3
2022HU0586014,07513,62,72,10.0,1,0.0,,18000.0,,22700.0,2.0,2
2022HU0586014,07513,60,68,11.0,2,0.0,4230,4700.0,372012,22700.0,2.0,2
2022HU0586141,07512,49,45,21.0,2,0.0,,20000.0,,103600.0,3.0,5
2022HU0586141,07512,55,33,18.0,1,58000.0,0052,58000.0,112022,103600.0,3.0,5
2022HU0586141,07512,43,71,13.0,2,0.0,,19400.0,,103600.0,3.0,5
2022HU0586141,07512,102,17,16.0,1,2000.0,4110,6200.0,353031,103600.0,3.0,5
2022HU0586141,07512,74,14,10.0,2,,,,,103600.0,3.0,5
2022HU0586150,07507,84,61,20.0,1,26000.0,2300,26000.0,252010,26000.0,2.0,2
2022HU0586150,07507,67,37,17.0,2,0.0,4760,0.0,412031,26000.0,2.0,2
2022HU0586370,07511,56,54,22.0,2,370000.0,1021,370000.0,151252,580000.0,1.0,4
2022HU0586370,07511,64,57,22.0,1,200000.0,1410,200000.0,172070,580000.0,1.0,4
2022HU0586370,07511,197,18,16.0,2,10000.0,2350,10000.0,253041,580000.0,1.0,4
2022HU0586370,07511,71,16,13.0,2,0.0,,0.0,,580000.0,1.0,4
2022HU0586713,07511,50,52,16.0,1,60000.0,4220,60000.0,37201X,60000.0,3.0,1
2022HU0587455,07511,166,60,16.0,1,60000.0,9510,60000.0,537021,444000.0,2.0,4
2022HU0587455,07511,156,54,21.0,2,358000.0,4920,358000.0,419020,444000.0,2.0,4
2022HU0587455,07511,76,23,21.0,1,0.0,4720,0.0,412010,444000.0,2.0,4
2022HU0587455,07511,174,21,1.0,2,26000.0,4110,26000.0,353031,444000.0,2.0,4
2022HU0588141,07509,57,23,21.0,2,62000.0,1430,62580.0,172110,117580.0,3.0,2
2022HU0588141,07509,56,23,21.0,2,55000.0,3255,55000.0,291141,117580.0,3.0,2
2022HU0588165,07511,50,52,22.0,2,110000.0,2300,166000.0,252010,286000.0,3.0,3
2022HU0588165,07511,57,60,22.0,1,120000.0,2330,120000.0,252050,286000.0,3.0,3
2022HU0588165,07511,55,17,13.0,1,0.0,4760,0.0,412031,286000.0,3.0,3
2022HU0588410,07510,97,43,22.0,1,165000.0,0020,165000.0,111021,437000.0,1.0,2
2022HU0588410,07510,115,46,22.0,1,270000.0,0010,272000.0,1110XX,437000.0,1.0,2
2022HU0588870,07514,139,79,19.0,1,0.0,,29000.0,,29000.0,3.0,1
2022HU0589831,07510,119,50,22.0,1,0.0,5400,500.0,434171,500.0,1.0,1
2022HU0589857,07514,263,79,21.0,1,0.0,2850,9000.0,273043,9000.0,3.0,1
2022HU0590202,07507,60,66,16.0,1,0.0,,1400.0,,1400.0,2.0,1
2022HU0590823,07508,50,34,22.0,1,301000.0,1021,301000.0,151252,367000.0,3.0,2
2022HU0590823,07508,78,32,22.0,2,66000.0,1021,66000.0,151252,367000.0,3.0,2
2022HU0591146,07511,65,76,21.0,1,0.0,,13600.0,,13600.0,2.0,1
2022HU0591170,07508,110,46,21.0,1,40000.0,1105,90000.0,151244,90000.0,2.0,1
2022HU0591474,07513,178,40,21.0,2,70000.0,3601,70000.0,311121,255800.0,1.0,6
2022HU0591474,07513,194,48,24.0,1,150000.0,1360,150000.0,172051,255800.0,1.0,6
2022HU0591474,07513,175,5,3.0,2,,,,,255800.0,1.0,6
2022HU0591474,07513,162,1,,1,,,,,255800.0,1.0,6
2022HU0591474,07513,180,73,16.0,1,0.0,,19600.0,,255800.0,1.0,6
2022HU0591474,07513,175,69,11.0,2,0.0,,16200.0,,255800.0,1.0,6
2022HU0591539,07510,232,65,16.0,1,0.0,,12700.0,,12700.0,3.0,1
2022HU0591945,07513,157,33,22.0,1,225000.0,1240,225000.0,1520XX,395000.0,3.0,2
2022HU0591945,07513,124,34,21.0,2,170000.0,0020,170000.0,111021,395000.0,3.0,2
2022HU0592943,07511,96,68,19.0,1,0.0,1021,46300.0,151252,46300.0,3.0,1
2022HU0593026,07514,66,29,21.0,1,225000.0,1108,235000.0,151299,315500.0,3.0,2
2022HU0593026,07514,54,28,24.0,2,80000.0,1240,80500.0,1520XX,315500.0,3.0,2
2022HU0594746,07509,112,29,21.0,2,11800.0,1240,11800.0,1520XX,11800.0,3.0,1
2022HU0595106,07512,106,33,22.0,1,173000.0,0110,173000.0,113021,173000.0,3.0,1
2022HU0595391,07509,50,27,18.0,1,14000.0,4760,14000.0,412031,26700.0,3.0,4
2022HU0595391,07509,71,31,15.0,1,1200.0,2006,1200.0,211019,26700.0,3.0,4
2022HU0595391,07509,55,68,13.0,2,0.0,,5300.0,,26700.0,3.0,4
2022HU0595391,07509,61,66,13.0,1,0.0,,6200.0,,26700.0,3.0,4
2022HU0596261,07513,103,50,22.0,1,0.0,0010,425000.0,1110XX,425000.0,1.0,3
2022HU0596261,07513,108,48,21.0,2,0.0,,0.0,,425000.0,1.0,3
2022HU0596261,07513,269,14,10.0,2,,,,,425000.0,1.0,3
2022HU0596661,07511,77,26,21.0,1,30000.0,2145,30000.0,232011,330000.0,3.0,3
2022HU0596661,07511,70,26,21.0,1,160000.0,0110,160000.0,113021,330000.0,3.0,3
2022HU0596661,07511,74,25,21.0,1,140000.0,1240,140000.0,1520XX,330000.0,3.0,3
2022HU0596808,07508,118,57,22.0,1,60000.0,0010,61500.0,1110XX,61500.0,3.0,1
2022HU0596878,07511,90,58,22.0,1,75000.0,1530,75000.0,1721YY,125000.0,1.0,2
2022HU0596878,07511,108,59,21.0,2,0.0,0710,50000.0,131111,125000.0,1.0,2
2022HU0597009,07513,75,74,21.0,2,0.0,,229300.0,,472400.0,2.0,2
2022HU0597009,07513,67,73,21.0,1,0.0,,243100.0,,472400.0,2.0,2
2022HU0597401,07507,75,82,18.0,1,0.0,,75900.0,,145020.0,2.0,2
2022HU0597401,07507,73,78,20.0,2,0.0,,69120.0,,145020.0,2.0,2
2022HU0597418,07508,62,66,21.0,1,0.0,4030,4900.0,352021,14620.0,3.0,4
2022HU0597418,07508,68,58,20.0,2,720.0,2545,9720.0,259040,14620.0,3.0,4
2022HU0597418,07508,52,25,19.0,1,0.0,4720,0.0,412010,14620.0,3.0,4
2022HU0597418,07508,48,16,14.0,2,0.0,,0.0,,14620.0,3.0,4
2022HU0597520,07511,113,61,18.0,2,0.0,5740,60000.0,436014,90070.0,1.0,2
2022HU0597520,07511,55,62,18.0,1,0.0,,30070.0,,90070.0,1.0,2
2022HU0598677,07509,84,66,23.0,1,102000.0,0440,109700.0,1191XX,109700.0,3.0,1
2022HU0598811,07507,63,42,1.0,1,800.0,6260,800.0,472061,800.0,1.0,3
2022HU0598811,07507,54,41,2.0,2,0.0,2710,0.0,272012,800.0,1.0,3
2022HU0598811,07507,62,1,,1,,,,,800.0,1.0,3
2022HU0599332,07514,62,31,21.0,1,100000.0,4840,100000.0,413091,127000.0,3.0,2
2022HU0599332,07514,70,32,21.0,2,27000.0,2752,27000.0,272042,127000.0,3.0,2
2022HU0599523,07514,67,59,21.0,2,0.0,,51700.0,,51700.0,3.0,1
2022HU0599614,07508,118,57,22.0,2,0.0,,40500.0,,40500.0,4.0,1
2022HU0599713,07514,96,75,22.0,2,0.0,0160,149400.0,113071,149400.0,4.0,1
2022HU0599759,07509,100,39,22.0,1,70000.0,1021,94000.0,151252,94000.0,3.0,1
2022HU0600201,07509,71,41,19.0,1,85000.0,4040,85000.0,353011,85000.0,3.0,1
2022HU0600287,07509,68,32,21.0,2,25000.0,5400,25000.0,434171,60000.0,3.0,2
2022HU0600287,07509,57,36,21.0,1,35000.0,4530,35000.0,396010,60000.0,3.0,2
2022HU0600633,07508,66,46,23.0,1,100000.0,2100,100000.0,2310XX,400000.0,1.0,4
2022HU0600633,07508,55,45,22.0,2,300000.0,0010,300000.0,1110XX,400000.0,1.0,4
2022HU0600633,07508,71,16,13.0,2,0.0,,0.0,,400000.0,1.0,4
2022HU0600633,07508,57,13,10.0,1,,,,,400000.0,1.0,4
2022HU0601894,07513,66,68,21.0,1,0.0,,107800.0,,258000.0,2.0,3
2022HU0601894,07513,63,69,21.0,2,0.0,,30200.0,,258000.0,2.0,3
2022HU0601894,07513,56,35,21.0,2,120000.0,2840,120000.0,273042,258000.0,2.0,3
2022HU0602044,07509,115,64,16.0,1,0.0,,11400.0,,11400.0,3.0,1
2022HU0602102,07509,80,37,19.0,2,0.0,4600,33000.0,399011,33000.0,3.0,1
2022HU0603268,07507,124,59,21.0,1,40000.0,4220,40000.0,37201X,214400.0,3.0,7
2022HU0603268,07507,119,58,11.0,1,30000.0,9645,30000.0,537065,214400.0,3.0,7
2022HU0603268,07507,181,50,21.0,2,26900.0,4230,26900.0,372012,214400.0,3.0,7
2022HU0603268,07507,127,48,11.0,2,28500.0,4230,28500.0,372012,214400.0,3.0,7
2022HU0603268,07507,169,31,16.0,1,31000.0,7810,31000.0,513020,214400.0,3.0,7
2022HU0603268,07507,168,30,21.0,1,29500.0,7800,29500.0,513011,214400.0,3.0,7
2022HU0603268,07507,110,20,11.0,2,28500.0,4230,28500.0,372012,214400.0,3.0,7
2022HU0603275,07514,50,90,9.0,2,0.0,,161800.0,,161800.0,2.0,1
2022HU0603412,07509,142,88,1.0,2,0.0,,18700.0,,18700.0,3.0,1
2022HU0603792,07514,63,42,22.0,2,105000.0,1305,105000.0,171011,105000.0,3.0,1
2022HU0603834,07511,52,72,21.0,1,0.0,8740,85190.0,519061,85190.0,3.0,1
2022HU0604436,07513,69,66,16.0,1,0.0,6200,106600.0,471011,147600.0,2.0,2
2022HU0604436,07513,61,63,16.0,2,0.0,5240,41000.0,434051,147600.0,2.0,2
2022HU0604610,07510,35,73,23.0,1,0.0,2100,222700.0,2310XX,242700.0,2.0,2
2022HU0604610,07510,42,71,21.0,2,0.0,,20000.0,,242700.0,2.0,2
2022HU0604896,07511,52,29,22.0,2,200000.0,1021,205000.0,151252,385000.0,1.0,2
2022HU0604896,07511,63,33,21.0,1,180000.0,4840,180000.0,413091,385000.0,1.0,2
2022HU0605144,07513,33,54,24.0,2,108000.0,2205,113000.0,251000,113000.0,3.0,1
2022HU0605701,07508,53,48,21.0,2,85000.0,2830,85000.0,273041,185000.0,1.0,2
2022HU0605701,07508,57,48,22.0,2,100000.0,0440,100000.0,1191XX,185000.0,1.0,2
2022HU0606619,07513,36,51,21.0,2,0.0,0440,19100.0,1191XX,64100.0,1.0,3
2022HU0606619,07513,46,32,22.0,1,40000.0,5940,40000.0,439XXX,64100.0,1.0,3
2022HU0606619,07513,31,25,21.0,1,5000.0,4760,5000.0,412031,64100.0,1.0,3
2022HU0607526,07513,101,55,22.0,1,117000.0,2320,118500.0,252030,118500.0,2.0,1
2022HU0607855,07512,104,26,21.0,1,135000.0,0735,135010.0,131161,135010.0,3.0,1
2022HU0608628,07509,65,41,21.0,2,400.0,4840,400.0,413091,400.0,2.0,1
2022HU0608727,07514,72,30,22.0,1,210000.0,0710,212500.0,131111,212500.0,3.0,1
2022HU0608744,07513,67,45,22.0,2,176000.0,4700,196000.0,411011,336000.0,1.0,4
2022HU0608744,07513,76,49,22.0,1,130000.0,1021,140000.0,151252,336000.0,1.0,4
2022HU0608744,07513,56,11,8.0,1,,,,,336000.0,1.0,4
2022HU0608744,07513,55,9,5.0,1,,,,,336000.0,1.0,4
2022HU0609432,07511,107,35,22.0,1,235000.0,0440,235000.0,1191XX,360000.0,3.0,4
2022HU0609432,07511,104,35,22.0,2,125000.0,1305,125000.0,171011,360000.0,3.0,4
2022HU0609432,07511,104,3,2.0,1,,,,,360000.0,3.0,4
2022HU0609432,07511,101,1,,2,,,,,360000.0,3.0,4
2022HU0609482,07508,57,34,16.0,1,350000.0,1021,350000.0,151252,350000.0,1.0,2
2022HU0609482,07508,57,8,5.0,1,,,,,350000.0,1.0,2
2022HU0610503,07513,91,39,14.0,2,22000.0,4220,22000.0,37201X,22000.0,3.0,3
2022HU0610503,07513,163,15,12.0,1,0.0,,0.0,,22000.0,3.0,3
2022HU0610503,07513,118,10,7.0,2,,,,,22000.0,3.0,3
2022HU0610510,07509,66,55,23.0,1,250000.0,2100,262000.0,2310XX,262000.0,1.0,1
2022HU0610538,07513,60,36,21.0,1,100000.0,0110,105000.0,113021,270400.0,1.0,6
2022HU0610538,07513,67,32,21.0,2,92000.0,5710,92000.0,436011,270400.0,1.0,6
2022HU0610538,07513,58,60,15.0,1,17000.0,4110,17000.0,353031,270400.0,1.0,6
2022HU0610538,07513,56,57,19.0,2,30000.0,4110,30000.0,353031,270400.0,1.0,6
2022HU0610538,07513,56,86,1.0,2,0.0,,8400.0,,270400.0,1.0,6
2022HU0610538,07513,57,58,1.0,1,18000.0,9142,18000.0,533054,270400.0,1.0,6
2022HU0611051,07508,146,33,22.0,1,67000.0,3255,67000.0,291141,107000.0,3.0,2
2022HU0611051,07508,199,31,22.0,2,40000.0,2310,40000.0,252020,107000.0,3.0,2
2022HU0611989,07507,50,72,21.0,1,3600.0,4760,11000.0,412031,14100.0,2.0,2
2022HU0611989,07507,47,70,19.0,2,0.0,,3100.0,,14100.0,2.0,2
2022HU0612186,07507,215,50,21.0,2,60000.0,2545,60000.0,259040,99200.0,1.0,4
2022HU0612186,07507,169,55,16.0,1,12700.0,7200,27500.0,493023,99200.0,1.0,4
2022HU0612186,07507,120,11,8.0,1,,,,,99200.0,1.0,4
2022HU0612186,07507,153,86,1.0,2,0.0,,11700.0,,99200.0,1.0,4
2022HU0612608,07510,230,23,19.0,2,0.0,,0.0,,0.0,3.0,1
2022HU0613144,07513,62,78,19.0,1,0.0,5820,70050.0,439022,70050.0,3.0,2
2022HU0613144,07513,70,48,13.0,1,0.0,,0.0,,70050.0,3.0,2
2022HU0613657,07509,64,31,21.0,1,80000.0,0010,88000.0,1110XX,413000.0,3.0,2
2022HU0613657,07509,75,33,21.0,2,325000.0,4840,325000.0,413091,413000.0,3.0,2
2022HU0614153,07508,64,42,21.0,1,200000.0,1021,200000.0,151252,350000.0,1.0,4
2022HU0614153,07508,58,42,23.0,2,150000.0,0051,150000.0,112021,350000.0,1.0,4
2022HU0614153,07508,56,10,7.0,2,,,,,350000.0,1.0,4
2022HU0614153,07508,55,7,4.0,2,,,,,350000.0,1.0,4
2022HU0614570,07510,42,32,21.0,2,40000.0,5510,50000.0,435021,120000.0,3.0,2
2022HU0614570,07510,48,36,21.0,2,70000.0,1032,70000.0,151255,120000.0,3.0,2
2022HU0615117,07512,74,51,23.0,2,180000.0,0800,200000.0,132011,260000.0,2.0,6
2022HU0615117,07512,84,48,19.0,1,60000.0,4920,60000.0,419020,260000.0,2.0,6
2022HU0615117,07512,47,16,14.0,1,0.0,,0.0,,260000.0,2.0,6
2022HU0615117,07512,66,14,10.0,1,,,,,260000.0,2.0,6
2022HU0615117,07512,81,9,6.0,2,,,,,260000.0,2.0,6
2022HU0615117,07512,57,82,17.0,2,0.0,,0.0,,260000.0,2.0,6
2022HU0615179,07514,52,86,24.0,1,0.0,,224700.0,,224700.0,2.0,2
2022HU0615179,07514,59,87,24.0,2,0.0,,0.0,,224700.0,2.0,2
2022HU0615731,07511,125,35,19.0,1,207000.0,0440,207000.0,1191XX,207000.0,3.0,1
2022HU0615751,07514,70,31,21.0,1,300000.0,0735,450000.0,131161,450000.0,3.0,1
2022HU0615823,07511,68,53,21.0,2,0.0,4920,188000.0,419020,258000.0,3.0,2
2022HU0615823,07511,68,57,19.0,2,70000.0,1108,70000.0,151299,258000.0,3.0,2
2022HU0615894,07507,45,65,21.0,1,0.0,,132000.0,,132000.0,2.0,1
2022HU0616064,07514,81,82,23.0,1,0.0,0850,504000.0,132052,570000.0,1.0,2
2022HU0616064,07514,84,70,22.0,2,0.0,,66000.0,,570000.0,1.0,2
2022HU0616385,07512,74,45,20.0,1,83000.0,2145,83000.0,232011,114800.0,1.0,3
2022HU0616385,07512,56,78,16.0,1,0.0,,6800.0,,114800.0,1.0,3
2022HU0616385,07512,47,72,19.0,2,0.0,,25000.0,,114800.0,1.0,3
2022HU0616820,07512,276,29,21.0,1,100000.0,0052,100000.0,112022,100000.0,3.0,1
2022HU0617720,07511,68,39,23.0,2,378000.0,2100,379000.0,2310XX,379000.0,3.0,1
2022HU0617930,07509,53,22,21.0,2,100000.0,0630,97300.0,131070,137300.0,3.0,2
2022HU0617930,07509,51,23,21.0,2,40000.0,5240,40000.0,434051,137300.0,3.0,2
2022HU0618018,07510,93,37,22.0,1,250000.0,0300,250200.0,119041,310200.0,3.0,2
2022HU0618018,07510,93,30,21.0,2,60000.0,4760,60000.0,412031,310200.0,3.0,2
2022HU0618682,07513,36,41,21.0,1,200000.0,1022,200000.0,151253,315000.0,2.0,2
2022HU0618682,07513,32,35,21.0,2,115000.0,2840,115000.0,273042,315000.0,2.0,2
2022HU0619066,07511,85,54,22.0,1,687000.0,0010,874000.0,1110XX,1078500.0,1.0,3
2022HU0619066,07511,79,58,17.0,2,0.0,,202000.0,,1078500.0,1.0,3
2022HU0619066,07511,48,17,14.0,1,2000.0,4110,2500.0,353031,1078500.0,1.0,3
2022HU0619491,07512,59,31,22.0,2,82000.0,2310,82000.0,252020,164000.0,3.0,2
2022HU0619491,07512,51,33,22.0,1,82000.0,2310,82000.0,252020,164000.0,3.0,2
2022HU0619598,07511,62,71,21.0,1,0.0,6260,34100.0,472061,134300.0,1.0,3
2022HU0619598,07511,62,68,23.0,2,0.0,2555,51600.0,2590XX,134300.0,1.0,3
2022HU0619598,07511,69,31,23.0,1,33000.0,2640,48600.0,27102X,134300.0,1.0,3
2022HU0619873,07513,43,41,23.0,1,200000.0,0440,200000.0,1191XX,345200.0,1.0,5
2022HU0619873,07513,40,43,23.0,2,98000.0,0705,98000.0,131082,345200.0,1.0,5
2022HU0619873,07513,31,5,1.0,1,,,,,345200.0,1.0,5
2022HU0619873,07513,34,0,,2,,,,,345200.0,1.0,5
2022HU0619873,07513,31,25,21.0,2,47200.0,2100,47200.0,2310XX,345200.0,1.0,5
2022HU0620534,07514,84,54,18.0,2,20000.0,3602,22500.0,311122,29000.0,3.0,2
2022HU0620534,07514,286,18,16.0,2,0.0,4120,6500.0,353041,29000.0,3.0,2
2022HU0621359,07514,69,36,22.0,2,687000.0,4820,687000.0,413031,687000.0,3.0,1
2022HU0622067,07511,67,57,22.0,1,0.0,2631,425000.0,271021,425000.0,2.0,1
2022HU0622124,07510,162,34,21.0,1,0.0,2600,0.0,271010,0.0,3.0,1
2022HU0622300,07514,53,29,21.0,1,130000.0,1021,130000.0,151252,235000.0,3.0,2
2022HU0622300,07514,48,30,22.0,2,105000.0,0710,105000.0,131111,235000.0,3.0,2
2022HU0623174,07514,147,35,16.0,1,0.0,3602,11700.0,311122,11700.0,3.0,1
2022HU0623341,07509,125,45,16.0,2,10000.0,3602,26800.0,311122,33500.0,3.0,3
2022HU0623341,07509,165,17,14.0,2,6700.0,2545,6700.0,259040,33500.0,3.0,3
2022HU0623341,07509,129,14,10.0,1,,,,,33500.0,3.0,3
2022HU0624522,07509,71,30,21.0,2,90000.0,0705,90000.0,131082,90000.0,3.0,1
2022HU0624678,07511,105,41,22.0,1,237000.0,1021,237000.0,151252,237000.0,1.0,1
2022HU0624779,07509,80,24,21.0,1,200000.0,1021,200000.0,151252,440000.0,3.0,3
2022HU0624779,07509,76,24,22.0,1,100000.0,1021,100000.0,151252,440000.0,3.0,3
2022HU0624779,07509,77,24,21.0,1,140000.0,1021,140000.0,151252,440000.0,3.0,3
2022HU0624889,07508,68,55,21.0,2,140000.0,0360,140000.0,119121,172300.0,1.0,2
2022HU0624889,07508,79,56,21.0,1,0.0,1050,32300.0,151230,172300.0,1.0,2
2022HU0625251,07511,61,29,21.0,1,374000.0,1021,399800.0,151252,399800.0,3.0,1
2022HU0626282,07514,98,34,21.0,1,687000.0,0052,687000.0,112022,724500.0,4.0,2
2022HU0626282,07514,108,32,21.0,2,37500.0,4700,37500.0,411011,724500.0,4.0,2
2022HU0626449,07514,49,69,17.0,1,0.0,,6000.0,,21000.0,4.0,2
2022HU0626449,07514,51,65,22.0,2,0.0,,15000.0,,21000.0,4.0,2
2022HU0626833,07509,75,54,21.0,2,152000.0,1305,152000.0,171011,152000.0,3.0,1
2022HU0627437,07512,59,70,21.0,2,0.0,0060,45600.0,112030,159900.0,1.0,2
2022HU0627437,07512,51,76,21.0,1,0.0,,114300.0,,159900.0,1.0,2
2022HU0627618,07511,195,50,19.0,1,12000.0,4010,19000.0,351012,110900.0,3.0,3
2022HU0627618,07511,148,45,20.0,2,45000.0,4251,45000.0,373011,110900.0,3.0,3
2022HU0627618,07511,210,36,19.0,1,46900.0,4720,46900.0,412010,110900.0,3.0,3
2022HU0627759,07513,265,52,20.0,2,0.0,4920,120000.0,419020,157400.0,2.0,3
2022HU0627759,07513,285,49,16.0,1,35000.0,4000,35000.0,351011,157400.0,2.0,3
2022HU0627759,07513,277,73,12.0,2,0.0,,2400.0,,157400.0,2.0,3
2022HU0627788,07507,64,40,21.0,2,170000.0,0705,170000.0,131082,448800.0,2.0,4
2022HU0627788,07507,120,41,20.0,1,248000.0,0220,278800.0,119021,448800.0,2.0,4
2022HU0627788,07507,188,6,3.0,2,,,,,448800.0,2.0,4
2022HU0627788,07507,129,2,,1,,,,,448800.0,2.0,4
2022HU0628480,07510,95,39,22.0,2,200000.0,0440,250000.0,1191XX,250000.0,3.0,1
2022HU0628738,07507,128,74,1.0,1,6000.0,4030,21600.0,352021,105100.0,2.0,4
2022HU0628738,07507,122,73,1.0,2,36000.0,3602,45500.0,311122,105100.0,2.0,4
2022HU0628738,07507,122,44,20.0,1,0.0,9142,0.0,533054,105100.0,2.0,4
2022HU0628738,07507,131,47,19.0,1,38000.0,5240,38000.0,434051,105100.0,2.0,4
2022HU0629305,07509,91,26,21.0,2,250000.0,2100,268000.0,2310XX,985000.0,3.0,2
2022HU0629305,07509,82,25,21.0,1,687000.0,2100,717000.0,2310XX,985000.0,3.0,2
2022HU0630044,07514,104,31,22.0,1,193000.0,0710,229000.0,131111,229000.0,3.0,1
2022HU0630140,07510,44,35,22.0,1,300000.0,0020,340000.0,111021,590000.0,1.0,3
2022HU0630140,07510,45,34,22.0,2,250000.0,0735,250000.0,131161,590000.0,1.0,3
2022HU0630140,07510,82,1,,2,,,,,590000.0,1.0,3
2022HU0630243,07507,22,64,16.0,2,0.0,3602,24700.0,311122,111700.0,2.0,2
2022HU0630243,07507,63,66,16.0,1,0.0,3430,87000.0,29205X,111700.0,2.0,2
2022HU0630648,07514,107,27,16.0,2,165000.0,0410,165000.0,119141,287800.0,3.0,4
2022HU0630648,07514,92,34,21.0,1,90000.0,0750,90000.0,131199,287800.0,3.0,4
2022HU0630648,07514,93,33,22.0,1,12800.0,5610,12800.0,435071,287800.0,3.0,4
2022HU0630648,07514,114,28,20.0,1,20000.0,4040,20000.0,353011,287800.0,3.0,4
2022HU0630851,07510,77,49,21.0,1,15000.0,1021,36400.0,151252,77800.0,1.0,2
2022HU0630851,07510,73,43,22.0,2,40000.0,0230,41400.0,119030,77800.0,1.0,2
2022HU0632200,07511,73,77,19.0,1,0.0,,122000.0,,122000.0,2.0,1
2022HU0632524,07511,65,63,21.0,1,0.0,,113000.0,,113000.0,2.0,2
2022HU0632524,07511,70,61,21.0,2,0.0,0120,0.0,113031,113000.0,2.0,2
2022HU0632644,07508,90,52,21.0,2,0.0,,4800.0,,455800.0,1.0,4
2022HU0632644,07508,76,57,23.0,1,0.0,3090,451000.0,291210,455800.0,1.0,4
2022HU0632644,07508,39,16,13.0,1,0.0,,0.0,,455800.0,1.0,4
2022HU0632644,07508,56,13,11.0,1,,,,,455800.0,1.0,4
2022HU0633433,07511,53,47,22.0,1,0.0,2435,31000.0,254022,57500.0,3.0,2
2022HU0633433,07511,40,47,21.0,2,0.0,0726,26500.0,131131,57500.0,3.0,2
2022HU0633662,07511,106,77,6.0,2,0.0,,18600.0,,44100.0,3.0,2
2022HU0633662,07511,91,68,17.0,2,0.0,4220,25500.0,37201X,44100.0,3.0,2
2022HU0634599,07509,46,24,21.0,1,200000.0,1021,200010.0,151252,330010.0,3.0,2
2022HU0634599,07509,60,25,21.0,1,130000.0,1021,130000.0,151252,330010.0,3.0,2
2022HU0634856,07507,65,35,16.0,1,0.0,0420,0.0,119151,39730.0,1.0,4
2022HU0634856,07507,63,37,16.0,2,32000.0,3602,33500.0,311122,39730.0,1.0,4
2022HU0634856,07507,57,67,11.0,2,0.0,,6230.0,,39730.0,1.0,4
2022HU0634856,07507,88,11,7.0,2,,,,,39730.0,1.0,4
2022HU0635100,07513,34,83,18.0,2,0.0,,22800.0,,22800.0,2.0,1
2022HU0635274,07507,31,24,16.0,1,25000.0,3649,27000.0,319097,116230.0,2.0,7
2022HU0635274,07507,33,26,18.0,2,28000.0,9640,28000.0,537064,116230.0,2.0,7
2022HU0635274,07507,36,62,16.0,1,0.0,4140,16100.0,359021,116230.0,2.0,7
2022HU0635274,07507,31,65,19.0,2,0.0,3649,24000.0,319097,116230.0,2.0,7
2022HU0635274,07507,33,61,15.0,2,3000.0,5120,3000.0,433031,116230.0,2.0,7
2022HU0635274,07507,29,29,16.0,1,130.0,4110,18130.0,353031,116230.0,2.0,7
2022HU0635274,07507,28,27,21.0,1,0.0,,0.0,,116230.0,2.0,7
2022HU0636693,07513,93,64,16.0,2,0.0,4110,24000.0,353031,86000.0,2.0,3
2022HU0636693,07513,103,67,16.0,1,0.0,,12000.0,,86000.0,2.0,3
2022HU0636693,07513,103,66,16.0,1,50000.0,9130,50000.0,533030,86000.0,2.0,3
2022HU0636792,07509,223,56,11.0,2,0.0,,0.0,,10800.0,3.0,2
2022HU0636792,07509,219,71,11.0,1,0.0,,10800.0,,10800.0,3.0,2
2022HU0636807,07512,91,54,21.0,1,213000.0,3255,213000.0,291141,454000.0,3.0,2
2022HU0636807,07512,91,53,20.0,1,241000.0,3255,241000.0,291141,454000.0,3.0,2
2022HU0636865,07512,56,35,21.0,1,165000.0,4700,175000.0,411011,334000.0,2.0,3
2022HU0636865,07512,49,35,21.0,2,129000.0,0350,139000.0,119111,334000.0,2.0,3
2022HU0636865,07512,33,63,17.0,2,20000.0,4600,20000.0,399011,334000.0,2.0,3
2022HU0636993,07512,183,72,23.0,1,0.0,3090,49000.0,291210,49000.0,2.0,1
2022HU0637115,07508,52,47,17.0,1,40000.0,7315,40000.0,499021,40000.0,4.0,1
2022HU0637589,07514,57,31,21.0,2,100000.0,0630,113000.0,131070,113000.0,3.0,1
2022HU0637621,07509,127,85,1.0,1,0.0,,12700.0,,22500.0,3.0,2
2022HU0637621,07509,127,83,1.0,2,0.0,,9800.0,,22500.0,3.0,2
2022HU0638010,07511,55,27,23.0,1,135000.0,0710,135000.0,131111,135000.0,3.0,1
2022HU0638634,07513,175,79,20.0,2,0.0,2145,40200.0,232011,107300.0,2.0,2
2022HU0638634,07513,174,81,16.0,1,0.0,,67100.0,,107300.0,2.0,2
2022HU0638773,07514,41,53,21.0,2,260000.0,0120,260000.0,113031,260000.0,1.0,1
2022HU0639426,07511,151,28,21.0,1,145000.0,0440,145000.0,1191XX,175000.0,3.0,2
2022HU0639426,07511,114,28,21.0,2,30000.0,2640,30000.0,27102X,175000.0,3.0,2
2022HU0639568,07513,322,38,21.0,1,150000.0,0300,150000.0,119041,150000.0,1.0,1
2022HU0641228,07508,54,47,22.0,1,210000.0,0960,695000.0,1320XX,695790.0,1.0,4
2022HU0641228,07508,45,48,21.0,2,0.0,,790.0,,695790.0,1.0,4
2022HU0641228,07508,48,12,9.0,1,,,,,695790.0,1.0,4
2022HU0641228,07508,49,8,5.0,2,,,,,695790.0,1.0,4
2022HU0641809,07512,64,40,22.0,2,0.0,3255,16800.0,291141,316800.0,1.0,4
2022HU0641809,07512,68,40,24.0,1,300000.0,1240,300000.0,1520XX,316800.0,1.0,4
2022HU0641809,07512,59,11,7.0,2,,,,,316800.0,1.0,4
2022HU0641809,07512,59,8,4.0,2,,,,,316800.0,1.0,4
2022HU0641970,07512,67,89,1.0,2,0.0,,15600.0,,15600.0,2.0,1
2022HU0642186,07512,59,36,16.0,1,40000.0,3640,40000.0,319091,40000.0,3.0,2
2022HU0642186,07512,73,4,1.0,2,,,,,40000.0,3.0,2
2022HU0642681,07514,77,32,21.0,2,125000.0,0136,125000.0,113121,125000.0,2.0,1
2022HU0642698,07511,54,31,22.0,1,200000.0,1240,200000.0,1520XX,370000.0,3.0,2
2022HU0642698,07511,44,29,22.0,2,170000.0,1760,170000.0,192099,370000.0,3.0,2
2022HU0643353,07509,139,37,23.0,1,200000.0,2640,200000.0,27102X,200000.0,3.0,3
2022HU0643353,07509,160,36,21.0,2,0.0,5710,0.0,436011,200000.0,3.0,3
2022HU0643353,07509,156,0,,2,,,,,200000.0,3.0,3
2022HU0643709,07511,52,74,21.0,1,0.0,,4000.0,,4000.0,3.0,1
2022HU0643731,07509,97,33,21.0,2,210000.0,0440,210000.0,1191XX,262000.0,3.0,2
2022HU0643731,07509,95,35,21.0,1,52000.0,4920,52000.0,419020,262000.0,3.0,2
2022HU0643879,07508,59,60,22.0,2,98000.0,2310,98000.0,252020,148000.0,3.0,2
2022HU0643879,07508,70,27,21.0,1,50000.0,2180,50000.0,232099,148000.0,3.0,2
2022HU0644353,07513,69,85,21.0,2,0.0,,125100.0,,125100.0,1.0,1
2022HU0645184,07509,177,30,22.0,2,78000.0,1240,78000.0,1520XX,78000.0,3.0,1
2022HU0645396,07511,89,57,21.0,1,209000.0,1108,209000.0,151299,640000.0,2.0,4
2022HU0645396,07511,79,52,21.0,2,0.0,9920,425000.0,999920,640000.0,2.0,4
2022HU0645396,07511,102,26,19.0,1,0.0,,6000.0,,640000.0,2.0,4
2022HU0645396,07511,87,18,14.0,1,0.0,,0.0,,640000.0,2.0,4
2022HU0646057,07514,65,58,21.0,1,60000.0,8990,60000.0,5191XX,108000.0,1.0,3
2022HU0646057,07514,58,76,21.0,2,0.0,2205,36000.0,251000,108000.0,1.0,3
2022HU0646057,07514,62,56,16.0,1,0.0,,12000.0,,108000.0,1.0,3
2022HU0646107,07509,80,53,21.0,1,0.0,0010,425000.0,1110XX,425000.0,3.0,1
2022HU0646967,07509,32,28,21.0,1,15000.0,2905,15000.0,2740XX,139000.0,3.0,3
2022HU0646967,07509,36,30,19.0,1,50000.0,1050,50000.0,151230,139000.0,3.0,3
2022HU0646967,07509,34,28,19.0,1,70000.0,1555,74000.0,17302X,139000.0,3.0,3
2022HU0647059,07507,53,49,24.0,1,200000.0,0800,200000.0,132011,384000.0,1.0,2
2022HU0647059,07507,56,36,21.0,2,184000.0,0120,184000.0,113031,384000.0,1.0,2
2022HU0647357,07508,139,78,16.0,1,0.0,,23100.0,,23100.0,3.0,1
2022HU0648591,07509,63,82,22.0,1,0.0,0205,510000.0,119013,510000.0,2.0,1
2022HU0648799,07508,57,37,22.0,1,0.0,2825,40500.0,273031,187500.0,3.0,4
2022HU0648799,07508,69,37,19.0,2,147000.0,9760,147000.0,5371XX,187500.0,3.0,4
2022HU0648799,07508,51,5,2.0,1,,,,,187500.0,3.0,4
2022HU0648799,07508,52,2,,1,,,,,187500.0,3.0,4
2022HU0649299,07512,92,94,20.0,2,0.0,,32300.0,,32300.0,2.0,1
2022HU0649391,07511,143,51,22.0,1,0.0,,78000.0,,78000.0,1.0,1
2022HU0649602,07509,62,60,16.0,2,89000.0,5740,100200.0,436014,100200.0,1.0,1
2022HU0649827,07511,44,22,22.0,1,100000.0,1021,100000.0,151252,250140.0,3.0,2
2022HU0649827,07511,43,23,21.0,1,150000.0,1021,150140.0,151252,250140.0,3.0,2
2022HU0650159,07514,51,32,21.0,1,130000.0,0052,130000.0,112022,230000.0,3.0,2
2022HU0650159,07514,69,35,21.0,2,100000.0,4965,100000.0,419099,230000.0,3.0,2
2022HU0650207,07512,68,29,21.0,1,140000.0,4840,140000.0,413091,215000.0,3.0,2
2022HU0650207,07512,64,25,21.0,2,75000.0,0800,75000.0,132011,215000.0,3.0,2
2022HU0650356,07511,110,39,24.0,1,210000.0,1760,215000.0,192099,215000.0,1.0,1
2022HU0650647,07511,92,33,21.0,1,137000.0,4840,137000.0,413091,197000.0,1.0,2
2022HU0650647,07511,96,34,22.0,1,10000.0,1032,60000.0,151255,197000.0,1.0,2
2022HU0650659,07509,55,84,21.0,1,0.0,,91900.0,,91900.0,2.0,1
2022HU0650913,07513,64,39,23.0,2,370000.0,3090,370000.0,291210,505000.0,3.0,4
2022HU0650913,07513,81,40,22.0,1,135000.0,1420,135000.0,172081,505000.0,3.0,4
2022HU0650913,07513,92,5,1.0,2,,,,,505000.0,3.0,4
2022HU0650913,07513,80,1,,2,,,,,505000.0,3.0,4
2022HU0650974,07512,63,49,22.0,2,151000.0,2320,151000.0,252030,151000.0,1.0,3
2022HU0650974,07512,81,21,18.0,1,0.0,4055,0.0,353023,151000.0,1.0,3
2022HU0650974,07512,63,16,11.0,2,0.0,,0.0,,151000.0,1.0,3
2022HU0651082,07510,53,55,24.0,1,0.0,1760,100000.0,192099,200000.0,2.0,3
2022HU0651082,07510,61,51,21.0,2,0.0,0726,100000.0,131131,200000.0,2.0,3
2022HU0651082,07510,50,12,10.0,1,,,,,200000.0,2.0,3
2022HU0651467,07511,61,28,21.0,1,220000.0,1021,220000.0,151252,241000.0,3.0,2
2022HU0651467,07511,50,27,21.0,2,21000.0,4840,21000.0,413091,241000.0,3.0,2
2022HU0651525,07511,57,29,21.0,1,165000.0,2640,165000.0,27102X,165000.0,3.0,1
2022HU0651801,07514,47,24,21.0,2,190000.0,4920,190000.0,419020,190000.0,3.0,1
2022HU0652039,07513,49,63,21.0,2,0.0,,0.0,,143700.0,2.0,3
2022HU0652039,07513,50,64,21.0,1,32000.0,5240,130200.0,434051,143700.0,2.0,3
2022HU0652039,07513,42,32,19.0,2,7500.0,5860,13500.0,439061,143700.0,2.0,3
2022HU0652560,07511,101,28,16.0,1,10000.0,3930,10000.0,339030,10000.0,3.0,1
2022HU0652843,07509,51,58,20.0,2,80000.0,0110,193000.0,113021,193000.0,1.0,1
2022HU0652848,07514,51,32,21.0,1,0.0,6230,0.0,472031,0.0,3.0,1
2022HU0653102,07512,63,68,16.0,1,0.0,,53800.0,,53800.0,2.0,1
2022HU0653961,07508,83,75,15.0,1,0.0,8350,13000.0,516050,153600.0,2.0,3
2022HU0653961,07508,73,67,15.0,2,0.0,5160,15600.0,433071,153600.0,2.0,3
2022HU0653961,07508,73,42,21.0,1,115000.0,1050,125000.0,151230,153600.0,2.0,3
2022HU0655450,07511,329,35,21.0,1,125000.0,0440,125000.0,1191XX,190000.0,3.0,2
2022HU0655450,07511,286,34,19.0,1,65000.0,4621,65000.0,399031,190000.0,3.0,2
2022HU0655561,07510,54,47,24.0,1,300000.0,1760,304000.0,192099,324000.0,3.0,4
2022HU0655561,07510,51,47,21.0,2,0.0,2360,20000.0,2530XX,324000.0,3.0,4
2022HU0655561,07510,47,11,10.0,1,,,,,324000.0,3.0,4
2022HU0655561,07510,53,8,6.0,2,,,,,324000.0,3.0,4
2022HU0655773,07513,61,75,21.0,2,0.0,5940,18400.0,439XXX,88400.0,2.0,4
2022HU0655773,07513,54,23,19.0,1,70000.0,6442,70000.0,472152,88400.0,2.0,4
2022HU0655773,07513,60,0,,1,,,,,88400.0,2.0,4
2022HU0655773,07513,49,23,16.0,2,0.0,4110,0.0,353031,88400.0,2.0,4
2022HU0655785,07509,84,63,23.0,1,90000.0,2100,160000.0,2310XX,166000.0,3.0,3
2022HU0655785,07509,77,65,21.0,2,6000.0,2205,6000.0,251000,166000.0,3.0,3
2022HU0655785,07509,81,17,14.0,1,0.0,,0.0,,166000.0,3.0,3
2022HU0655803,07508,49,69,21.0,1,150000.0,0410,230000.0,119141,255000.0,1.0,2
2022HU0655803,07508,40,59,21.0,2,0.0,5710,25000.0,436011,255000.0,1.0,2
2022HU0655842,07509,135,30,21.0,1,40000.0,6050,40000.0,4520XX,135000.0,3.0,2
2022HU0655842,07509,158,30,21.0,2,95000.0,5710,95000.0,436011,135000.0,3.0,2
2022HU0657211,07513,51,45,22.0,2,145000.0,0230,145000.0,119030,145000.0,1.0,2
2022HU0657211,07513,62,10,7.0,1,,,,,145000.0,1.0,2
2022HU0657407,07514,72,42,24.0,2,0.0,0630,5000.0,131070,230090.0,3.0,3
2022HU0657407,07514,72,44,22.0,1,225000.0,1050,225090.0,151230,230090.0,3.0,3
2022HU0657407,07514,69,11,7.0,2,,,,,230090.0,3.0,3
2022HU0657587,07513,137,68,19.0,2,0.0,,26400.0,,26400.0,2.0,1
2022HU0657706,07507,64,81,18.0,2,0.0,,92700.0,,266000.0,1.0,5
2022HU0657706,07507,60,43,21.0,2,90000.0,5120,90300.0,433031,266000.0,1.0,5
2022HU0657706,07507,48,10,8.0,1,,,,,266000.0,1.0,5
2022HU0657706,07507,48,9,7.0,1,,,,,266000.0,1.0,5
2022HU0657706,07507,57,72,23.0,1,80000.0,3050,83000.0,291051,266000.0,1.0,5
2022HU0657731,07509,249,59,10.0,2,28000.0,5240,28000.0,434051,61600.0,3.0,2
2022HU0657731,07509,329,30,20.0,2,33600.0,5240,33600.0,434051,61600.0,3.0,2
2022HU0658385,07511,74,73,22.0,2,0.0,,77000.0,,77000.0,1.0,1
2022HU0658533,07508,90,51,22.0,1,240000.0,4700,259000.0,411011,469000.0,1.0,3
2022HU0658533,07508,119,53,21.0,2,210000.0,0705,210000.0,131082,469000.0,1.0,3
2022HU0658533,07508,70,11,8.0,1,,,,,469000.0,1.0,3
2022HU0658996,07509,67,40,21.0,1,300000.0,4920,730000.0,419020,788500.0,3.0,2
2022HU0658996,07509,77,34,21.0,2,58000.0,4700,58500.0,411011,788500.0,3.0,2
2022HU0659441,07514,45,24,21.0,2,80000.0,0735,86000.0,131161,167000.0,3.0,2
2022HU0659441,07514,60,26,21.0,2,70000.0,5240,81000.0,434051,167000.0,3.0,2
2022HU0659823,07511,76,48,22.0,1,687000.0,0710,693000.0,131111,693000.0,1.0,1
2022HU0659849,07514,35,28,22.0,1,120000.0,0845,120000.0,132051,172000.0,3.0,2
2022HU0659849,07514,28,27,21.0,2,52000.0,5710,52000.0,436011,172000.0,3.0,2
2022HU0660973,07514,79,90,23.0,1,0.0,,201800.0,,261400.0,3.0,2
2022HU0660973,07514,87,84,20.0,2,0.0,,59600.0,,261400.0,3.0,2
2022HU0661352,07513,65,28,21.0,1,350000.0,0020,350000.0,111021,601000.0,1.0,2
2022HU0661352,07513,56,31,22.0,2,250000.0,0051,251000.0,112021,601000.0,1.0,2
2022HU0661414,07513,81,46,23.0,2,169000.0,3090,169000.0,291210,856000.0,1.0,4
2022HU0661414,07513,133,44,22.0,1,687000.0,0120,687000.0,113031,856000.0,1.0,4
2022HU0661414,07513,108,10,7.0,2,,,,,856000.0,1.0,4
2022HU0661414,07513,96,7,4.0,1,,,,,856000.0,1.0,4
2022HU0661864,07514,52,70,24.0,1,0.0,,39600.0,,61600.0,2.0,2
2022HU0661864,07514,56,71,23.0,2,0.0,,22000.0,,61600.0,2.0,2
2022HU0662206,07511,27,59,24.0,2,0.0,2100,2000.0,2310XX,72520.0,1.0,4
2022HU0662206,07511,52,60,16.0,1,0.0,0110,47120.0,113021,72520.0,1.0,4
2022HU0662206,07511,51,17,14.0,1,0.0,,0.0,,72520.0,1.0,4
2022HU0662206,07511,40,66,1.0,2,0.0,,23400.0,,72520.0,1.0,4
2022HU0664668,07511,79,79,22.0,2,1500.0,1305,255800.0,171011,255800.0,2.0,1
2022HU0665225,07512,98,83,19.0,1,0.0,,139200.0,,218000.0,1.0,2
2022HU0665225,07512,127,79,16.0,2,0.0,,78800.0,,218000.0,1.0,2
2022HU0665504,07510,129,30,21.0,2,4500.0,2320,13700.0,252030,274500.0,3.0,2
2022HU0665504,07510,146,32,24.0,2,260000.0,3090,260800.0,291210,274500.0,3.0,2
2022HU0666394,07508,67,54,21.0,1,0.0,2910,90000.0,274021,90000.0,3.0,2
2022HU0666394,07508,55,17,14.0,2,0.0,,0.0,,90000.0,3.0,2
2022HU0666702,07512,53,32,16.0,1,0.0,4700,50000.0,411011,140000.0,3.0,2
2022HU0666702,07512,71,30,22.0,2,90000.0,0230,90000.0,119030,140000.0,3.0,2
2022HU0666940,07513,266,43,19.0,2,26400.0,3602,26400.0,311122,38400.0,1.0,4
2022HU0666940,07513,265,13,11.0,2,,,,,38400.0,1.0,4
2022HU0666940,07513,215,7,5.0,1,,,,,38400.0,1.0,4
2022HU0666940,07513,241,76,1.0,2,0.0,,12000.0,,38400.0,1.0,4
2022HU0667374,07514,47,84,21.0,2,0.0,,86400.0,,86400.0,1.0,1
2022HU0667951,07510,51,30,21.0,1,368000.0,1021,368000.0,151252,566000.0,1.0,2
2022HU0667951,07510,52,30,21.0,2,198000.0,1240,198000.0,1520XX,566000.0,1.0,2
2022HU0668481,07512,59,70,21.0,2,0.0,,11700.0,,11700.0,3.0,1
2022HU0669043,07511,75,43,24.0,1,400000.0,0440,400000.0,1191XX,1087000.0,1.0,3
2022HU0669043,07511,76,39,24.0,2,687000.0,1021,687000.0,151252,1087000.0,1.0,3
2022HU0669043,07511,87,0,,2,,,,,1087000.0,1.0,3
2022HU0669179,07508,55,65,23.0,2,214000.0,2100,214070.0,2310XX,232270.0,3.0,3
2022HU0669179,07508,71,71,22.0,1,0.0,2910,18200.0,274021,232270.0,3.0,3
2022HU0669179,07508,57,21,19.0,1,0.0,,0.0,,232270.0,3.0,3
2022HU0669277,07513,89,62,21.0,1,310000.0,3321,355000.0,292031,435000.0,2.0,2
2022HU0669277,07513,91,61,21.0,2,80000.0,0820,80000.0,132031,435000.0,2.0,2
2022HU0669697,07509,60,42,20.0,1,50000.0,5000,50000.0,431011,96000.0,3.0,2
2022HU0669697,07509,69,40,20.0,2,46000.0,2310,46000.0,252020,96000.0,3.0,2
2022HU0670161,07509,272,43,21.0,1,30000.0,3630,75000.0,319011,85000.0,3.0,2
2022HU0670161,07509,266,43,23.0,1,0.0,4920,10000.0,419020,85000.0,3.0,2
2022HU0670386,07513,95,44,21.0,2,70000.0,0800,70000.0,132011,228000.0,2.0,6
2022HU0670386,07513,104,46,21.0,1,140000.0,0800,140000.0,132011,228000.0,2.0,6
2022HU0670386,07513,170,4,1.0,2,,,,,228000.0,2.0,6
2022HU0670386,07513,86,0,,1,,,,,228000.0,2.0,6
2022HU0670386,07513,96,74,1.0,1,0.0,,9000.0,,228000.0,2.0,6
2022HU0670386,07513,93,74,1.0,2,0.0,,9000.0,,228000.0,2.0,6
2022HU0671647,07507,88,54,17.0,1,20000.0,6260,69500.0,472061,81500.0,3.0,2
2022HU0671647,07507,70,52,19.0,2,0.0,4251,12000.0,373011,81500.0,3.0,2
2022HU0671826,07512,76,71,23.0,1,0.0,,141300.0,,162300.0,2.0,2
2022HU0671826,07512,70,74,22.0,2,0.0,,21000.0,,162300.0,2.0,2
2022HU0672568,07514,45,30,21.0,1,687000.0,0845,742400.0,132051,838400.0,3.0,3
2022HU0672568,07514,64,30,21.0,2,90000.0,5610,96000.0,435071,838400.0,3.0,3
2022HU0672568,07514,93,0,,2,,,,,838400.0,3.0,3
2022HU0672771,07512,63,34,22.0,1,200000.0,1021,200000.0,151252,350000.0,1.0,2
2022HU0672771,07512,59,31,21.0,2,150000.0,1200,150000.0,152011,350000.0,1.0,2
2022HU0673394,07510,48,65,21.0,1,0.0,2635,15400.0,271025,15400.0,3.0,1
2022HU0674133,07509,91,21,19.0,2,4600.0,5240,4600.0,434051,4600.0,3.0,1
2022HU0674520,07513,85,52,21.0,2,0.0,,10.0,,10.0,3.0,2
2022HU0674520,07513,134,87,16.0,2,0.0,,0.0,,10.0,3.0,2
2022HU0674937,07513,81,47,21.0,1,160000.0,1360,165000.0,172051,272000.0,2.0,5
2022HU0674937,07513,76,41,20.0,2,48000.0,2635,50000.0,271025,272000.0,2.0,5
2022HU0674937,07513,73,12,9.0,2,,,,,272000.0,2.0,5
2022HU0674937,07513,72,86,16.0,1,0.0,,12000.0,,272000.0,2.0,5
2022HU0674937,07513,67,25,23.0,2,45000.0,5240,45000.0,434051,272000.0,2.0,5
2022HU0675194,07510,129,81,24.0,2,0.0,,150400.0,,384400.0,1.0,2
2022HU0675194,07510,102,68,24.0,1,230000.0,1010,234000.0,151251,384400.0,1.0,2
2022HU0676078,07513,88,40,22.0,1,230000.0,0300,245000.0,119041,395000.0,1.0,4
2022HU0676078,07513,97,42,23.0,2,150000.0,3090,150000.0,291210,395000.0,1.0,4
2022HU0676078,07513,88,4,1.0,1,,,,,395000.0,1.0,4
2022HU0676078,07513,171,2,,2,,,,,395000.0,1.0,4
2022HU0676597,07514,120,44,21.0,1,125000.0,9830,130000.0,559830,228000.0,3.0,3
2022HU0676597,07514,158,30,19.0,2,98000.0,9830,98000.0,559830,228000.0,3.0,3
2022HU0676597,07514,188,16,12.0,1,0.0,,0.0,,228000.0,3.0,3
2022HU0676818,07509,109,53,21.0,1,13200.0,7750,19200.0,5120XX,19200.0,3.0,1
2022HU0677515,07511,54,72,22.0,1,0.0,2060,84700.0,212099,84700.0,3.0,1
2022HU0678258,07512,71,48,18.0,1,60000.0,9122,60000.0,533052,124000.0,1.0,6
2022HU0678258,07512,53,45,19.0,2,60000.0,5740,60000.0,436014,124000.0,1.0,6
2022HU0678258,07512,49,21,19.0,1,0.0,,0.0,,124000.0,1.0,6
2022HU0678258,07512,59,19,19.0,2,4000.0,5400,4000.0,434171,124000.0,1.0,6
2022HU0678258,07512,46,45,1.0,2,0.0,,0.0,,124000.0,1.0,6
2022HU0678258,07512,44,43,20.0,1,0.0,,0.0,,124000.0,1.0,6
2022HU0679170,07511,66,48,1.0,1,95000.0,4030,95000.0,352021,138700.0,3.0,6
2022HU0679170,07511,69,37,1.0,2,13700.0,4020,13700.0,352010,138700.0,3.0,6
2022HU0679170,07511,47,9,7.0,1,,,,,138700.0,3.0,6
2022HU0679170,07511,74,43,1.0,2,0.0,4220,0.0,37201X,138700.0,3.0,6
2022HU0679170,07511,75,33,1.0,1,30000.0,4040,30000.0,353011,138700.0,3.0,6
2022HU0679170,07511,169,4,3.0,2,,,,,138700.0,3.0,6
2022HU0680339,07513,93,36,16.0,1,0.0,4710,18000.0,411012,89000.0,3.0,2
2022HU0680339,07513,123,30,21.0,1,71000.0,0310,71000.0,119051,89000.0,3.0,2
2022HU0680662,07514,126,33,21.0,2,137000.0,0010,138600.0,1110XX,138600.0,3.0,1
2022HU0680826,07508,64,75,21.0,2,1600.0,5710,107400.0,436011,107400.0,3.0,1
2022HU0681117,07512,84,30,21.0,1,145000.0,1021,145000.0,151252,215000.0,3.0,2
2022HU0681117,07512,112,29,21.0,2,70000.0,2310,70000.0,252020,215000.0,3.0,2
2022HU0681552,07514,358,58,22.0,2,300000.0,0440,745000.0,1191XX,745000.0,1.0,1
2022HU0681937,07513,71,46,19.0,1,41000.0,3603,41000.0,311131,219000.0,3.0,6
2022HU0681937,07513,66,46,1.0,2,0.0,9920,0.0,999920,219000.0,3.0,6
2022HU0681937,07513,48,28,21.0,2,0.0,,0.0,,219000.0,3.0,6
2022HU0681937,07513,57,27,21.0,1,44000.0,3520,44000.0,292081,219000.0,3.0,6
2022HU0681937,07513,68,67,16.0,1,0.0,1010,60000.0,151251,219000.0,3.0,6
2022HU0681937,07513,59,64,15.0,2,20000.0,5860,74000.0,439061,219000.0,3.0,6
2022HU0682046,07513,85,48,20.0,2,0.0,4810,120200.0,413021,120200.0,3.0,2
2022HU0682046,07513,88,14,12.0,2,,,,,120200.0,3.0,2
2022HU0682137,07509,109,51,21.0,2,25000.0,0705,28000.0,131082,28000.0,3.0,1
2022HU0682250,07509,162,66,13.0,1,5400.0,9130,11100.0,533030,20900.0,3.0,2
2022HU0682250,07509,157,62,1.0,2,9800.0,4521,9800.0,395092,20900.0,3.0,2
2022HU0682624,07513,102,60,22.0,1,106000.0,0800,106000.0,132011,202000.0,2.0,2
2022HU0682624,07513,86,56,21.0,1,96000.0,4700,96000.0,411011,202000.0,2.0,2
2022HU0682685,07514,83,38,21.0,2,170000.0,1032,170000.0,151255,170000.0,3.0,1
2022HU0683620,07509,52,56,17.0,1,72000.0,3603,72000.0,311131,72000.0,3.0,1
2022HU0684050,07514,140,70,19.0,1,0.0,,25300.0,,25300.0,3.0,1
2022HU0684326,07511,111,53,21.0,1,0.0,0845,16800.0,132051,104900.0,2.0,2
2022HU0684326,07511,77,54,21.0,2,23300.0,0710,88100.0,131111,104900.0,2.0,2
2022HU0684673,07508,52,41,22.0,1,220000.0,1010,220000.0,151251,370000.0,4.0,4
2022HU0684673,07508,61,42,21.0,2,150000.0,0845,150000.0,132051,370000.0,4.0,4
2022HU0684673,07508,45,9,5.0,1,,,,,370000.0,4.0,4
2022HU0684673,07508,46,6,6.0,1,,,,,370000.0,4.0,4
2022HU0685220,07514,105,48,24.0,1,90000.0,1640,90000.0,191030,150000.0,3.0,2
2022HU0685220,07514,91,43,16.0,2,60000.0,4700,60000.0,411011,150000.0,3.0,2
2022HU0686353,07512,70,65,16.0,1,0.0,,960.0,,93770.0,2.0,5
2022HU0686353,07512,78,63,15.0,2,22000.0,3602,22810.0,311122,93770.0,2.0,5
2022HU0686353,07512,52,35,22.0,1,40000.0,7810,40000.0,513020,93770.0,2.0,5
2022HU0686353,07512,58,26,16.0,1,30000.0,5510,30000.0,435021,93770.0,2.0,5
2022HU0686353,07512,59,39,16.0,2,0.0,8300,0.0,516011,93770.0,2.0,5
2022HU0686382,07511,74,79,1.0,1,0.0,,12000.0,,12000.0,3.0,1
2022HU0686791,07508,74,28,21.0,2,52000.0,2330,52000.0,252050,52000.0,3.0,1
2022HU0687145,07509,286,27,21.0,2,46700.0,2360,46700.0,2530XX,146700.0,3.0,2
2022HU0687145,07509,293,31,21.0,1,100000.0,0440,100000.0,1191XX,146700.0,3.0,2
2022HU0687467,07510,107,55,21.0,1,100000.0,1007,100000.0,151212,100000.0,2.0,1
2022HU0689234,07511,62,77,19.0,1,0.0,,12000.0,,12000.0,3.0,1
2022HU0689541,07509,95,88,6.0,2,0.0,,9600.0,,19200.0,3.0,2
2022HU0689541,07509,92,94,6.0,1,0.0,,9600.0,,19200.0,3.0,2
2022HU0689600,07513,65,25,16.0,2,0.0,9825,35200.0,553010,35200.0,3.0,2
2022HU0689600,07513,68,26,21.0,2,0.0,5400,0.0,434171,35200.0,3.0,2
2022HU0689857,07512,51,83,21.0,2,0.0,,16400.0,,34400.0,2.0,2
2022HU0689857,07512,62,90,16.0,1,0.0,,18000.0,,34400.0,2.0,2
2022HU0690805,07509,95,28,21.0,1,94000.0,0120,94000.0,113031,94000.0,3.0,1
2022HU0690905,07513,147,31,24.0,2,165000.0,0020,165000.0,111021,335000.0,3.0,2
2022HU0690905,07513,149,31,21.0,1,170000.0,1240,170000.0,1520XX,335000.0,3.0,2
2022HU0691007,07513,184,75,20.0,2,0.0,,23900.0,,94500.0,3.0,3
2022HU0691007,07513,190,85,20.0,1,19500.0,3930,30300.0,339030,94500.0,3.0,3
2022HU0691007,07513,166,25,22.0,1,40300.0,5940,40300.0,439XXX,94500.0,3.0,3
2022HU0691898,07507,58,62,19.0,2,36000.0,5860,36000.0,439061,106000.0,4.0,2
2022HU0691898,07507,63,64,20.0,1,70000.0,5550,70000.0,435052,106000.0,4.0,2
2022HU0693127,07508,51,33,22.0,1,180000.0,1021,210000.0,151252,290000.0,1.0,4
2022HU0693127,07508,77,33,21.0,2,80000.0,0051,80000.0,112021,290000.0,1.0,4
2022HU0693127,07508,72,2,,1,,,,,290000.0,1.0,4
2022HU0693127,07508,71,1,,1,,,,,290000.0,1.0,4
2022HU0693175,07511,66,53,21.0,1,228000.0,1021,228000.0,151252,349000.0,3.0,2
2022HU0693175,07511,62,44,21.0,2,120000.0,1031,121000.0,151254,349000.0,3.0,2
2022HU0694028,07507,183,47,21.0,2,90000.0,2011,90000.0,211021,159000.0,1.0,5
2022HU0694028,07507,175,74,16.0,2,0.0,,12500.0,,159000.0,1.0,5
2022HU0694028,07507,217,52,16.0,1,2000.0,5240,2000.0,434051,159000.0,1.0,5
2022HU0694028,07507,256,50,16.0,2,24500.0,5240,24500.0,434051,159000.0,1.0,5
2022HU0694028,07507,156,23,16.0,2,30000.0,4760,30000.0,412031,159000.0,1.0,5
2022HU0694660,07509,228,27,21.0,2,250000.0,4965,250000.0,419099,250000.0,3.0,1
2022HU0694730,07514,80,40,24.0,1,183000.0,1760,183000.0,192099,183000.0,3.0,1
2022HU0694921,07511,47,48,21.0,2,156000.0,2840,156000.0,273042,156000.0,3.0,1
2022HU0695229,07514,74,63,24.0,1,187000.0,2205,201000.0,251000,219000.0,1.0,2
2022HU0695229,07514,70,18,16.0,1,0.0,,18000.0,,219000.0,1.0,2
2022HU0696433,07514,189,94,16.0,2,0.0,,74200.0,,74200.0,2.0,1
2022HU0696942,07509,136,30,21.0,1,150000.0,1460,150000.0,172141,150000.0,3.0,1
2022HU0697143,07513,140,49,16.0,2,36000.0,4220,36000.0,37201X,89200.0,3.0,5
2022HU0697143,07513,149,59,16.0,1,0.0,4020,0.0,352010,89200.0,3.0,5
2022HU0697143,07513,123,20,16.0,1,10000.0,4010,10000.0,351012,89200.0,3.0,5
2022HU0697143,07513,148,19,16.0,1,23200.0,9610,23200.0,537061,89200.0,3.0,5
2022HU0697143,07513,129,17,15.0,1,20000.0,4055,20000.0,353023,89200.0,3.0,5
2022HU0697155,07512,70,89,1.0,2,0.0,,11400.0,,11400.0,3.0,1
2022HU0697369,07509,75,46,24.0,1,90000.0,2360,90000.0,2530XX,90000.0,1.0,2
2022HU0697369,07509,67,9,5.0,1,,,,,90000.0,1.0,2
2022HU0697899,07512,53,50,24.0,1,150000.0,3050,150000.0,291051,310000.0,2.0,3
2022HU0697899,07512,50,49,24.0,2,160000.0,3050,160000.0,291051,310000.0,2.0,3
2022HU0697899,07512,35,15,13.0,1,0.0,,0.0,,310000.0,2.0,3
2022HU0698287,07511,95,37,23.0,1,127000.0,2100,171400.0,2310XX,171400.0,1.0,1
2022HU0698754,07511,160,49,21.0,1,0.0,0440,70000.0,1191XX,253500.0,3.0,3
2022HU0698754,07511,159,50,21.0,1,90000.0,0735,90000.0,131161,253500.0,3.0,3
2022HU0698754,07511,172,36,19.0,1,90000.0,6230,93500.0,472031,253500.0,3.0,3
2022HU0699408,07514,475,31,22.0,1,275000.0,0630,275000.0,131070,360000.0,3.0,2
2022HU0699408,07514,681,32,21.0,2,85000.0,0725,85000.0,131121,360000.0,3.0,2
2022HU0699527,07509,210,62,18.0,2,0.0,5740,0.0,436014,0.0,3.0,1
2022HU0699681,07510,45,33,24.0,1,69000.0,1760,69000.0,192099,138000.0,3.0,2
2022HU0699681,07510,43,31,24.0,2,69000.0,1760,69000.0,192099,138000.0,3.0,2
2022HU0700506,07509,61,30,21.0,1,65000.0,0230,65000.0,119030,65000.0,3.0,1
2022HU0700833,07513,46,46,23.0,1,140000.0,2100,140000.0,2310XX,340000.0,1.0,3
2022HU0700833,07513,18,45,23.0,2,200000.0,2100,200000.0,2310XX,340000.0,1.0,3
2022HU0700833,07513,52,11,8.0,2,,,,,340000.0,1.0,3
2022HU0701314,07508,125,34,18.0,1,90000.0,0020,90000.0,111021,190000.0,3.0,3
2022HU0701314,07508,100,30,21.0,2,100000.0,0650,100000.0,131151,190000.0,3.0,3
2022HU0701314,07508,89,0,,1,,,,,190000.0,3.0,3
2022HU0702275,07511,44,69,24.0,2,0.0,,313300.0,,313300.0,2.0,1
2022HU0702753,07514,229,23,21.0,2,1000.0,7800,1000.0,513011,71000.0,3.0,2
2022HU0702753,07514,202,23,21.0,2,70000.0,1240,70000.0,1520XX,71000.0,3.0,2
2022HU0702874,07509,57,74,22.0,2,0.0,0052,21600.0,112022,21600.0,3.0,1
2022HU0704142,07514,96,39,24.0,2,116000.0,0630,126000.0,131070,126000.0,3.0,1
2022HU0704539,07510,236,50,20.0,2,55000.0,4220,55000.0,37201X,55000.0,1.0,2
2022HU0704539,07510,165,15,12.0,1,0.0,,0.0,,55000.0,1.0,2
2022HU0704775,07509,84,42,21.0,1,53000.0,5240,53000.0,434051,53000.0,3.0,1
2022HU0706984,07512,43,34,23.0,1,226000.0,2100,228300.0,2310XX,374300.0,3.0,2
2022HU0706984,07512,47,39,23.0,1,146000.0,0565,146000.0,131041,374300.0,3.0,2
2022HU0707778,07507,153,62,19.0,2,53000.0,5740,53000.0,436014,289000.0,2.0,4
2022HU0707778,07507,153,32,21.0,2,100000.0,2300,100000.0,252010,289000.0,2.0,4
2022HU0707778,07507,297,1,,2,,,,,289000.0,2.0,4
2022HU0707778,07507,145,35,21.0,1,136000.0,0800,136000.0,132011,289000.0,2.0,4
2022HU0707880,07512,71,69,16.0,1,0.0,,34000.0,,68000.0,2.0,6
2022HU0707880,07512,65,30,16.0,1,28000.0,9620,28000.0,537062,68000.0,2.0,6
2022HU0707880,07512,52,83,15.0,2,0.0,,0.0,,68000.0,2.0,6
2022HU0707880,07512,66,60,15.0,2,0.0,,0.0,,68000.0,2.0,6
2022HU0707880,07512,66,55,15.0,2,0.0,9920,0.0,999920,68000.0,2.0,6
2022HU0707880,07512,62,31,16.0,2,0.0,,6000.0,,68000.0,2.0,6
2022HU0708767,07510,83,36,22.0,1,135000.0,1220,135000.0,152031,265000.0,3.0,2
2022HU0708767,07510,69,33,22.0,2,130000.0,1610,130000.0,191020,265000.0,3.0,2
2022HU0708828,07513,90,54,22.0,1,121000.0,0540,128300.0,131030,142100.0,4.0,2
2022HU0708828,07513,91,94,14.0,1,0.0,,13800.0,,142100.0,4.0,2
2022HU0709418,07509,93,63,17.0,1,40000.0,6442,45600.0,472152,153000.0,3.0,4
2022HU0709418,07509,97,59,17.0,2,12600.0,3601,12600.0,311121,153000.0,3.0,4
2022HU0709418,07509,110,34,17.0,1,0.0,6230,4800.0,472031,153000.0,3.0,4
2022HU0709418,07509,78,29,21.0,1,90000.0,0800,90000.0,132011,153000.0,3.0,4
2022HU0709773,07514,57,32,21.0,2,174000.0,2600,176000.0,271010,272000.0,3.0,2
2022HU0709773,07514,49,33,22.0,1,96000.0,1305,96000.0,171011,272000.0,3.0,2
2022HU0709975,07512,310,66,20.0,2,0.0,4720,12100.0,412010,12100.0,3.0,1
2022HU0710452,07513,75,36,21.0,2,90000.0,0060,90000.0,112030,220000.0,1.0,3
2022HU0710452,07513,84,39,22.0,1,130000.0,1305,130000.0,171011,220000.0,1.0,3
2022HU0710452,07513,69,2,,1,,,,,220000.0,1.0,3
2022HU0710753,07509,132,33,21.0,1,40700.0,4760,40700.0,412031,40700.0,4.0,1
2022HU0710766,07509,155,59,14.0,2,53000.0,4600,53000.0,399011,53000.0,3.0,1
2022HU0710809,07511,145,55,21.0,1,160000.0,5000,160000.0,431011,435000.0,1.0,2
2022HU0710809,07511,182,52,23.0,1,275000.0,2100,275000.0,2310XX,435000.0,1.0,2
2022HU0710944,07508,72,61,16.0,1,90000.0,6240,90000.0,472040,175000.0,1.0,3
2022HU0710944,07508,63,54,18.0,2,70000.0,0630,70000.0,131070,175000.0,1.0,3
2022HU0710944,07508,72,27,20.0,2,15000.0,8740,15000.0,519061,175000.0,1.0,3
2022HU0711192,07513,94,68,17.0,1,43000.0,3930,56200.0,339030,84600.0,1.0,2
2022HU0711192,07513,83,64,16.0,2,28000.0,4230,28400.0,372012,84600.0,1.0,2
2022HU0711271,07509,52,61,21.0,1,0.0,,6200.0,,6200.0,3.0,1
2022HU0711486,07509,154,84,1.0,1,0.0,,11400.0,,11400.0,3.0,1
2022HU0711504,07511,78,67,23.0,2,0.0,1305,61000.0,171011,61000.0,1.0,1
2022HU0711674,07513,89,89,13.0,1,0.0,,10000.0,,55500.0,1.0,4
2022HU0711674,07513,84,82,16.0,2,0.0,,5000.0,,55500.0,1.0,4
2022HU0711674,07513,79,52,16.0,1,10000.0,1108,4500.0,151299,55500.0,1.0,4
2022HU0711674,07513,79,49,21.0,2,36000.0,0110,36000.0,113021,55500.0,1.0,4
2022HU0711913,07511,46,23,21.0,2,32400.0,0410,32400.0,119141,148400.0,3.0,3
2022HU0711913,07511,52,27,21.0,2,26000.0,2205,26000.0,251000,148400.0,3.0,3
2022HU0711913,07511,52,26,21.0,2,90000.0,0800,90000.0,132011,148400.0,3.0,3
2022HU0712512,07509,80,55,19.0,1,99000.0,0120,100400.0,113031,100410.0,3.0,2
2022HU0712512,07509,79,59,16.0,2,0.0,,10.0,,100410.0,3.0,2
2022HU0712529,07511,51,48,22.0,2,0.0,2640,45000.0,27102X,245000.0,1.0,3
2022HU0712529,07511,66,48,22.0,1,200000.0,0710,200000.0,131111,245000.0,1.0,3
2022HU0712529,07511,66,12,9.0,2,,,,,245000.0,1.0,3
2022HU0712876,07514,65,44,16.0,1,70000.0,4230,75260.0,372012,94460.0,3.0,3
2022HU0712876,07514,71,72,1.0,1,0.0,3602,6800.0,311122,94460.0,3.0,3
2022HU0712876,07514,59,68,15.0,2,0.0,4230,12400.0,372012,94460.0,3.0,3
2022HU0713243,07509,136,89,13.0,2,0.0,,8300.0,,62720.0,3.0,3
2022HU0713243,07509,125,55,21.0,2,8400.0,3601,8420.0,311121,62720.0,3.0,3
2022HU0713243,07509,132,52,17.0,1,0.0,0710,46000.0,131111,62720.0,3.0,3
2022HU0713641,07512,57,48,18.0,1,100000.0,6520,100000.0,472211,100000.0,3.0,4
2022HU0713641,07512,46,45,18.0,2,0.0,,0.0,,100000.0,3.0,4
2022HU0713641,07512,65,23,19.0,2,0.0,,0.0,,100000.0,3.0,4
2022HU0713641,07512,35,18,19.0,1,0.0,,0.0,,100000.0,3.0,4
2022HU0714078,07509,133,38,21.0,2,37000.0,5140,37000.0,433051,37000.0,3.0,1
2022HU0714756,07509,34,38,21.0,2,220000.0,0051,220000.0,112021,220000.0,3.0,1
2022HU0715402,07510,57,78,21.0,1,0.0,0710,14900.0,131111,14900.0,3.0,1
2022HU0715468,07510,49,82,19.0,1,0.0,2722,78700.0,272022,78700.0,1.0,1
2022HU0715943,07510,57,67,19.0,1,0.0,,-800.0,,-800.0,1.0,1
2022HU0716181,07513,55,76,20.0,1,77000.0,0350,118300.0,119111,118300.0,3.0,1
2022HU0716523,07508,68,49,21.0,2,51000.0,7700,51000.0,511011,51880.0,3.0,3
2022HU0716523,07508,62,17,14.0,2,880.0,5600,880.0,435061,51880.0,3.0,3
2022HU0716523,07508,64,13,11.0,1,,,,,51880.0,3.0,3
2022HU0716752,07513,84,61,21.0,2,1700.0,5120,3600.0,433031,3600.0,1.0,1
2022HU0717851,07514,53,27,21.0,2,110000.0,0051,110000.0,112021,110000.0,3.0,1
2022HU0717934,07507,170,40,16.0,2,5000.0,4110,5000.0,353031,28500.0,3.0,4
2022HU0717934,07507,190,39,16.0,1,5000.0,4130,5000.0,359011,28500.0,3.0,4
2022HU0717934,07507,72,19,16.0,2,18000.0,4600,18500.0,399011,28500.0,3.0,4
2022HU0717934,07507,292,10,6.0,2,,,,,28500.0,3.0,4
2022HU0717937,07511,48,33,22.0,2,92000.0,3030,92000.0,291031,347000.0,3.0,2
2022HU0717937,07511,51,33,21.0,1,255000.0,1021,255000.0,151252,347000.0,3.0,2
2022HU0718139,07509,61,75,22.0,1,0.0,,254300.0,,349500.0,3.0,2
2022HU0718139,07509,55,74,21.0,2,0.0,,95200.0,,349500.0,3.0,2
2022HU0719536,07514,85,33,22.0,2,63000.0,5400,63000.0,434171,63000.0,3.0,1
2022HU0719607,07511,106,60,16.0,1,0.0,4000,26700.0,351011,26700.0,3.0,1
2022HU0719802,07511,181,60,21.0,2,50000.0,3300,50000.0,292010,100000.0,1.0,2
2022HU0719802,07511,167,61,21.0,1,50000.0,9122,50000.0,533052,100000.0,1.0,2
2022HU0720387,07513,146,51,16.0,2,40000.0,4720,40000.0,412010,190000.0,1.0,4
2022HU0720387,07513,157,57,15.0,1,50000.0,0220,50000.0,119021,190000.0,1.0,4
2022HU0720387,07513,112,28,21.0,2,100000.0,0845,100000.0,132051,190000.0,1.0,4
2022HU0720387,07513,114,22,21.0,2,0.0,5400,0.0,434171,190000.0,1.0,4
2022HU0720652,07508,165,54,21.0,2,0.0,5710,20000.0,436011,20000.0,3.0,1
2022HU0720684,07514,65,31,21.0,1,88000.0,5165,513000.0,4330XX,513000.0,3.0,1
2022HU0720752,07507,39,73,16.0,1,0.0,,10600.0,,21200.0,3.0,2
2022HU0720752,07507,37,68,16.0,2,0.0,,10600.0,,21200.0,3.0,2
2022HU0720875,07509,49,43,21.0,2,20000.0,5710,20000.0,436011,20000.0,2.0,1
2022HU0721279,07513,84,69,21.0,2,1600.0,3602,20550.0,311122,113250.0,2.0,4
2022HU0721279,07513,100,45,19.0,2,40300.0,3603,40300.0,311131,113250.0,2.0,4
2022HU0721279,07513,294,22,15.0,1,0.0,8225,2400.0,514XXX,113250.0,2.0,4
2022HU0721279,07513,237,28,22.0,1,50000.0,5140,50000.0,433051,113250.0,2.0,4
2022HU0721329,07511,59,37,22.0,2,687000.0,0010,697000.0,1110XX,1389000.0,1.0,2
2022HU0721329,07511,59,36,22.0,1,687000.0,0051,692000.0,112021,1389000.0,1.0,2
2022HU0721331,07514,57,62,20.0,2,0.0,,24300.0,,106300.0,3.0,2
2022HU0721331,07514,54,31,19.0,1,82000.0,1050,82000.0,151230,106300.0,3.0,2
2022HU0722084,07509,59,61,16.0,1,0.0,,1400.0,,1400.0,3.0,1
2022HU0722092,07509,166,41,24.0,1,200000.0,1910,205000.0,194021,288000.0,1.0,3
2022HU0722092,07509,152,32,22.0,2,83000.0,2145,83000.0,232011,288000.0,1.0,3
2022HU0722092,07509,170,0,,1,,,,,288000.0,1.0,3
2022HU0722647,07509,132,23,21.0,1,70000.0,4840,70000.0,413091,140000.0,3.0,3
2022HU0722647,07509,142,22,21.0,2,40000.0,2640,40000.0,27102X,140000.0,3.0,3
2022HU0722647,07509,128,22,21.0,1,30000.0,0800,30000.0,132011,140000.0,3.0,3
2022HU0722888,07508,107,43,1.0,2,23000.0,3940,23000.0,339091,35000.0,3.0,4
2022HU0722888,07508,98,53,1.0,1,12000.0,3602,12000.0,311122,35000.0,3.0,4
2022HU0722888,07508,81,14,11.0,1,,,,,35000.0,3.0,4
2022HU0722888,07508,86,12,9.0,2,,,,,35000.0,3.0,4
2022HU0722902,07513,202,87,21.0,2,0.0,,62000.0,,62000.0,2.0,1
2022HU0723155,07509,108,64,21.0,1,7000.0,0410,73500.0,119141,229300.0,2.0,2
2022HU0723155,07509,108,67,18.0,2,0.0,,155800.0,,229300.0,2.0,2
2022HU0723268,07511,200,49,22.0,2,165000.0,1108,165000.0,151299,219000.0,1.0,3
2022HU0723268,07511,245,64,21.0,1,54000.0,0010,54000.0,1110XX,219000.0,1.0,3
2022HU0723268,07511,224,9,6.0,1,,,,,219000.0,1.0,3
2022HU0724563,07513,23,33,21.0,1,55000.0,6200,55000.0,471011,105000.0,3.0,2
2022HU0724563,07513,35,34,21.0,2,50000.0,4710,50000.0,411012,105000.0,3.0,2
2022HU0725262,07513,61,33,21.0,1,350000.0,1021,368000.0,151252,368020.0,3.0,2
2022HU0725262,07513,61,33,21.0,2,0.0,4350,20.0,392021,368020.0,3.0,2
2022HU0726037,07512,78,71,22.0,1,0.0,,20400.0,,108400.0,3.0,2
2022HU0726037,07512,59,73,19.0,2,71000.0,5240,88000.0,434051,108400.0,3.0,2
2022HU0726268,07514,57,24,21.0,2,40000.0,1910,40000.0,194021,165000.0,3.0,3
2022HU0726268,07514,69,24,21.0,2,40000.0,1760,40000.0,192099,165000.0,3.0,3
2022HU0726268,07514,51,23,21.0,2,85000.0,0845,85000.0,132051,165000.0,3.0,3
2022HU0726573,07507,38,60,21.0,2,40000.0,5560,65000.0,435053,74100.0,1.0,2
2022HU0726573,07507,37,94,1.0,2,0.0,,9100.0,,74100.0,1.0,2
2022HU0726788,07510,53,62,23.0,2,250000.0,2100,250000.0,2310XX,250000.0,2.0,1
2022HU0726812,07508,293,27,21.0,2,8200.0,5940,8200.0,439XXX,8200.0,2.0,1
2022HU0727517,07514,58,30,21.0,1,15000.0,4850,17000.0,414010,104000.0,1.0,2
2022HU0727517,07514,63,30,22.0,2,87000.0,1760,87000.0,192099,104000.0,1.0,2
2022HU0727587,07508,58,39,21.0,1,60000.0,0020,60000.0,111021,190000.0,1.0,4
2022HU0727587,07508,50,39,21.0,2,130000.0,1840,130000.0,193051,190000.0,1.0,4
2022HU0727587,07508,49,6,3.0,2,,,,,190000.0,1.0,4
2022HU0727587,07508,67,1,,1,,,,,190000.0,1.0,4
2022HU0727625,07511,222,38,22.0,1,208000.0,0010,208000.0,1110XX,323000.0,3.0,3
2022HU0727625,07511,185,33,21.0,2,115000.0,0440,115000.0,1191XX,323000.0,3.0,3
2022HU0727625,07511,208,1,,2,,,,,323000.0,3.0,3
2022HU0727824,07508,63,39,21.0,2,150000.0,5710,150000.0,436011,150000.0,3.0,1
2022HU0727847,07514,210,57,16.0,1,0.0,,10800.0,,10800.0,3.0,1
2022HU0728158,07514,268,32,21.0,2,128000.0,0110,128000.0,113021,316000.0,3.0,3
2022HU0728158,07514,283,33,21.0,1,180000.0,0440,180000.0,1191XX,316000.0,3.0,3
2022HU0728158,07514,270,33,21.0,1,0.0,1305,8000.0,171011,316000.0,3.0,3
2022HU0728610,07510,53,67,21.0,2,5700.0,4030,16300.0,352021,16300.0,3.0,2
2022HU0728610,07510,84,67,16.0,1,0.0,,0.0,,16300.0,3.0,2
2022HU0729131,07514,76,32,21.0,1,120000.0,0440,120000.0,1191XX,210000.0,3.0,2
2022HU0729131,07514,58,29,21.0,2,90000.0,0735,90000.0,131161,210000.0,3.0,2
2022HU0729422,07509,96,78,22.0,1,0.0,0710,274000.0,131111,320300.0,2.0,2
2022HU0729422,07509,118,77,21.0,2,0.0,,46300.0,,320300.0,2.0,2
2022HU0729829,07514,72,37,21.0,1,70000.0,0020,210000.0,111021,465000.0,1.0,2
2022HU0729829,07514,62,36,21.0,2,250000.0,0120,255000.0,113031,465000.0,1.0,2
2022HU0729899,07508,66,69,22.0,1,120000.0,0705,120000.0,131082,120000.0,1.0,1
2022HU0730109,07513,132,32,21.0,1,130000.0,1021,130000.0,151252,230000.0,1.0,2
2022HU0730109,07513,106,32,21.0,2,100000.0,0051,100000.0,112021,230000.0,1.0,2
2022HU0730227,07511,58,51,24.0,2,180000.0,3255,180000.0,291141,220600.0,1.0,4
2022HU0730227,07511,50,53,21.0,1,40000.0,5740,40000.0,436014,220600.0,1.0,4
2022HU0730227,07511,89,17,13.0,1,500.0,4435,500.0,3930XX,220600.0,1.0,4
2022HU0730227,07511,68,15,12.0,2,0.0,,100.0,,220600.0,1.0,4
2022HU0730430,07509,75,84,23.0,2,0.0,,27800.0,,27800.0,3.0,1
2022HU0730453,07512,80,59,21.0,1,110000.0,4965,110000.0,419099,250000.0,1.0,2
2022HU0730453,07512,62,47,22.0,1,140000.0,0705,140000.0,131082,250000.0,1.0,2
2022HU0730467,07511,64,30,21.0,1,250000.0,2100,250000.0,2310XX,371500.0,1.0,5
2022HU0730467,07511,58,62,21.0,1,80000.0,0220,86500.0,119021,371500.0,1.0,5
2022HU0730467,07511,67,50,21.0,1,35000.0,4510,35000.0,395012,371500.0,1.0,5
2022HU0730467,07511,59,8,4.0,2,,,,,371500.0,1.0,5
2022HU0730467,07511,50,6,3.0,2,,,,,371500.0,1.0,5
2022HU0730866,07510,32,42,22.0,2,100000.0,0440,100000.0,1191XX,801000.0,1.0,3
2022HU0730866,07510,33,44,19.0,1,687000.0,0110,701000.0,113021,801000.0,1.0,3
2022HU0730866,07510,30,2,,1,,,,,801000.0,1.0,3
2022HU0730935,07511,68,65,22.0,1,200000.0,4810,206000.0,413021,224600.0,1.0,2
2022HU0730935,07511,70,65,22.0,2,0.0,,18600.0,,224600.0,1.0,2
2022HU0731663,07513,67,31,19.0,1,12000.0,7200,12000.0,493023,12000.0,3.0,2
2022HU0731663,07513,73,26,20.0,2,0.0,9920,0.0,999920,12000.0,3.0,2
2022HU0731869,07509,69,76,19.0,1,8000.0,4020,29300.0,352010,39100.0,3.0,2
2022HU0731869,07509,63,72,12.0,2,0.0,,9800.0,,39100.0,3.0,2
2022HU0733087,07513,58,52,21.0,2,120000.0,1106,120000.0,151241,159000.0,2.0,3
2022HU0733087,07513,61,53,21.0,1,0.0,1006,30000.0,151211,159000.0,2.0,3
2022HU0733087,07513,46,23,17.0,2,9000.0,4435,9000.0,3930XX,159000.0,2.0,3
2022HU0733361,07507,106,62,19.0,1,90000.0,5260,90000.0,434071,140000.0,2.0,4
2022HU0733361,07507,97,57,19.0,2,50000.0,1108,50000.0,151299,140000.0,2.0,4
2022HU0733361,07507,79,27,21.0,1,0.0,4720,0.0,412010,140000.0,2.0,4
2022HU0733361,07507,95,85,1.0,2,0.0,,0.0,,140000.0,2.0,4
2022HU0733621,07512,53,52,21.0,1,150000.0,1430,158000.0,172110,330800.0,1.0,8
2022HU0733621,07512,49,49,21.0,2,50000.0,4760,50000.0,412031,330800.0,1.0,8
2022HU0733621,07512,36,16,13.0,1,800.0,2350,800.0,253041,330800.0,1.0,8
2022HU0733621,07512,45,50,11.0,1,0.0,4000,0.0,351011,330800.0,1.0,8
2022HU0733621,07512,44,47,21.0,2,69000.0,2310,69000.0,252020,330800.0,1.0,8
2022HU0733621,07512,48,43,21.0,2,53000.0,4760,53000.0,412031,330800.0,1.0,8
2022HU0733621,07512,49,16,11.0,2,0.0,,0.0,,330800.0,1.0,8
2022HU0733621,07512,51,12,10.0,1,,,,,330800.0,1.0,8
2022HU0733772,07512,63,70,22.0,2,0.0,,29800.0,,91300.0,2.0,2
2022HU0733772,07512,55,75,20.0,1,0.0,,61500.0,,91300.0,2.0,2
2022HU0733773,07514,427,46,1.0,1,40000.0,6410,40000.0,472140,212700.0,3.0,4
2022HU0733773,07514,300,54,22.0,1,40000.0,0440,40000.0,1191XX,212700.0,3.0,4
2022HU0733773,07514,359,43,20.0,1,90000.0,6230,93500.0,472031,212700.0,3.0,4
2022HU0733773,07514,360,43,23.0,1,39200.0,4055,39200.0,353023,212700.0,3.0,4
2022HU0734182,07511,27,23,21.0,2,10000.0,5240,15000.0,434051,65000.0,3.0,2
2022HU0734182,07511,27,23,21.0,2,45000.0,0230,50000.0,119030,65000.0,3.0,2
2022HU0734279,07512,81,56,22.0,1,180000.0,1021,180000.0,151252,250000.0,2.0,4
2022HU0734279,07512,70,52,21.0,2,70000.0,0800,70000.0,132011,250000.0,2.0,4
2022HU0734279,07512,62,13,10.0,1,,,,,250000.0,2.0,4
2022HU0734279,07512,62,10,7.0,1,,,,,250000.0,2.0,4
2022HU0735078,07511,52,62,21.0,1,100000.0,1240,100000.0,1520XX,100000.0,3.0,1
2022HU0735421,07514,52,58,21.0,1,200000.0,0440,247100.0,1191XX,327100.0,1.0,2
2022HU0735421,07514,47,56,21.0,2,80000.0,0230,80000.0,119030,327100.0,1.0,2
2022HU0735870,07511,64,37,24.0,1,120000.0,1530,126000.0,1721YY,126000.0,3.0,1
2022HU0736275,07514,204,28,19.0,1,180000.0,0010,180000.0,1110XX,180000.0,3.0,1
2022HU0736433,07511,71,39,24.0,2,100000.0,3090,101600.0,291210,401600.0,2.0,5
2022HU0736433,07511,69,39,23.0,1,300000.0,3090,300000.0,291210,401600.0,2.0,5
2022HU0736433,07511,48,6,3.0,1,,,,,401600.0,2.0,5
2022HU0736433,07511,102,0,,2,,,,,401600.0,2.0,5
2022HU0736433,07511,82,69,22.0,2,0.0,,0.0,,401600.0,2.0,5
2022HU0736740,07509,108,60,16.0,1,0.0,,11400.0,,11400.0,3.0,1
2022HU0737044,07511,62,32,21.0,1,687000.0,0300,787000.0,119041,1037000.0,1.0,2
2022HU0737044,07511,62,30,24.0,2,250000.0,3050,250000.0,291051,1037000.0,1.0,2
2022HU0737308,07514,120,27,21.0,1,70000.0,7430,70000.0,499060,139100.0,3.0,2
2022HU0737308,07514,92,22,21.0,2,69000.0,0710,69100.0,131111,139100.0,3.0,2
2022HU0737601,07510,85,21,20.0,2,40000.0,5240,41400.0,434051,135400.0,3.0,5
2022HU0737601,07510,77,20,19.0,2,25000.0,5240,25000.0,434051,135400.0,3.0,5
2022HU0737601,07510,114,13,10.0,2,,,,,135400.0,3.0,5
2022HU0737601,07510,132,49,19.0,1,40000.0,9610,44000.0,537061,135400.0,3.0,5
2022HU0737601,07510,104,48,21.0,2,25000.0,5165,25000.0,4330XX,135400.0,3.0,5
2022HU0737871,07507,62,51,16.0,1,120000.0,6230,120000.0,472031,160000.0,1.0,2
2022HU0737871,07507,71,53,1.0,2,40000.0,4010,40000.0,351012,160000.0,1.0,2
2022HU0737909,07511,53,54,21.0,2,0.0,0705,65000.0,131082,158000.0,1.0,2
2022HU0737909,07511,66,44,21.0,1,93000.0,3870,93000.0,333050,158000.0,1.0,2
2022HU0738107,07513,113,40,21.0,1,30000.0,9130,30000.0,533030,30000.0,3.0,5
2022HU0738107,07513,104,38,21.0,2,0.0,,0.0,,30000.0,3.0,5
2022HU0738107,07513,181,17,14.0,1,0.0,,0.0,,30000.0,3.0,5
2022HU0738107,07513,131,12,8.0,2,,,,,30000.0,3.0,5
2022HU0738107,07513,114,0,,2,,,,,30000.0,3.0,5
2022HU0738191,07507,117,49,15.0,2,0.0,5240,0.0,434051,19900.0,3.0,4
2022HU0738191,07507,134,47,15.0,1,14400.0,3602,14400.0,311122,19900.0,3.0,4
2022HU0738191,07507,108,17,14.0,2,3500.0,5240,3500.0,434051,19900.0,3.0,4
2022HU0738191,07507,81,15,12.0,1,0.0,,2000.0,,19900.0,3.0,4
2022HU0739613,07511,68,42,24.0,1,72000.0,1760,72000.0,192099,184000.0,3.0,2
2022HU0739613,07511,62,40,24.0,2,112000.0,2205,112000.0,251000,184000.0,3.0,2
2022HU0739737,07513,48,53,23.0,2,144000.0,0420,145600.0,119151,223600.0,1.0,2
2022HU0739737,07513,52,53,18.0,1,60000.0,4840,78000.0,413091,223600.0,1.0,2
2022HU0739866,07512,54,27,21.0,2,145000.0,0140,145000.0,113051,145000.0,3.0,1
2022HU0739966,07513,38,78,21.0,1,0.0,,87480.0,,321880.0,2.0,3
2022HU0739966,07513,35,75,20.0,2,120000.0,5860,210100.0,439061,321880.0,2.0,3
2022HU0739966,07513,32,52,19.0,1,0.0,,24300.0,,321880.0,2.0,3
2022HU0740053,07512,104,64,21.0,1,2800.0,2310,17300.0,252020,30800.0,3.0,2
2022HU0740053,07512,116,56,22.0,2,0.0,4020,13500.0,352010,30800.0,3.0,2
2022HU0740406,07509,18,70,19.0,1,173000.0,0020,173700.0,111021,173700.0,3.0,1
2022HU0740639,07511,95,59,21.0,2,0.0,,21500.0,,79500.0,3.0,2
2022HU0740639,07511,86,69,22.0,1,0.0,,58000.0,,79500.0,3.0,2
2022HU0741033,07512,117,73,21.0,1,0.0,,94400.0,,94400.0,2.0,1
2022HU0742604,07513,52,86,19.0,2,0.0,,45600.0,,71400.0,2.0,5
2022HU0742604,07513,58,60,16.0,1,0.0,4251,12000.0,373011,71400.0,2.0,5
2022HU0742604,07513,58,58,16.0,1,3000.0,9130,3000.0,533030,71400.0,2.0,5
2022HU0742604,07513,37,50,17.0,2,0.0,4020,0.0,352010,71400.0,2.0,5
2022HU0742604,07513,72,33,16.0,1,0.0,,10800.0,,71400.0,2.0,5
2022HU0742852,07513,150,69,22.0,2,160.0,5740,226160.0,436014,226160.0,1.0,1
2022HU0742921,07511,67,51,21.0,1,200000.0,0710,200000.0,131111,504000.0,3.0,3
2022HU0742921,07511,85,40,21.0,2,304000.0,0440,304000.0,1191XX,504000.0,3.0,3
2022HU0742921,07511,123,7,4.0,1,,,,,504000.0,3.0,3
2022HU0743421,07508,83,86,19.0,2,0.0,,14600.0,,14600.0,3.0,1
2022HU0743531,07508,154,71,22.0,2,0.0,,0.0,,0.0,3.0,3
2022HU0743531,07508,183,39,22.0,2,0.0,9920,0.0,999920,0.0,3.0,3
2022HU0743531,07508,139,34,22.0,2,0.0,9920,0.0,999920,0.0,3.0,3
2022HU0744158,07511,61,32,21.0,1,200000.0,1010,200000.0,151251,216000.0,3.0,2
2022HU0744158,07511,60,30,22.0,2,16000.0,2003,16000.0,211013,216000.0,3.0,2
2022HU0744243,07511,55,27,21.0,2,177000.0,4840,177000.0,413091,177000.0,3.0,1
2022HU0744578,07509,102,40,21.0,2,14000.0,0750,14000.0,131199,26500.0,3.0,2
2022HU0744578,07509,93,80,1.0,2,0.0,,12500.0,,26500.0,3.0,2
2022HU0744803,07510,234,47,18.0,1,36000.0,5100,36000.0,433011,106000.0,2.0,2
2022HU0744803,07510,194,62,18.0,1,70000.0,9130,70000.0,533030,106000.0,2.0,2
2022HU0744983,07512,66,83,16.0,1,0.0,,127600.0,,349000.0,1.0,7
2022HU0744983,07512,55,76,16.0,2,0.0,,12300.0,,349000.0,1.0,7
2022HU0744983,07512,57,51,21.0,2,80000.0,3421,80800.0,292052,349000.0,1.0,7
2022HU0744983,07512,64,46,22.0,1,0.0,7340,21800.0,499071,349000.0,1.0,7
2022HU0744983,07512,37,21,19.0,2,20000.0,4720,20000.0,412010,349000.0,1.0,7
2022HU0744983,07512,61,19,18.0,2,10500.0,4720,10500.0,412010,349000.0,1.0,7
2022HU0744983,07512,51,51,20.0,1,76000.0,3840,76000.0,3330XX,349000.0,1.0,7
2022HU0745084,07510,72,32,21.0,1,250000.0,1021,250000.0,151252,250000.0,3.0,1
2022HU0746282,07513,71,39,21.0,2,0.0,2722,80000.0,272022,80000.0,3.0,2
2022HU0746282,07513,89,34,1.0,1,0.0,,0.0,,80000.0,3.0,2
2022HU0747038,07511,63,49,21.0,1,115000.0,4760,115000.0,412031,115000.0,3.0,1
2022HU0747040,07509,107,83,1.0,2,0.0,,9200.0,,9200.0,3.0,1
2022HU0747072,07510,54,68,22.0,1,0.0,3010,260000.0,291020,382000.0,2.0,3
2022HU0747072,07510,53,64,22.0,2,27000.0,2310,27000.0,252020,382000.0,2.0,3
2022HU0747072,07510,52,31,21.0,1,95000.0,1460,95000.0,172141,382000.0,2.0,3
2022HU0747253,07507,161,64,16.0,1,0.0,6230,17000.0,472031,37000.0,1.0,2
2022HU0747253,07507,147,57,16.0,2,20000.0,4600,20000.0,399011,37000.0,1.0,2
2022HU0747284,07510,116,35,21.0,1,300000.0,0800,300100.0,132011,450150.0,3.0,2
2022HU0747284,07510,92,29,21.0,2,150000.0,0800,150050.0,132011,450150.0,3.0,2
2022HU0747365,07514,63,33,21.0,2,40000.0,0220,40000.0,119021,85000.0,3.0,2
2022HU0747365,07514,67,28,20.0,1,45000.0,2400,45000.0,254010,85000.0,3.0,2
2022HU0747866,07508,69,49,23.0,2,315000.0,3090,315000.0,291210,495000.0,3.0,2
2022HU0747866,07508,90,48,24.0,1,180000.0,1760,180000.0,192099,495000.0,3.0,2
2022HU0749441,07514,144,43,16.0,2,35000.0,4110,35000.0,353031,40000.0,3.0,2
2022HU0749441,07514,120,20,19.0,2,5000.0,2545,5000.0,259040,40000.0,3.0,2
2022HU0749923,07508,61,64,22.0,2,0.0,,22000.0,,22000.0,2.0,1
2022HU0750252,07510,80,38,22.0,2,378000.0,2100,379000.0,2310XX,449000.0,3.0,2
2022HU0750252,07510,93,37,19.0,1,70000.0,4251,70000.0,373011,449000.0,3.0,2
2022HU0750277,07511,53,58,21.0,2,37000.0,4700,37000.0,411011,101100.0,3.0,3
2022HU0750277,07511,55,44,21.0,1,0.0,2905,61000.0,2740XX,101100.0,3.0,3
2022HU0750277,07511,46,17,14.0,1,3100.0,7800,3100.0,513011,101100.0,3.0,3
2022HU0750762,07508,98,53,1.0,1,57000.0,9600,57000.0,537051,57000.0,1.0,5
2022HU0750762,07508,106,45,21.0,2,0.0,,0.0,,57000.0,1.0,5
2022HU0750762,07508,132,16,19.0,1,0.0,,0.0,,57000.0,1.0,5
2022HU0750762,07508,95,9,6.0,2,,,,,57000.0,1.0,5
2022HU0750762,07508,88,4,1.0,1,,,,,57000.0,1.0,5
2022HU0751315,07512,123,28,21.0,2,28600.0,2205,28600.0,251000,113600.0,3.0,3
2022HU0751315,07512,103,28,19.0,2,50000.0,5510,50000.0,435021,113600.0,3.0,3
2022HU0751315,07512,60,22,21.0,2,35000.0,5740,35000.0,436014,113600.0,3.0,3
2022HU0751369,07512,183,49,20.0,2,1900.0,5240,47210.0,434051,47210.0,2.0,1
2022HU0752592,07514,44,27,21.0,2,150000.0,0750,150000.0,131199,400000.0,1.0,2
2022HU0752592,07514,43,34,22.0,1,250000.0,0051,250000.0,112021,400000.0,1.0,2
2022HU0752894,07511,276,30,21.0,2,82000.0,3255,110000.0,291141,110000.0,3.0,1
2022HU0752914,07512,48,38,22.0,1,100000.0,2435,100000.0,254022,125600.0,3.0,2
2022HU0752914,07512,54,37,19.0,1,2800.0,4850,25600.0,414010,125600.0,3.0,2
2022HU0753148,07514,61,35,21.0,2,384000.0,1530,390300.0,1721YY,418300.0,3.0,2
2022HU0753148,07514,62,36,21.0,1,25000.0,1021,28000.0,151252,418300.0,3.0,2
2022HU0753902,07513,76,88,21.0,1,0.0,,29200.0,,46800.0,2.0,2
2022HU0753902,07513,79,83,20.0,2,0.0,,17600.0,,46800.0,2.0,2
2022HU0753903,07511,66,52,22.0,1,175000.0,1240,178000.0,1520XX,303000.0,1.0,2
2022HU0753903,07511,43,48,21.0,2,50000.0,2634,125000.0,271024,303000.0,1.0,2
2022HU0754085,07512,85,75,21.0,1,0.0,,29000.0,,29000.0,3.0,1
2022HU0754156,07510,130,59,21.0,1,55000.0,5240,55000.0,434051,55000.0,1.0,1
2022HU0754162,07507,170,43,21.0,2,0.0,,0.0,,29000.0,1.0,5
2022HU0754162,07507,169,52,22.0,1,24000.0,0440,24000.0,1191XX,29000.0,1.0,5
2022HU0754162,07507,119,15,11.0,2,0.0,,0.0,,29000.0,1.0,5
2022HU0754162,07507,119,5,1.0,2,,,,,29000.0,1.0,5
2022HU0754162,07507,82,20,19.0,2,5000.0,4600,5000.0,399011,29000.0,1.0,5
2022HU0754373,07508,124,34,16.0,1,19200.0,4000,19200.0,351011,27200.0,3.0,2
2022HU0754373,07508,101,79,1.0,2,0.0,,8000.0,,27200.0,3.0,2
2022HU0754936,07509,102,30,21.0,2,65000.0,0230,65000.0,119030,65000.0,3.0,1
2022HU0756642,07510,114,58,21.0,1,108000.0,2320,108000.0,252030,204000.0,3.0,2
2022HU0756642,07510,119,59,22.0,1,96000.0,2310,96000.0,252020,204000.0,3.0,2
2022HU0757204,07514,92,35,21.0,2,0.0,,0.0,,687000.0,1.0,4
2022HU0757204,07514,92,40,23.0,1,687000.0,0120,687000.0,113031,687000.0,1.0,4
2022HU0757204,07514,85,6,3.0,1,,,,,687000.0,1.0,4
2022HU0757204,07514,157,4,2.0,2,,,,,687000.0,1.0,4
2022HU0757571,07513,108,69,21.0,1,0.0,,38000.0,,38000.0,2.0,1
2022HU0758102,07510,127,24,22.0,2,4000.0,2310,4000.0,252020,114000.0,3.0,2
2022HU0758102,07510,88,23,22.0,1,110000.0,1006,110000.0,151211,114000.0,3.0,2
2022HU0758146,07514,98,35,23.0,2,300000.0,3090,300000.0,291210,300000.0,3.0,1
2022HU0758598,07509,302,51,20.0,1,0.0,,37500.0,,37500.0,3.0,1
2022HU0758845,07509,395,45,21.0,1,687000.0,1021,687000.0,151252,687000.0,3.0,1
2022HU0758867,07508,104,32,21.0,1,135000.0,0710,135000.0,131111,135000.0,3.0,1
2022HU0759436,07508,82,67,22.0,1,200000.0,0420,228000.0,119151,228000.0,1.0,1
2022HU0759597,07511,113,35,21.0,2,50000.0,5540,50000.0,435051,80000.0,3.0,2
2022HU0759597,07511,115,46,16.0,2,30000.0,5240,30000.0,434051,80000.0,3.0,2
2022HU0759663,07510,101,32,21.0,1,130000.0,3255,130000.0,291141,130000.0,1.0,1
2022HU0760339,07508,47,27,21.0,2,24000.0,0705,24000.0,131082,146000.0,3.0,2
2022HU0760339,07508,64,28,21.0,1,120000.0,1240,122000.0,1520XX,146000.0,3.0,2
2022HU0760861,07513,58,50,21.0,2,86000.0,5330,86000.0,434131,124000.0,1.0,2
2022HU0760861,07513,71,54,14.0,1,38000.0,6260,38000.0,472061,124000.0,1.0,2
2022HU0761310,07511,164,53,1.0,2,3000.0,4230,3000.0,372012,3000.0,3.0,1
2022HU0761786,07514,98,58,19.0,2,105000.0,4760,105000.0,412031,282950.0,2.0,4
2022HU0761786,07514,116,70,21.0,1,65000.0,4110,65350.0,353031,282950.0,2.0,4
2022HU0761786,07514,92,36,21.0,1,103000.0,0020,103000.0,111021,282950.0,2.0,4
2022HU0761786,07514,96,82,1.0,2,0.0,,9600.0,,282950.0,2.0,4
2022HU0761998,07508,47,79,24.0,1,0.0,,197800.0,,213000.0,2.0,2
2022HU0761998,07508,43,77,19.0,2,0.0,,15200.0,,213000.0,2.0,2
2022HU0762296,07510,34,23,21.0,1,12000.0,0010,27000.0,1110XX,313600.0,3.0,4
2022HU0762296,07510,22,23,19.0,2,34000.0,4760,34000.0,412031,313600.0,3.0,4
2022HU0762296,07510,28,26,21.0,1,250000.0,1021,251000.0,151252,313600.0,3.0,4
2022HU0762296,07510,21,23,19.0,2,1600.0,2545,1600.0,259040,313600.0,3.0,4
2022HU0762309,07509,141,67,14.0,2,25900.0,3601,25900.0,311121,25900.0,3.0,1
2022HU0762584,07509,102,89,10.0,1,0.0,,9300.0,,21400.0,3.0,2
2022HU0762584,07509,103,81,8.0,2,0.0,,12100.0,,21400.0,3.0,2
2022HU0762624,07509,98,59,22.0,1,200000.0,0010,224000.0,1110XX,294000.0,3.0,2
2022HU0762624,07509,90,56,21.0,2,70000.0,5710,70000.0,436011,294000.0,3.0,2
2022HU0763255,07511,126,46,19.0,1,0.0,4350,24000.0,392021,24000.0,3.0,1
2022HU0763451,07512,79,62,16.0,1,30000.0,6230,30000.0,472031,59600.0,4.0,3
2022HU0763451,07512,62,58,16.0,2,0.0,5510,0.0,435021,59600.0,4.0,3
2022HU0763451,07512,46,37,21.0,1,29600.0,4110,29600.0,353031,59600.0,4.0,3
2022HU0763563,07512,60,66,21.0,1,0.0,7220,144300.0,493040,538700.0,2.0,6
2022HU0763563,07512,67,57,21.0,2,179000.0,0120,251000.0,113031,538700.0,2.0,6
2022HU0763563,07512,48,26,22.0,2,96000.0,1760,96000.0,192099,538700.0,2.0,6
2022HU0763563,07512,47,94,8.0,2,0.0,,11400.0,,538700.0,2.0,6
2022HU0763563,07512,59,58,21.0,2,0.0,9920,0.0,999920,538700.0,2.0,6
2022HU0763563,07512,49,53,17.0,1,36000.0,2016,36000.0,211093,538700.0,2.0,6
2022HU0763625,07510,111,35,21.0,1,350000.0,2640,350000.0,27102X,350000.0,1.0,1
2022HU0764579,07509,78,76,24.0,1,0.0,,126300.0,,154300.0,1.0,2
2022HU0764579,07509,95,75,22.0,2,0.0,,28000.0,,154300.0,1.0,2
2022HU0765190,07514,67,38,22.0,1,25000.0,0051,25000.0,112021,25000.0,1.0,1
2022HU0765960,07513,31,52,24.0,1,120000.0,2350,120000.0,253041,120000.0,3.0,1
2022HU0766782,07512,62,74,22.0,1,0.0,,54200.0,,229990.0,1.0,5
2022HU0766782,07512,65,51,21.0,2,0.0,,65000.0,,229990.0,1.0,5
2022HU0766782,07512,62,60,19.0,2,0.0,4110,790.0,353031,229990.0,1.0,5
2022HU0766782,07512,93,27,19.0,1,50000.0,4830,50000.0,413041,229990.0,1.0,5
2022HU0766782,07512,48,27,21.0,2,60000.0,2850,60000.0,273043,229990.0,1.0,5
2022HU0767506,07513,51,82,21.0,2,0.0,,29000.0,,41600.0,2.0,2
2022HU0767506,07513,48,86,21.0,2,0.0,,12600.0,,41600.0,2.0,2
2022HU0767693,07514,62,52,21.0,1,102000.0,4920,102080.0,419020,204160.0,1.0,2
2022HU0767693,07514,51,53,21.0,1,0.0,4920,102080.0,419020,204160.0,1.0,2
2022HU0767778,07508,112,48,20.0,1,130000.0,5120,135000.0,433031,135000.0,1.0,2
2022HU0767778,07508,138,0,,1,,,,,135000.0,1.0,2
2022HU0767838,07514,65,29,21.0,1,210000.0,1021,210000.0,151252,390000.0,1.0,2
2022HU0767838,07514,53,29,23.0,2,180000.0,3250,180000.0,291131,390000.0,1.0,2
2022HU0767895,07510,183,65,5.0,1,0.0,,16800.0,,16800.0,2.0,2
2022HU0767895,07510,190,62,4.0,2,0.0,,0.0,,16800.0,2.0,2
2022HU0768385,07509,114,70,19.0,1,0.0,,36000.0,,41000.0,3.0,2
2022HU0768385,07509,111,56,16.0,2,5000.0,5860,5000.0,439061,41000.0,3.0,2
2022HU0768388,07514,66,85,22.0,1,0.0,1360,37400.0,172051,37400.0,3.0,1
2022HU0768794,07510,84,66,22.0,2,139000.0,0735,172800.0,131161,172800.0,2.0,1
2022HU0769308,07509,132,55,21.0,1,0.0,3740,125000.0,332011,125000.0,1.0,1
2022HU0769476,07511,59,45,22.0,1,687000.0,0705,687000.0,131082,702000.0,2.0,4
2022HU0769476,07511,65,44,22.0,2,15000.0,2205,15000.0,251000,702000.0,2.0,4
2022HU0769476,07511,50,9,6.0,1,,,,,702000.0,2.0,4
2022HU0769476,07511,60,6,3.0,2,,,,,702000.0,2.0,4
2022HU0769869,07508,81,66,18.0,1,80000.0,6442,80000.0,472152,230000.0,1.0,3
2022HU0769869,07508,111,53,20.0,2,60000.0,4120,60000.0,353041,230000.0,1.0,3
2022HU0769869,07508,64,30,23.0,2,90000.0,3255,90000.0,291141,230000.0,1.0,3
2022HU0769940,07514,105,30,21.0,2,130000.0,0440,137000.0,1191XX,287000.0,3.0,2
2022HU0769940,07514,90,31,21.0,1,150000.0,1021,150000.0,151252,287000.0,3.0,2
2022HU0769946,07514,69,58,18.0,2,0.0,,11400.0,,11400.0,3.0,1
2022HU0770728,07509,69,67,16.0,2,20000.0,3602,20000.0,311122,20000.0,3.0,1
2022HU0770875,07510,54,36,21.0,1,97000.0,0440,97100.0,1191XX,221100.0,3.0,2
2022HU0770875,07510,48,36,22.0,2,124000.0,5940,124000.0,439XXX,221100.0,3.0,2
2022HU0771231,07509,99,43,20.0,2,175000.0,4000,175000.0,351011,175000.0,3.0,1
2022HU0771595,07512,173,58,16.0,1,60000.0,6230,60000.0,472031,93600.0,3.0,3
2022HU0771595,07512,122,46,16.0,2,33600.0,5860,33600.0,439061,93600.0,3.0,3
2022HU0771595,07512,166,14,11.0,2,,,,,93600.0,3.0,3
2022HU0771665,07510,55,62,23.0,1,0.0,2100,125300.0,2310XX,125300.0,3.0,1
2022HU0771680,07509,103,86,5.0,2,8000.0,4521,15030.0,395092,15030.0,3.0,1
2022HU0772128,07511,63,72,22.0,1,0.0,,24000.0,,24000.0,1.0,1
2022HU0772321,07514,62,38,23.0,1,190000.0,1240,190000.0,1520XX,190000.0,4.0,4
2022HU0772321,07514,60,37,21.0,2,0.0,4700,0.0,411011,190000.0,4.0,4
2022HU0772321,07514,104,3,1.0,2,,,,,190000.0,4.0,4
2022HU0772321,07514,104,0,,2,,,,,190000.0,4.0,4
2022HU0772492,07507,65,81,24.0,1,0.0,0410,191300.0,119141,253300.0,1.0,2
2022HU0772492,07507,70,83,21.0,2,0.0,,62000.0,,253300.0,1.0,2
2022HU0772664,07508,62,47,24.0,1,75000.0,2810,77000.0,273023,77000.0,3.0,2
2022HU0772664,07508,55,10,7.0,1,,,,,77000.0,3.0,2
2022HU0772722,07514,228,23,15.0,2,0.0,5860,26000.0,439061,34500.0,3.0,4
2022HU0772722,07514,288,4,1.0,2,,,,,34500.0,3.0,4
2022HU0772722,07514,418,9,6.0,2,,,,,34500.0,3.0,4
2022HU0772722,07514,196,40,19.0,2,8500.0,3602,8500.0,311122,34500.0,3.0,4
2022HU0772884,07510,320,32,21.0,1,161000.0,1021,161000.0,151252,364000.0,3.0,3
2022HU0772884,07510,256,29,21.0,2,100000.0,0020,100000.0,111021,364000.0,3.0,3
2022HU0772884,07510,256,29,21.0,2,103000.0,0440,103000.0,1191XX,364000.0,3.0,3
2022HU0773086,07510,319,72,14.0,2,0.0,,57900.0,,66900.0,2.0,2
2022HU0773086,07510,315,37,13.0,1,0.0,,9000.0,,66900.0,2.0,2
2022HU0773506,07512,315,35,16.0,2,50000.0,9600,50000.0,537051,175600.0,1.0,5
2022HU0773506,07512,266,37,22.0,2,50000.0,1825,50000.0,19303X,175600.0,1.0,5
2022HU0773506,07512,285,34,22.0,2,45800.0,3421,45800.0,292052,175600.0,1.0,5
2022HU0773506,07512,292,80,1.0,1,0.0,,13000.0,,175600.0,1.0,5
2022HU0773506,07512,247,70,20.0,2,0.0,9142,16800.0,533054,175600.0,1.0,5
2022HU0773607,07510,104,63,19.0,1,900.0,2025,12900.0,21109X,12900.0,3.0,2
2022HU0773607,07510,127,53,18.0,1,0.0,5740,0.0,436014,12900.0,3.0,2
2022HU0774277,07510,46,34,22.0,1,250000.0,0440,250000.0,1191XX,326000.0,3.0,2
2022HU0774277,07510,43,28,21.0,2,76000.0,2145,76000.0,232011,326000.0,3.0,2
2022HU0774292,07513,61,35,21.0,2,68000.0,1760,68000.0,192099,282200.0,1.0,9
2022HU0774292,07513,58,38,21.0,1,80000.0,0800,80000.0,132011,282200.0,1.0,9
2022HU0774292,07513,60,6,3.0,2,,,,,282200.0,1.0,9
2022HU0774292,07513,56,3,1.0,1,,,,,282200.0,1.0,9
2022HU0774292,07513,57,42,21.0,2,40000.0,2310,40000.0,252020,282200.0,1.0,9
2022HU0774292,07513,62,69,16.0,1,0.0,8990,7200.0,5191XX,282200.0,1.0,9
2022HU0774292,07513,60,67,16.0,2,0.0,4230,17000.0,372012,282200.0,1.0,9
2022HU0774292,07513,54,4,1.0,1,,,,,282200.0,1.0,9
2022HU0774292,07513,54,43,21.0,1,70000.0,0440,70000.0,1191XX,282200.0,1.0,9
2022HU0774314,07508,70,34,22.0,2,195000.0,1021,195000.0,151252,195000.0,3.0,1
2022HU0774455,07511,251,77,16.0,1,0.0,,81500.0,,81500.0,2.0,1
2022HU0775249,07514,44,26,21.0,2,60000.0,0750,60000.0,131199,60000.0,3.0,1
2022HU0776595,07512,83,59,23.0,1,687000.0,3090,701400.0,291210,895700.0,2.0,3
2022HU0776595,07512,66,56,23.0,2,132000.0,3050,182000.0,291051,895700.0,2.0,3
2022HU0776595,07512,56,85,9.0,2,0.0,,12300.0,,895700.0,2.0,3
2022HU0776805,07507,258,26,21.0,1,36000.0,9645,36050.0,537065,84050.0,3.0,3
2022HU0776805,07507,300,26,21.0,1,48000.0,8990,48000.0,5191XX,84050.0,3.0,3
2022HU0776805,07507,213,26,21.0,2,0.0,6050,0.0,4520XX,84050.0,3.0,3
2022HU0777025,07512,85,56,21.0,1,55000.0,0120,55000.0,113031,229200.0,2.0,5
2022HU0777025,07512,75,53,20.0,2,75000.0,5560,75000.0,435053,229200.0,2.0,5
2022HU0777025,07512,57,24,21.0,1,70000.0,1108,70000.0,151299,229200.0,2.0,5
2022HU0777025,07512,71,63,1.0,2,0.0,,17600.0,,229200.0,2.0,5
2022HU0777025,07512,57,90,1.0,2,0.0,,11600.0,,229200.0,2.0,5
2022HU0777291,07513,101,40,8.0,1,1500.0,6230,11500.0,472031,11500.0,3.0,6
2022HU0777291,07513,110,39,21.0,2,0.0,,0.0,,11500.0,3.0,6
2022HU0777291,07513,94,17,15.0,1,0.0,,0.0,,11500.0,3.0,6
2022HU0777291,07513,87,12,8.0,1,,,,,11500.0,3.0,6
2022HU0777291,07513,87,10,7.0,1,,,,,11500.0,3.0,6
2022HU0777291,07513,86,6,3.0,1,,,,,11500.0,3.0,6
2022HU0777851,07512,68,62,11.0,2,50000.0,4220,50000.0,37201X,250000.0,1.0,5
2022HU0777851,07512,63,67,16.0,1,48000.0,0220,48000.0,119021,250000.0,1.0,5
2022HU0777851,07512,58,31,21.0,2,50000.0,8465,50000.0,51609X,250000.0,1.0,5
2022HU0777851,07512,61,63,13.0,2,90000.0,4220,90000.0,37201X,250000.0,1.0,5
2022HU0777851,07512,66,58,18.0,1,12000.0,5420,12000.0,434YYY,250000.0,1.0,5
2022HU0778233,07508,78,32,22.0,1,58000.0,0705,58000.0,131082,58000.0,3.0,1
2022HU0778314,07509,163,71,12.0,1,0.0,4020,11560.0,352010,11560.0,3.0,1
2022HU0778512,07509,67,51,21.0,1,12000.0,0310,57000.0,119051,113000.0,3.0,2
2022HU0778512,07509,60,49,21.0,2,56000.0,0440,56000.0,1191XX,113000.0,3.0,2
2022HU0779569,07510,55,32,22.0,2,120000.0,1021,122000.0,151252,122000.0,3.0,1
2022HU0779864,07508,61,61,16.0,2,100000.0,9610,100000.0,537061,223480.0,1.0,4
2022HU0779864,07508,64,60,16.0,1,100000.0,4200,100000.0,371011,223480.0,1.0,4
2022HU0779864,07508,49,68,16.0,2,0.0,4230,680.0,372012,223480.0,1.0,4
2022HU0779864,07508,51,88,16.0,2,0.0,,22800.0,,223480.0,1.0,4
2022HU0780023,07514,61,38,21.0,2,350000.0,4840,415000.0,413091,415000.0,3.0,1
2022HU0780242,07511,227,54,21.0,2,101000.0,2310,101000.0,252020,137500.0,1.0,3
2022HU0780242,07511,262,66,19.0,1,36500.0,8225,36500.0,514XXX,137500.0,1.0,3
2022HU0780242,07511,465,14,10.0,1,,,,,137500.0,1.0,3
2022HU0780335,07510,56,40,24.0,2,70000.0,0420,80000.0,119151,102800.0,2.0,4
2022HU0780335,07510,57,39,21.0,1,8000.0,0110,18800.0,113021,102800.0,2.0,4
2022HU0780335,07510,45,0,,1,,,,,102800.0,2.0,4
2022HU0780335,07510,81,45,16.0,1,4000.0,4040,4000.0,353011,102800.0,2.0,4
2022HU0780368,07508,73,51,21.0,1,250000.0,0110,286000.0,113021,456300.0,1.0,2
2022HU0780368,07508,78,44,22.0,1,170000.0,0051,170300.0,112021,456300.0,1.0,2
2022HU0780605,07508,74,81,19.0,1,0.0,,134700.0,,345300.0,3.0,4
2022HU0780605,07508,67,77,20.0,2,0.0,,18600.0,,345300.0,3.0,4
2022HU0780605,07508,62,87,21.0,2,84000.0,2040,84000.0,212011,345300.0,3.0,4
2022HU0780605,07508,72,86,21.0,1,108000.0,2040,108000.0,212011,345300.0,3.0,4
2022HU0780912,07514,60,81,21.0,2,0.0,,84370.0,,149170.0,2.0,2
2022HU0780912,07514,108,86,19.0,1,33600.0,0420,64800.0,119151,149170.0,2.0,2
2022HU0780988,07511,49,34,21.0,2,145000.0,0725,145000.0,131121,330000.0,3.0,2
2022HU0780988,07511,55,35,21.0,1,185000.0,1021,185000.0,151252,330000.0,3.0,2
2022HU0781325,07510,89,64,23.0,1,0.0,,17400.0,,90400.0,1.0,2
2022HU0781325,07510,83,60,21.0,2,73000.0,0860,73000.0,132053,90400.0,1.0,2
2022HU0781728,07509,64,26,21.0,1,20000.0,1021,20000.0,151252,40000.0,3.0,2
2022HU0781728,07509,64,25,21.0,1,20000.0,1021,20000.0,151252,40000.0,3.0,2
2022HU0781909,07509,120,36,16.0,1,22900.0,5300,22900.0,434081,22900.0,3.0,1
2022HU0782356,07508,76,66,21.0,1,0.0,1021,94800.0,151252,94800.0,1.0,1
2022HU0782896,07510,81,43,21.0,2,0.0,4850,19510.0,414010,19510.0,3.0,1
2022HU0783601,07513,74,79,20.0,2,0.0,,42000.0,,42000.0,2.0,1
2022HU0783908,07511,101,48,23.0,1,350000.0,2100,450000.0,2310XX,900000.0,1.0,4
2022HU0783908,07511,76,48,21.0,2,350000.0,0710,450000.0,131111,900000.0,1.0,4
2022HU0783908,07511,85,12,9.0,1,,,,,900000.0,1.0,4
2022HU0783908,07511,86,10,7.0,1,,,,,900000.0,1.0,4
2022HU0784838,07508,89,68,21.0,1,0.0,1970,38400.0,1940YY,38400.0,3.0,1
2022HU0785304,07511,57,37,21.0,2,150000.0,2640,150000.0,27102X,275000.0,1.0,2
2022HU0785304,07511,62,35,24.0,1,125000.0,3160,125000.0,291123,275000.0,1.0,2
2022HU0785468,07511,69,44,22.0,2,687000.0,0010,687000.0,1110XX,777000.0,1.0,4
2022HU0785468,07511,62,45,16.0,1,0.0,1460,90000.0,172141,777000.0,1.0,4
2022HU0785468,07511,64,6,4.0,2,,,,,777000.0,1.0,4
2022HU0785468,07511,101,4,2.0,1,,,,,777000.0,1.0,4
2022HU0786011,07510,338,57,16.0,1,14400.0,3870,20600.0,333050,20600.0,3.0,1
2022HU0786241,07507,49,36,22.0,2,130000.0,0850,130000.0,132052,180000.0,1.0,2
2022HU0786241,07507,49,37,19.0,1,50000.0,4710,50000.0,411012,180000.0,1.0,2
2022HU0786360,07513,56,61,21.0,2,50000.0,4700,50000.0,411011,110000.0,2.0,4
2022HU0786360,07513,43,28,21.0,2,60000.0,3300,60000.0,292010,110000.0,2.0,4
2022HU0786360,07513,43,27,20.0,2,0.0,,0.0,,110000.0,2.0,4
2022HU0786360,07513,54,2,,1,,,,,110000.0,2.0,4
2022HU0786884,07514,143,94,1.0,2,0.0,,11500.0,,11500.0,3.0,1
2022HU0787983,07507,53,31,21.0,2,110000.0,3910,110080.0,339021,211080.0,3.0,3
2022HU0787983,07507,45,26,22.0,2,43000.0,1760,43000.0,192099,211080.0,3.0,3
2022HU0787983,07507,50,24,21.0,2,58000.0,1760,58000.0,192099,211080.0,3.0,3
2022HU0788158,07510,67,33,21.0,1,220000.0,1021,223400.0,151252,223400.0,3.0,1
2022HU0788248,07509,93,69,20.0,2,0.0,4810,193500.0,413021,229500.0,3.0,3
2022HU0788248,07509,112,46,21.0,2,36000.0,2320,36000.0,252030,229500.0,3.0,3
2022HU0788248,07509,209,7,3.0,1,,,,,229500.0,3.0,3
2022HU0788472,07509,102,29,20.0,1,12000.0,6330,12000.0,472080,12000.0,3.0,1
2022HU0788541,07510,104,43,24.0,1,0.0,2600,44000.0,271010,44000.0,3.0,1
2022HU0788624,07510,49,37,22.0,1,400000.0,1021,400100.0,151252,430100.0,1.0,2
2022HU0788624,07510,48,29,22.0,2,30000.0,2320,30000.0,252030,430100.0,1.0,2
2022HU0788684,07511,77,39,21.0,1,42000.0,3630,59000.0,319011,59000.0,3.0,1
2022HU0788709,07511,53,55,21.0,1,145000.0,0230,145000.0,119030,186700.0,1.0,3
2022HU0788709,07511,59,55,21.0,2,41700.0,9005,41700.0,531000,186700.0,1.0,3
2022HU0788709,07511,41,24,19.0,1,0.0,4600,0.0,399011,186700.0,1.0,3
2022HU0789219,07513,79,69,21.0,1,0.0,,16000.0,,117300.0,1.0,2
2022HU0789219,07513,72,75,22.0,2,0.0,2014,101300.0,211029,117300.0,1.0,2
2022HU0790238,07510,101,38,22.0,1,300000.0,1021,300000.0,151252,600000.0,1.0,2
2022HU0790238,07510,101,33,21.0,2,300000.0,0020,300000.0,111021,600000.0,1.0,2
2022HU0790346,07512,85,29,21.0,2,70000.0,2920,72300.0,274030,90500.0,3.0,2
2022HU0790346,07512,64,24,21.0,2,5900.0,4720,18200.0,412010,90500.0,3.0,2
2022HU0790646,07507,60,66,16.0,1,72000.0,5540,72000.0,435051,273600.0,1.0,3
2022HU0790646,07507,73,62,15.0,2,40000.0,5110,180000.0,433021,273600.0,1.0,3
2022HU0790646,07507,71,36,21.0,1,21600.0,4760,21600.0,412031,273600.0,1.0,3
2022HU0791225,07510,98,49,21.0,1,687000.0,0440,687000.0,1191XX,722000.0,3.0,2
2022HU0791225,07510,99,38,22.0,1,35000.0,4700,35000.0,411011,722000.0,3.0,2
2022HU0791596,07514,39,21,19.0,2,5000.0,3960,5000.0,33909X,5000.0,3.0,1
2022HU0791823,07509,167,38,21.0,1,9800.0,2640,41200.0,27102X,92360.0,3.0,4
2022HU0791823,07509,156,58,21.0,1,2100.0,4251,20100.0,373011,92360.0,3.0,4
2022HU0791823,07509,163,39,18.0,1,31000.0,5300,31000.0,434081,92360.0,3.0,4
2022HU0791823,07509,151,32,19.0,1,0.0,4700,60.0,411011,92360.0,3.0,4
2022HU0792614,07509,54,25,22.0,2,150000.0,0710,150000.0,131111,150000.0,3.0,1
2022HU0793106,07514,56,23,21.0,1,200000.0,1021,200000.0,151252,200000.0,3.0,1
2022HU0793653,07512,56,94,16.0,2,0.0,,16200.0,,66200.0,4.0,2
2022HU0793653,07512,62,58,21.0,1,50000.0,7810,50000.0,513020,66200.0,4.0,2
2022HU0793662,07511,52,32,21.0,1,150000.0,5165,151000.0,4330XX,231000.0,1.0,2
2022HU0793662,07511,50,33,23.0,2,80000.0,3090,80000.0,291210,231000.0,1.0,2
2022HU0793766,07508,61,35,21.0,1,687000.0,2830,688000.0,273041,1013000.0,3.0,2
2022HU0793766,07508,54,30,21.0,2,325000.0,0052,325000.0,112022,1013000.0,3.0,2
2022HU0793973,07510,73,44,21.0,1,687000.0,0440,687000.0,1191XX,967000.0,1.0,2
2022HU0793973,07510,67,39,21.0,2,280000.0,0051,280000.0,112021,967000.0,1.0,2
2022HU0794029,07508,81,61,15.0,1,0.0,,0.0,,0.0,2.0,2
2022HU0794029,07508,66,84,1.0,2,0.0,,0.0,,0.0,2.0,2
2022HU0794470,07514,88,43,21.0,1,130000.0,2810,130000.0,273023,130000.0,3.0,1
2022HU0794677,07514,165,29,21.0,2,100000.0,0120,100100.0,113031,180100.0,3.0,2
2022HU0794677,07514,162,24,21.0,1,80000.0,1970,80000.0,1940YY,180100.0,3.0,2
2022HU0795008,07512,108,24,21.0,1,85000.0,1021,85000.0,151252,85000.0,3.0,1
2022HU0795048,07510,61,41,23.0,1,125000.0,0440,155000.0,1191XX,255000.0,1.0,4
2022HU0795048,07510,57,37,24.0,2,70000.0,3140,100000.0,291181,255000.0,1.0,4
2022HU0795048,07510,64,3,2.0,1,,,,,255000.0,1.0,4
2022HU0795048,07510,64,1,,1,,,,,255000.0,1.0,4
2022HU0795438,07512,63,53,19.0,1,47000.0,4720,49300.0,412010,324580.0,1.0,4
2022HU0795438,07512,75,59,19.0,2,38000.0,5160,38000.0,433071,324580.0,1.0,4
2022HU0795438,07512,55,26,21.0,1,155000.0,1021,155000.0,151252,324580.0,1.0,4
2022HU0795438,07512,54,24,21.0,1,82000.0,1108,82280.0,151299,324580.0,1.0,4
2022HU0795813,07511,102,35,21.0,1,315000.0,1021,315000.0,151252,535000.0,3.0,2
2022HU0795813,07511,85,26,21.0,2,220000.0,1021,220000.0,151252,535000.0,3.0,2
2022HU0795816,07510,109,42,21.0,1,687000.0,1021,687000.0,151252,687000.0,1.0,1
2022HU0796052,07514,56,81,16.0,2,0.0,,33200.0,,33200.0,3.0,1
2022HU0796214,07514,66,28,21.0,1,82000.0,1021,82000.0,151252,82000.0,3.0,1
2022HU0796826,07509,122,78,20.0,1,0.0,0150,1900.0,113061,1900.0,3.0,1
2022HU0796900,07510,161,73,1.0,1,0.0,,14300.0,,84400.0,3.0,2
2022HU0796900,07510,108,74,22.0,2,0.0,,70100.0,,84400.0,3.0,2
2022HU0797327,07508,110,61,21.0,1,175000.0,1460,175200.0,172141,175200.0,2.0,2
2022HU0797327,07508,114,39,22.0,2,0.0,,0.0,,175200.0,2.0,2
2022HU0797343,07510,60,61,22.0,1,30000.0,2310,30000.0,252020,30000.0,3.0,1
2022HU0797491,07508,66,50,21.0,2,687000.0,0440,707000.0,1191XX,707000.0,1.0,1
2022HU0797687,07507,61,40,21.0,2,120000.0,1021,120000.0,151252,200000.0,1.0,2
2022HU0797687,07507,64,46,22.0,1,80000.0,0705,80000.0,131082,200000.0,1.0,2
2022HU0798364,07508,102,51,21.0,1,93000.0,0440,93000.0,1191XX,93000.0,3.0,1
2022HU0799309,07508,54,46,22.0,1,156000.0,1021,157300.0,151252,157300.0,3.0,3
2022HU0799309,07508,46,49,21.0,2,0.0,2910,0.0,274021,157300.0,3.0,3
2022HU0799309,07508,68,4,2.0,1,,,,,157300.0,3.0,3
2022HU0800013,07509,95,87,20.0,2,0.0,,43000.0,,43000.0,1.0,1
2022HU0800214,07513,57,44,23.0,2,0.0,3010,445000.0,291020,447700.0,1.0,4
2022HU0800214,07513,47,7,3.0,1,,,,,447700.0,1.0,4
2022HU0800214,07513,53,54,21.0,1,0.0,,0.0,,447700.0,1.0,4
2022HU0800214,07513,42,25,21.0,2,2700.0,1240,2700.0,1520XX,447700.0,1.0,4
2022HU0800385,07511,75,29,18.0,2,34000.0,3945,34000.0,339093,34000.0,3.0,2
2022HU0800385,07511,190,1,,1,,,,,34000.0,3.0,2
2022HU0800701,07511,185,33,21.0,1,90000.0,0710,90000.0,131111,90000.0,3.0,1
2022HU0801096,07511,185,35,22.0,1,300000.0,0120,300500.0,113031,307500.0,1.0,3
2022HU0801096,07511,184,35,17.0,2,7000.0,4720,7000.0,412010,307500.0,1.0,3
2022HU0801096,07511,213,2,,2,,,,,307500.0,1.0,3
2022HU0801833,07507,64,55,21.0,2,90000.0,0230,90000.0,119030,177000.0,2.0,5
2022HU0801833,07507,68,55,23.0,1,0.0,3000,65000.0,291011,177000.0,2.0,5
2022HU0801833,07507,50,23,21.0,2,22000.0,3640,22000.0,319091,177000.0,2.0,5
2022HU0801833,07507,54,17,14.0,2,0.0,,0.0,,177000.0,2.0,5
2022HU0801833,07507,55,15,12.0,2,0.0,,0.0,,177000.0,2.0,5
2022HU0801906,07511,69,74,18.0,1,0.0,,83500.0,,89500.0,2.0,2
2022HU0801906,07511,74,70,14.0,2,0.0,,6000.0,,89500.0,2.0,2
2022HU0802032,07509,71,41,21.0,2,130000.0,0440,130000.0,1191XX,130000.0,3.0,1
2022HU0802126,07507,50,73,21.0,2,0.0,3255,88710.0,291141,153710.0,1.0,5
2022HU0802126,07507,52,40,21.0,2,400.0,2006,400.0,211019,153710.0,1.0,5
2022HU0802126,07507,53,75,19.0,2,10200.0,3602,10200.0,311122,153710.0,1.0,5
2022HU0802126,07507,48,45,21.0,2,25000.0,3602,25000.0,311122,153710.0,1.0,5
2022HU0802126,07507,51,38,21.0,1,14400.0,8740,29400.0,519061,153710.0,1.0,5
2022HU0802197,07508,62,65,22.0,2,93000.0,2830,93000.0,273041,213000.0,3.0,2
2022HU0802197,07508,61,59,22.0,1,120000.0,2330,120000.0,252050,213000.0,3.0,2
2022HU0802570,07512,65,72,20.0,1,0.0,,81100.0,,124100.0,2.0,2
2022HU0802570,07512,58,75,16.0,2,0.0,,43000.0,,124100.0,2.0,2
2022HU0802805,07514,48,74,22.0,1,0.0,,68000.0,,68000.0,3.0,1
2022HU0803211,07509,114,45,9.0,1,30500.0,4251,30500.0,373011,30500.0,3.0,4
2022HU0803211,07509,113,45,19.0,2,0.0,,0.0,,30500.0,3.0,4
2022HU0803211,07509,71,18,15.0,2,0.0,,0.0,,30500.0,3.0,4
2022HU0803211,07509,150,17,13.0,2,0.0,,0.0,,30500.0,3.0,4
2022HU0803284,07511,60,54,22.0,2,241000.0,3258,241000.0,2911XX,246400.0,1.0,2
2022HU0803284,07511,61,18,16.0,2,5400.0,2722,5400.0,272022,246400.0,1.0,2
2022HU0804905,07510,50,48,21.0,2,6100.0,0440,123100.0,1191XX,123100.0,3.0,1
2022HU0804932,07513,28,40,21.0,1,91000.0,1551,97100.0,173023,149900.0,2.0,2
2022HU0804932,07513,30,72,16.0,2,0.0,4055,52800.0,353023,149900.0,2.0,2
2022HU0805094,07512,98,78,21.0,2,0.0,,52000.0,,52000.0,3.0,1
2022HU0805568,07508,71,31,21.0,2,32000.0,5240,34600.0,434051,34600.0,3.0,1
2022HU0805599,07507,66,58,22.0,1,100000.0,0020,113500.0,111021,200930.0,1.0,3
2022HU0805599,07507,75,44,20.0,1,2700.0,2545,2700.0,259040,200930.0,1.0,3
2022HU0805599,07507,69,77,22.0,1,0.0,,84730.0,,200930.0,1.0,3
2022HU0805755,07511,72,34,21.0,1,334000.0,1021,334000.0,151252,363400.0,1.0,2
2022HU0805755,07511,63,33,21.0,2,29400.0,2145,29400.0,232011,363400.0,1.0,2
2022HU0805961,07514,92,32,21.0,2,194000.0,1108,194000.0,151299,194000.0,3.0,1
2022HU0806098,07511,242,58,22.0,2,0.0,1840,55000.0,193051,55000.0,2.0,1
2022HU0806235,07512,58,67,22.0,1,60000.0,0230,60000.0,119030,140000.0,2.0,2
2022HU0806235,07512,56,58,22.0,2,80000.0,0820,80000.0,132031,140000.0,2.0,2
2022HU0806236,07511,71,67,23.0,2,116000.0,5400,116000.0,434171,116000.0,1.0,1
2022HU0806494,07509,80,74,12.0,1,0.0,,11800.0,,21500.0,3.0,2
2022HU0806494,07509,73,73,9.0,2,0.0,,9700.0,,21500.0,3.0,2
2022HU0806920,07509,55,72,22.0,1,0.0,2435,31400.0,254022,31400.0,2.0,1
2022HU0807046,07508,63,74,22.0,2,0.0,,85300.0,,85300.0,2.0,1
2022HU0807296,07510,91,41,21.0,2,132000.0,0440,132000.0,1191XX,162300.0,3.0,2
2022HU0807296,07510,58,78,16.0,2,0.0,,30300.0,,162300.0,3.0,2
2022HU0807310,07514,130,26,21.0,2,100000.0,4920,115000.0,419020,316000.0,3.0,3
2022HU0807310,07514,115,27,21.0,2,75000.0,2145,80000.0,232011,316000.0,3.0,3
2022HU0807310,07514,114,26,21.0,2,121000.0,5240,121000.0,434051,316000.0,3.0,3
2022HU0808078,07508,53,74,20.0,2,0.0,,65000.0,,65000.0,3.0,1
2022HU0808389,07507,68,46,22.0,1,65000.0,4700,65000.0,411011,240000.0,3.0,4
2022HU0808389,07507,65,44,21.0,2,175000.0,5710,175000.0,436011,240000.0,3.0,4
2022HU0808389,07507,48,9,6.0,1,,,,,240000.0,3.0,4
2022HU0808389,07507,85,5,2.0,2,,,,,240000.0,3.0,4
2022HU0808521,07511,185,33,19.0,2,50000.0,0310,50000.0,119051,77000.0,3.0,6
2022HU0808521,07511,143,26,16.0,1,20000.0,4020,20000.0,352010,77000.0,3.0,6
2022HU0808521,07511,311,8,5.0,1,,,,,77000.0,3.0,6
2022HU0808521,07511,222,7,3.0,2,,,,,77000.0,3.0,6
2022HU0808521,07511,211,3,1.0,1,,,,,77000.0,3.0,6
2022HU0808521,07511,175,64,16.0,2,0.0,,7000.0,,77000.0,3.0,6
2022HU0808602,07513,111,74,22.0,1,100000.0,2830,146800.0,273041,228900.0,1.0,2
2022HU0808602,07513,126,73,22.0,2,0.0,2435,82100.0,254022,228900.0,1.0,2
2022HU0809497,07511,68,47,20.0,1,40000.0,4920,40000.0,419020,52000.0,3.0,3
2022HU0809497,07511,55,48,16.0,2,12000.0,9620,12000.0,537062,52000.0,3.0,3
2022HU0809497,07511,101,15,13.0,1,0.0,,0.0,,52000.0,3.0,3
2022HU0810178,07513,62,53,21.0,2,110000.0,0120,110000.0,113031,170000.0,2.0,2
2022HU0810178,07513,64,54,18.0,1,60000.0,4920,60000.0,419020,170000.0,2.0,2
2022HU0810549,07511,68,35,22.0,1,80000.0,2850,83000.0,273043,283000.0,3.0,2
2022HU0810549,07511,67,36,24.0,2,200000.0,1005,200000.0,151221,283000.0,3.0,2
2022HU0810772,07509,62,68,23.0,2,0.0,1306,92000.0,171012,92000.0,2.0,1
2022HU0810908,07512,161,28,23.0,2,10000.0,3010,10000.0,291020,10000.0,3.0,1
2022HU0812185,07513,58,63,1.0,1,0.0,0220,6000.0,119021,76000.0,1.0,3
2022HU0812185,07513,57,53,16.0,2,50000.0,4700,50000.0,411011,76000.0,1.0,3
2022HU0812185,07513,50,27,22.0,1,20000.0,3646,20000.0,319094,76000.0,1.0,3
2022HU0812947,07509,62,55,21.0,1,0.0,3602,20000.0,311122,620000.0,2.0,2
2022HU0812947,07509,57,56,19.0,2,175000.0,0120,600000.0,113031,620000.0,2.0,2
2022HU0813111,07509,35,59,17.0,1,42400.0,9600,42400.0,537051,42400.0,3.0,5
2022HU0813111,07509,60,1,,1,,,,,42400.0,3.0,5
2022HU0813111,07509,60,2,,2,,,,,42400.0,3.0,5
2022HU0813111,07509,60,4,1.0,1,,,,,42400.0,3.0,5
2022HU0813111,07509,87,5,1.0,2,,,,,42400.0,3.0,5
2022HU0813692,07510,118,34,23.0,1,400000.0,3090,400000.0,291210,580000.0,3.0,2
2022HU0813692,07510,96,31,23.0,2,180000.0,3050,180000.0,291051,580000.0,3.0,2
2022HU0813953,07511,123,26,21.0,2,79000.0,0160,79000.0,113071,144000.0,3.0,2
2022HU0813953,07511,114,27,21.0,1,65000.0,2640,65000.0,27102X,144000.0,3.0,2
2022HU0814015,07507,60,58,19.0,2,56000.0,5860,56000.0,439061,128600.0,3.0,4
2022HU0814015,07507,65,61,15.0,1,42600.0,4020,42600.0,352010,128600.0,3.0,4
2022HU0814015,07507,55,26,21.0,2,30000.0,3300,30000.0,292010,128600.0,3.0,4
2022HU0814015,07507,38,17,14.0,1,0.0,,0.0,,128600.0,3.0,4
2022HU0814252,07513,41,25,21.0,2,150000.0,3255,150000.0,291141,260000.0,3.0,2
2022HU0814252,07513,49,28,21.0,1,110000.0,1360,110000.0,172051,260000.0,3.0,2
2022HU0814269,07514,148,33,24.0,1,100000.0,1006,100000.0,151211,273400.0,3.0,2
2022HU0814269,07514,112,29,21.0,2,135000.0,0440,173400.0,1191XX,273400.0,3.0,2
2022HU0814896,07513,60,78,20.0,2,0.0,,42300.0,,42300.0,2.0,1
2022HU0815009,07513,95,58,21.0,2,60000.0,2640,60000.0,27102X,145000.0,1.0,2
2022HU0815009,07513,97,53,19.0,1,85000.0,0440,85000.0,1191XX,145000.0,1.0,2
2022HU0815741,07509,41,65,19.0,2,27600.0,4055,34040.0,353023,34040.0,3.0,1
2022HU0816115,07507,84,42,19.0,1,6000.0,3603,10000.0,311131,90000.0,2.0,4
2022HU0816115,07507,75,41,20.0,2,80000.0,3310,80000.0,291292,90000.0,2.0,4
2022HU0816115,07507,217,12,9.0,1,,,,,90000.0,2.0,4
2022HU0816115,07507,131,10,7.0,2,,,,,90000.0,2.0,4
2022HU0816519,07513,82,54,22.0,1,144000.0,3520,144000.0,292081,144000.0,1.0,4
2022HU0816519,07513,83,53,21.0,2,0.0,5710,0.0,436011,144000.0,1.0,4
2022HU0816519,07513,67,12,10.0,1,,,,,144000.0,1.0,4
2022HU0816519,07513,69,12,10.0,1,,,,,144000.0,1.0,4
2022HU0816790,07510,119,20,19.0,1,0.0,,0.0,,0.0,3.0,2
2022HU0816790,07510,108,22,19.0,1,0.0,,0.0,,0.0,3.0,2
2022HU0817468,07509,116,81,19.0,2,0.0,,4800.0,,9600.0,3.0,2
2022HU0817468,07509,114,88,15.0,1,0.0,,4800.0,,9600.0,3.0,2
2022HU0818023,07510,147,84,1.0,2,0.0,,11500.0,,11500.0,3.0,1
2022HU0818061,07511,235,70,16.0,2,0.0,,19000.0,,130300.0,3.0,6
2022HU0818061,07511,191,43,21.0,1,30300.0,6442,30300.0,472152,130300.0,3.0,6
2022HU0818061,07511,158,30,14.0,2,0.0,4230,22000.0,372012,130300.0,3.0,6
2022HU0818061,07511,122,29,14.0,1,59000.0,7315,59000.0,499021,130300.0,3.0,6
2022HU0818061,07511,251,12,8.0,1,,,,,130300.0,3.0,6
2022HU0818061,07511,179,9,6.0,2,,,,,130300.0,3.0,6
2022HU0818190,07511,79,50,21.0,2,150000.0,3255,150020.0,291141,150020.0,1.0,1
2022HU0818617,07507,59,73,11.0,2,0.0,,58800.0,,58800.0,2.0,1
2022HU0819215,07511,102,80,15.0,1,0.0,,72600.0,,72600.0,2.0,1
2022HU0819251,07508,76,33,22.0,1,335000.0,1021,332300.0,151252,607300.0,3.0,2
2022HU0819251,07508,74,32,22.0,1,275000.0,1021,275000.0,151252,607300.0,3.0,2
2022HU0819318,07511,68,37,21.0,1,60000.0,4150,60100.0,359031,180100.0,3.0,2
2022HU0819318,07511,67,41,23.0,1,120000.0,1021,120000.0,151252,180100.0,3.0,2
2022HU0819685,07511,104,63,22.0,2,0.0,3261,85000.0,291291,85000.0,3.0,1
2022HU0820126,07514,63,65,21.0,1,106000.0,0420,106000.0,119151,106000.0,1.0,1
2022HU0820341,07510,118,54,21.0,2,0.0,,0.0,,1162000.0,3.0,2
2022HU0820341,07510,212,56,22.0,1,687000.0,0120,1162000.0,113031,1162000.0,3.0,2
2022HU0820343,07507,219,39,22.0,2,120000.0,0230,165000.0,119030,165000.0,1.0,2
2022HU0820343,07507,363,7,3.0,2,,,,,165000.0,1.0,2
2022HU0821042,07511,51,57,19.0,1,0.0,7340,75100.0,499071,75100.0,3.0,1
2022HU0821519,07511,65,63,20.0,2,0.0,,0.0,,107000.0,2.0,2
2022HU0821519,07511,65,60,19.0,2,90000.0,1555,107000.0,17302X,107000.0,2.0,2
2022HU0822392,07508,78,38,22.0,2,70000.0,0010,70000.0,1110XX,70000.0,3.0,2
2022HU0822392,07508,62,9,7.0,2,,,,,70000.0,3.0,2
2022HU0822817,07512,109,53,22.0,1,110000.0,4760,110000.0,412031,252000.0,1.0,3
2022HU0822817,07512,94,52,21.0,2,142000.0,2320,142000.0,252030,252000.0,1.0,3
2022HU0822817,07512,158,14,11.0,2,,,,,252000.0,1.0,3
2022HU0822879,07514,76,74,21.0,2,0.0,,15400.0,,15400.0,3.0,1
2022HU0823330,07509,141,50,1.0,2,7500.0,9142,12000.0,533054,40000.0,3.0,4
2022HU0823330,07509,91,20,16.0,1,28000.0,4530,28000.0,396010,40000.0,3.0,4
2022HU0823330,07509,166,16,13.0,2,0.0,,0.0,,40000.0,3.0,4
2022HU0823330,07509,164,6,3.0,2,,,,,40000.0,3.0,4
2022HU0823487,07509,65,38,22.0,2,70000.0,0630,70800.0,131070,70800.0,2.0,1
2022HU0824430,07511,58,57,23.0,1,0.0,0410,14500.0,119141,14500.0,1.0,1
2022HU0824546,07511,67,50,22.0,1,250000.0,1021,250000.0,151252,250000.0,3.0,1
2022HU0824802,07510,58,81,23.0,1,8000.0,3090,222000.0,291210,222000.0,2.0,1
2022HU0825047,07514,76,77,23.0,1,0.0,,127700.0,,127700.0,1.0,2
2022HU0825047,07514,84,75,24.0,2,0.0,,0.0,,127700.0,1.0,2
2022HU0825238,07508,58,52,20.0,1,36500.0,5400,36500.0,434171,36500.0,3.0,4
2022HU0825238,07508,70,37,19.0,2,0.0,4810,0.0,413021,36500.0,3.0,4
2022HU0825238,07508,51,7,5.0,1,,,,,36500.0,3.0,4
2022HU0825238,07508,53,3,1.0,1,,,,,36500.0,3.0,4
2022HU0825270,07514,61,41,21.0,2,65000.0,5940,65000.0,439XXX,155000.0,3.0,2
2022HU0825270,07514,60,51,23.0,1,90000.0,2100,90000.0,2310XX,155000.0,3.0,2
2022HU0825907,07510,108,38,23.0,1,266000.0,2100,266000.0,2310XX,266000.0,3.0,1
2022HU0826187,07509,83,50,21.0,1,150000.0,1021,150010.0,151252,150010.0,3.0,1
2022HU0826267,07508,82,63,24.0,1,687000.0,0230,788500.0,119030,839500.0,1.0,2
2022HU0826267,07508,85,60,22.0,2,0.0,,51000.0,,839500.0,1.0,2
2022HU0826781,07512,69,33,21.0,2,0.0,0705,0.0,131082,170000.0,3.0,2
2022HU0826781,07512,75,33,21.0,1,170000.0,2145,170000.0,232011,170000.0,3.0,2
2022HU0826881,07509,90,70,18.0,1,0.0,2905,24280.0,2740XX,31480.0,1.0,3
2022HU0826881,07509,84,65,15.0,2,0.0,,7200.0,,31480.0,1.0,3
2022HU0826881,07509,61,24,16.0,1,0.0,5610,0.0,435071,31480.0,1.0,3
2022HU0827018,07509,49,90,16.0,1,0.0,,27500.0,,27500.0,3.0,1
2022HU0827383,07510,55,39,23.0,1,687000.0,3100,689200.0,291240,879200.0,1.0,2
2022HU0827383,07510,54,37,23.0,2,190000.0,3258,190000.0,2911XX,879200.0,1.0,2
2022HU0828133,07511,62,67,21.0,2,150000.0,0440,191000.0,1191XX,323000.0,3.0,3
2022HU0828133,07511,68,44,16.0,2,40000.0,5740,56000.0,436014,323000.0,3.0,3
2022HU0828133,07511,69,36,19.0,2,76000.0,4510,76000.0,395012,323000.0,3.0,3
2022HU0828267,07509,98,41,21.0,1,138000.0,0410,138060.0,119141,229060.0,3.0,4
2022HU0828267,07509,115,44,24.0,2,54000.0,0051,91000.0,112021,229060.0,3.0,4
2022HU0828267,07509,111,2,,2,,,,,229060.0,3.0,4
2022HU0828267,07509,111,0,,2,,,,,229060.0,3.0,4
2022HU0828285,07513,79,33,22.0,2,6600.0,1410,6600.0,172070,6600.0,3.0,1
2022HU0829992,07507,192,62,19.0,2,0.0,3602,5700.0,311122,5700.0,3.0,2
2022HU0829992,07507,232,7,1.0,2,,,,,5700.0,3.0,2
2022HU0830198,07509,129,33,21.0,1,400000.0,5165,400000.0,4330XX,400000.0,1.0,2
2022HU0830198,07509,99,29,21.0,2,0.0,,0.0,,400000.0,1.0,2
2022HU0831031,07514,68,48,22.0,1,30000.0,0020,40000.0,111021,40000.0,3.0,1
2022HU0831121,07508,53,38,19.0,1,78000.0,0710,78000.0,131111,212000.0,3.0,5
2022HU0831121,07508,47,39,22.0,2,120000.0,0710,134000.0,131111,212000.0,3.0,5
2022HU0831121,07508,44,12,9.0,1,,,,,212000.0,3.0,5
2022HU0831121,07508,46,11,8.0,2,,,,,212000.0,3.0,5
2022HU0831121,07508,44,8,5.0,1,,,,,212000.0,3.0,5
2022HU0832523,07511,60,67,21.0,2,0.0,,241800.0,,257500.0,3.0,2
2022HU0832523,07511,75,94,15.0,2,0.0,,15700.0,,257500.0,3.0,2
2022HU0832611,07511,52,24,21.0,2,89000.0,1240,89000.0,1520XX,122100.0,3.0,2
2022HU0832611,07511,51,24,21.0,2,30000.0,4600,33100.0,399011,122100.0,3.0,2
2022HU0833651,07511,53,68,22.0,1,20000.0,0410,27800.0,119141,58500.0,3.0,2
2022HU0833651,07511,79,71,21.0,2,0.0,,30700.0,,58500.0,3.0,2
2022HU0834093,07508,155,46,22.0,2,128000.0,0800,128000.0,132011,230000.0,2.0,4
2022HU0834093,07508,209,47,22.0,1,100000.0,1970,102000.0,1940YY,230000.0,2.0,4
2022HU0834093,07508,162,12,9.0,2,,,,,230000.0,2.0,4
2022HU0834093,07508,161,9,6.0,2,,,,,230000.0,2.0,4
2022HU0834110,07507,94,67,1.0,1,0.0,5550,4600.0,435052,239600.0,2.0,4
2022HU0834110,07507,96,59,16.0,2,80000.0,5550,80000.0,435052,239600.0,2.0,4
2022HU0834110,07507,95,34,22.0,1,85000.0,0800,85000.0,132011,239600.0,2.0,4
2022HU0834110,07507,78,27,21.0,1,70000.0,0630,70000.0,131070,239600.0,2.0,4
2022HU0834751,07512,53,85,24.0,1,0.0,2100,440000.0,2310XX,455000.0,1.0,2
2022HU0834751,07512,68,82,22.0,2,0.0,2310,15000.0,252020,455000.0,1.0,2
2022HU0834899,07511,56,30,22.0,2,250000.0,0710,280000.0,131111,280000.0,3.0,1
2022HU0834985,07510,83,30,24.0,1,169000.0,1240,169000.0,1520XX,169000.0,3.0,1
2022HU0835125,07511,57,51,21.0,2,70000.0,3602,70000.0,311122,770500.0,1.0,5
2022HU0835125,07511,67,59,21.0,1,687000.0,0800,687000.0,132011,770500.0,1.0,5
2022HU0835125,07511,62,17,12.0,1,0.0,,0.0,,770500.0,1.0,5
2022HU0835125,07511,61,14,11.0,1,,,,,770500.0,1.0,5
2022HU0835125,07511,62,26,21.0,2,13500.0,4600,13500.0,399011,770500.0,1.0,5
2022HU0835600,07512,89,61,21.0,1,0.0,,100000.0,,100000.0,1.0,3
2022HU0835600,07512,66,49,19.0,2,0.0,,0.0,,100000.0,1.0,3
2022HU0835600,07512,48,17,14.0,1,0.0,,0.0,,100000.0,1.0,3
2022HU0836680,07507,25,27,16.0,1,50000.0,5120,50000.0,433031,104000.0,1.0,2
2022HU0836680,07507,29,30,16.0,1,54000.0,4920,54000.0,419020,104000.0,1.0,2
2022HU0837161,07508,80,30,21.0,2,110000.0,0440,110000.0,1191XX,110000.0,3.0,1
2022HU0837226,07508,75,79,21.0,2,7000.0,2310,58000.0,252020,58000.0,3.0,2
2022HU0837226,07508,226,16,13.0,2,0.0,,0.0,,58000.0,3.0,2
2022HU0837897,07510,98,51,21.0,1,0.0,1021,3300.0,151252,88300.0,3.0,3
2022HU0837897,07510,86,47,21.0,2,85000.0,2330,85000.0,252050,88300.0,3.0,3
2022HU0837897,07510,89,9,6.0,2,,,,,88300.0,3.0,3
2022HU0838178,07514,120,38,21.0,2,185000.0,1005,195000.0,151221,195000.0,3.0,1
2022HU0838393,07512,94,26,22.0,1,0.0,2205,0.0,251000,152500.0,3.0,3
2022HU0838393,07512,73,26,21.0,2,92000.0,1305,100500.0,171011,152500.0,3.0,3
2022HU0838393,07512,80,23,21.0,2,52000.0,1650,52000.0,1910XX,152500.0,3.0,3
2022HU0839119,07514,62,54,19.0,2,70000.0,0160,70000.0,113071,70000.0,3.0,1
2022HU0839354,07508,50,47,21.0,2,400000.0,4820,400000.0,413031,1137000.0,1.0,4
2022HU0839354,07508,63,49,21.0,1,687000.0,4820,737000.0,413031,1137000.0,1.0,4
2022HU0839354,07508,54,12,8.0,1,,,,,1137000.0,1.0,4
2022HU0839354,07508,54,10,6.0,1,,,,,1137000.0,1.0,4
2022HU0839767,07512,55,64,21.0,2,25000.0,2545,25000.0,259040,174300.0,3.0,4
2022HU0839767,07512,61,64,20.0,1,90000.0,3930,90000.0,339030,174300.0,3.0,4
2022HU0839767,07512,48,30,20.0,2,59000.0,0120,59000.0,113031,174300.0,3.0,4
2022HU0839767,07512,66,24,21.0,1,300.0,4600,300.0,399011,174300.0,3.0,4
2022HU0840233,07513,90,63,16.0,1,0.0,6442,55500.0,472152,55500.0,2.0,2
2022HU0840233,07513,92,61,16.0,2,0.0,,0.0,,55500.0,2.0,2
2022HU0840379,07512,103,39,20.0,2,24000.0,5260,24000.0,434071,32600.0,3.0,2
2022HU0840379,07512,91,40,15.0,1,0.0,5510,8600.0,435021,32600.0,3.0,2
2022HU0840666,07508,56,41,22.0,2,200000.0,3258,200000.0,2911XX,200000.0,3.0,1
2022HU0841087,07511,72,38,22.0,2,140000.0,0230,150000.0,119030,355000.0,2.0,4
2022HU0841087,07511,72,39,22.0,1,175000.0,0020,205000.0,111021,355000.0,2.0,4
2022HU0841087,07511,57,5,2.0,1,,,,,355000.0,2.0,4
2022HU0841087,07511,84,2,,2,,,,,355000.0,2.0,4
2022HU0841159,07511,60,40,23.0,1,687000.0,3090,718500.0,291210,1405500.0,3.0,2
2022HU0841159,07511,61,44,22.0,1,687000.0,2360,687000.0,2530XX,1405500.0,3.0,2
2022HU0842565,07510,148,44,19.0,2,200000.0,4840,200000.0,413091,200000.0,3.0,1
2022HU0842568,07513,120,69,23.0,1,0.0,,70000.0,,490000.0,1.0,3
2022HU0842568,07513,107,59,22.0,2,300000.0,0120,300000.0,113031,490000.0,1.0,3
2022HU0842568,07513,96,28,21.0,1,120000.0,0845,120000.0,132051,490000.0,1.0,3
2022HU0842602,07507,166,71,19.0,2,80000.0,0010,121350.0,1110XX,200450.0,2.0,2
2022HU0842602,07507,149,71,21.0,1,50000.0,1800,79100.0,193011,200450.0,2.0,2
2022HU0843001,07509,155,62,22.0,2,111000.0,2320,111000.0,252030,111000.0,3.0,1
2022HU0843237,07509,172,36,21.0,1,64000.0,0440,64500.0,1191XX,64500.0,3.0,1
2022HU0843680,07507,53,38,24.0,2,130000.0,1760,142000.0,192099,253000.0,3.0,2
2022HU0843680,07507,55,33,24.0,1,111000.0,3040,111000.0,291041,253000.0,3.0,2
2022HU0843971,07513,231,77,21.0,1,0.0,,2000.0,,3400.0,2.0,2
2022HU0843971,07513,239,73,16.0,2,0.0,,1400.0,,3400.0,2.0,2
2022HU0845179,07509,78,72,21.0,2,0.0,2360,10100.0,2530XX,34400.0,3.0,3
2022HU0845179,07509,96,73,19.0,1,0.0,,14000.0,,34400.0,3.0,3
2022HU0845179,07509,87,39,18.0,1,0.0,,10300.0,,34400.0,3.0,3
2022HU0845730,07514,75,27,21.0,2,78000.0,2634,78000.0,271024,78000.0,3.0,1
2022HU0845739,07511,71,43,21.0,2,140000.0,1305,140000.0,171011,191000.0,1.0,2
2022HU0845739,07511,62,34,21.0,2,51000.0,2012,51000.0,211022,191000.0,1.0,2
2022HU0846121,07512,68,36,21.0,2,26300.0,0230,26300.0,119030,191300.0,3.0,2
2022HU0846121,07512,69,43,21.0,1,165000.0,2640,165000.0,27102X,191300.0,3.0,2
2022HU0847001,07514,72,65,23.0,1,0.0,3010,425000.0,291020,425000.0,2.0,2
2022HU0847001,07514,71,49,21.0,2,0.0,,0.0,,425000.0,2.0,2
2022HU0847496,07514,123,31,19.0,2,0.0,9142,1600.0,533054,45000.0,3.0,4
2022HU0847496,07514,109,30,18.0,2,8000.0,3601,8000.0,311121,45000.0,3.0,4
2022HU0847496,07514,42,76,19.0,2,0.0,,18400.0,,45000.0,3.0,4
2022HU0847496,07514,86,33,16.0,1,14000.0,7300,17000.0,499010,45000.0,3.0,4
2022HU0848379,07512,93,62,20.0,1,0.0,5550,38400.0,435052,49200.0,2.0,2
2022HU0848379,07512,71,89,1.0,1,0.0,,10800.0,,49200.0,2.0,2
2022HU0848383,07511,55,30,22.0,1,80000.0,2014,80000.0,211029,148000.0,3.0,2
2022HU0848383,07511,46,30,22.0,2,65000.0,2004,68000.0,211014,148000.0,3.0,2
2022HU0848549,07507,216,41,16.0,1,30000.0,7315,30000.0,499021,60000.0,2.0,5
2022HU0848549,07507,166,47,16.0,2,0.0,,0.0,,60000.0,2.0,5
2022HU0848549,07507,455,16,13.0,1,0.0,,0.0,,60000.0,2.0,5
2022HU0848549,07507,200,39,22.0,1,0.0,3255,0.0,291141,60000.0,2.0,5
2022HU0848549,07507,157,31,21.0,2,0.0,4621,30000.0,399031,60000.0,2.0,5
2022HU0848969,07507,58,88,20.0,2,0.0,,23000.0,,23000.0,4.0,1
2022HU0849500,07509,95,82,16.0,2,0.0,,9600.0,,9600.0,4.0,1
2022HU0849939,07514,70,34,22.0,1,350000.0,0051,350000.0,112021,350000.0,3.0,1
2022HU0850532,07509,160,28,16.0,2,35000.0,4020,35000.0,352010,151000.0,3.0,3
2022HU0850532,07509,158,28,21.0,2,26000.0,2205,26000.0,251000,151000.0,3.0,3
2022HU0850532,07509,156,28,21.0,2,90000.0,0800,90000.0,132011,151000.0,3.0,3
2022HU0850790,07512,74,38,22.0,2,74000.0,2830,74000.0,273041,74000.0,3.0,1
2022HU0851971,07511,63,34,21.0,1,34000.0,1105,139000.0,151244,139000.0,1.0,1
2022HU0852815,07507,59,45,22.0,2,200000.0,1021,200000.0,151252,200000.0,1.0,1
2022HU0852908,07511,71,39,21.0,1,140000.0,0150,140000.0,113061,140000.0,3.0,1
2022HU0852987,07513,53,55,18.0,1,30000.0,2905,32400.0,2740XX,32400.0,1.0,3
2022HU0852987,07513,58,55,18.0,2,0.0,,0.0,,32400.0,1.0,3
2022HU0852987,07513,53,17,14.0,1,0.0,9920,0.0,999920,32400.0,1.0,3
2022HU0853436,07512,360,40,16.0,2,25000.0,4720,25000.0,412010,142000.0,3.0,7
2022HU0853436,07512,408,7,3.0,2,,,,,142000.0,3.0,7
2022HU0853436,07512,304,35,20.0,2,0.0,0440,0.0,1191XX,142000.0,3.0,7
2022HU0853436,07512,283,65,21.0,2,42000.0,3640,67000.0,319091,142000.0,3.0,7
2022HU0853436,07512,326,11,9.0,1,,,,,142000.0,3.0,7
2022HU0853436,07512,347,3,1.0,1,,,,,142000.0,3.0,7
2022HU0853436,07512,293,50,16.0,1,50000.0,9620,50000.0,537062,142000.0,3.0,7
2022HU0853590,07511,159,58,21.0,2,30000.0,2545,30000.0,259040,30000.0,3.0,1
2022HU0853595,07514,274,64,21.0,2,0.0,2722,80000.0,272022,147100.0,1.0,2
2022HU0853595,07514,297,59,21.0,1,52000.0,2700,67100.0,272011,147100.0,1.0,2
2022HU0853790,07513,70,67,21.0,1,0.0,,56000.0,,56000.0,2.0,1
2022HU0854124,07514,92,74,21.0,1,0.0,1021,63300.0,151252,117500.0,1.0,2
2022HU0854124,07514,105,79,22.0,2,0.0,0420,54200.0,119151,117500.0,1.0,2
2022HU0854575,07507,91,52,19.0,2,0.0,4600,110000.0,399011,172000.0,1.0,2
2022HU0854575,07507,77,51,19.0,1,0.0,4600,62000.0,399011,172000.0,1.0,2
2022HU0856710,07514,66,64,20.0,2,0.0,5740,75450.0,436014,169450.0,1.0,2
2022HU0856710,07514,76,70,20.0,1,0.0,,94000.0,,169450.0,1.0,2
2022HU0856907,07510,54,30,23.0,1,126000.0,3040,126000.0,291041,196000.0,3.0,2
2022HU0856907,07510,55,29,21.0,2,70000.0,2635,70000.0,271025,196000.0,3.0,2
2022HU0857360,07509,137,32,20.0,2,105000.0,5710,105000.0,436011,797000.0,3.0,2
2022HU0857360,07509,134,31,22.0,1,687000.0,0300,692000.0,119041,797000.0,3.0,2
2022HU0857456,07509,111,59,1.0,1,0.0,,11300.0,,11300.0,3.0,1
2022HU0857860,07514,71,33,21.0,1,169000.0,1031,169000.0,151254,169000.0,3.0,1
2022HU0858233,07511,64,72,23.0,1,0.0,,39000.0,,96000.0,3.0,2
2022HU0858233,07511,82,77,21.0,2,0.0,,57000.0,,96000.0,3.0,2
2022HU0858314,07514,69,85,21.0,2,0.0,,46900.0,,46900.0,3.0,1
2022HU0858446,07508,208,61,21.0,2,192000.0,3421,192000.0,292052,285600.0,3.0,3
2022HU0858446,07508,180,32,21.0,1,90000.0,0350,90000.0,119111,285600.0,3.0,3
2022HU0858446,07508,193,28,21.0,2,3600.0,3255,3600.0,291141,285600.0,3.0,3
2022HU0858882,07511,51,33,22.0,2,100000.0,0060,112000.0,112030,202000.0,4.0,2
2022HU0858882,07511,55,34,22.0,1,90000.0,0230,90000.0,119030,202000.0,4.0,2
2022HU0859834,07507,128,68,19.0,1,0.0,,57700.0,,266200.0,1.0,3
2022HU0859834,07507,86,67,24.0,2,56000.0,2040,108500.0,212011,266200.0,1.0,3
2022HU0859834,07507,95,39,22.0,2,100000.0,2320,100000.0,252030,266200.0,1.0,3
2022HU0860084,07510,100,49,20.0,2,100000.0,0230,100000.0,119030,102700.0,3.0,4
2022HU0860084,07510,52,21,20.0,2,2700.0,2545,2700.0,259040,102700.0,3.0,4
2022HU0860084,07510,90,19,18.0,1,0.0,,0.0,,102700.0,3.0,4
2022HU0860084,07510,90,13,9.0,1,,,,,102700.0,3.0,4
2022HU0860214,07511,72,34,19.0,1,250000.0,1970,255000.0,1940YY,376000.0,3.0,2
2022HU0860214,07511,68,31,21.0,2,120000.0,0300,121000.0,119041,376000.0,3.0,2
2022HU0860248,07509,116,73,16.0,2,0.0,3602,30300.0,311122,30300.0,3.0,1
2022HU0861668,07514,42,33,21.0,1,70000.0,7430,70000.0,499060,90000.0,3.0,2
2022HU0861668,07514,42,28,20.0,2,20000.0,9121,20000.0,533051,90000.0,3.0,2
2022HU0862034,07507,49,63,21.0,2,0.0,,71000.0,,71000.0,3.0,1
2022HU0862507,07510,84,48,22.0,1,200000.0,1021,200000.0,151252,450000.0,1.0,3
2022HU0862507,07510,86,34,22.0,1,90000.0,1305,90000.0,171011,450000.0,1.0,3
2022HU0862507,07510,66,29,21.0,1,160000.0,0120,160000.0,113031,450000.0,1.0,3
2022HU0862553,07512,62,70,20.0,2,0.0,,20650.0,,165750.0,2.0,2
2022HU0862553,07512,71,74,17.0,1,0.0,,145100.0,,165750.0,2.0,2
2022HU0863155,07509,260,28,21.0,2,140000.0,0440,140000.0,1191XX,315000.0,3.0,2
2022HU0863155,07509,225,28,21.0,1,175000.0,0120,175000.0,113031,315000.0,3.0,2
2022HU0863503,07513,47,61,22.0,2,200000.0,3258,201800.0,2911XX,225800.0,1.0,2
2022HU0863503,07513,56,68,22.0,1,0.0,1021,24000.0,151252,225800.0,1.0,2
2022HU0863936,07512,175,40,19.0,1,80000.0,4120,80000.0,353041,95000.0,1.0,6
2022HU0863936,07512,176,39,19.0,2,15000.0,3310,15000.0,291292,95000.0,1.0,6
2022HU0863936,07512,239,8,5.0,2,,,,,95000.0,1.0,6
2022HU0863936,07512,335,6,4.0,1,,,,,95000.0,1.0,6
2022HU0863936,07512,209,1,,1,,,,,95000.0,1.0,6
2022HU0863936,07512,239,12,9.0,2,,,,,95000.0,1.0,6
2022HU0864549,07511,68,27,21.0,1,40000.0,2205,40000.0,251000,80000.0,3.0,2
2022HU0864549,07511,66,26,22.0,1,40000.0,2205,40000.0,251000,80000.0,3.0,2
2022HU0864956,07514,139,45,24.0,1,87000.0,1760,123400.0,192099,123400.0,3.0,1
2022HU0864962,07510,83,35,19.0,1,0.0,2910,20000.0,274021,85000.0,3.0,3
2022HU0864962,07510,76,38,21.0,2,65000.0,2634,65000.0,271024,85000.0,3.0,3
2022HU0864962,07510,87,3,2.0,1,,,,,85000.0,3.0,3
2022HU0865256,07509,53,73,9.0,2,0.0,,2400.0,,2400.0,3.0,1
2022HU0865396,07510,108,39,22.0,2,138000.0,0800,140500.0,132011,439760.0,2.0,5
2022HU0865396,07510,86,36,21.0,1,88000.0,5240,91000.0,434051,439760.0,2.0,5
2022HU0865396,07510,86,35,24.0,1,155000.0,3050,158800.0,291051,439760.0,2.0,5
2022HU0865396,07510,119,68,16.0,1,0.0,0410,30780.0,119141,439760.0,2.0,5
2022HU0865396,07510,77,65,16.0,2,17800.0,3602,18680.0,311122,439760.0,2.0,5
2022HU0866051,07509,58,76,21.0,1,0.0,2600,39000.0,271010,39000.0,3.0,1
2022HU0866177,07511,51,49,22.0,2,83000.0,2145,83000.0,232011,83000.0,3.0,1
2022HU0867045,07509,128,73,1.0,1,0.0,,9600.0,,17600.0,2.0,2
2022HU0867045,07509,118,70,1.0,2,0.0,,8000.0,,17600.0,2.0,2
2022HU0867162,07507,65,72,21.0,1,0.0,,41300.0,,151600.0,2.0,2
2022HU0867162,07507,63,72,21.0,2,0.0,,110300.0,,151600.0,2.0,2
2022HU0867481,07509,94,52,21.0,1,250000.0,3870,250000.0,333050,250000.0,3.0,1
2022HU0867848,07508,74,63,19.0,2,80000.0,9410,80000.0,536051,440100.0,1.0,5
2022HU0867848,07508,71,66,19.0,1,0.0,5550,194000.0,435052,440100.0,1.0,5
2022HU0867848,07508,57,25,18.0,1,67000.0,9130,67000.0,533030,440100.0,1.0,5
2022HU0867848,07508,54,23,19.0,1,65000.0,7200,65000.0,493023,440100.0,1.0,5
2022HU0867848,07508,60,94,1.0,2,0.0,,34100.0,,440100.0,1.0,5
2022HU0867908,07514,120,82,24.0,2,40000.0,2205,79600.0,251000,79600.0,3.0,1
2022HU0868279,07512,58,84,11.0,2,0.0,,20410.0,,20410.0,2.0,1
2022HU0868507,07512,58,42,22.0,2,10000.0,0845,10000.0,132051,10000.0,3.0,3
2022HU0868507,07512,57,57,1.0,2,0.0,,0.0,,10000.0,3.0,3
2022HU0868507,07512,113,4,1.0,2,,,,,10000.0,3.0,3
2022HU0868794,07513,98,83,23.0,1,35000.0,3090,259000.0,291210,478000.0,2.0,2
2022HU0868794,07513,104,81,22.0,2,0.0,,219000.0,,478000.0,2.0,2
2022HU0869129,07507,70,75,18.0,1,0.0,,66400.0,,66400.0,1.0,1
2022HU0869452,07513,65,40,21.0,2,94000.0,4621,94000.0,399031,244000.0,1.0,2
2022HU0869452,07513,75,37,21.0,1,150000.0,1021,150000.0,151252,244000.0,1.0,2
2022HU0869475,07509,144,73,21.0,1,0.0,,30000.0,,30000.0,4.0,1
2022HU0869476,07513,260,46,22.0,2,130000.0,4820,130000.0,413031,214000.0,2.0,3
2022HU0869476,07513,268,50,20.0,1,84000.0,2634,84000.0,271024,214000.0,2.0,3
2022HU0869476,07513,217,5,3.0,1,,,,,214000.0,2.0,3
2022HU0869534,07508,91,43,19.0,1,79000.0,0102,79000.0,113013,79700.0,3.0,4
2022HU0869534,07508,85,13,11.0,2,,,,,79700.0,3.0,4
2022HU0869534,07508,85,10,8.0,2,,,,,79700.0,3.0,4
2022HU0869534,07508,98,71,16.0,1,0.0,,700.0,,79700.0,3.0,4
2022HU0870304,07508,108,25,21.0,1,75000.0,2634,75000.0,271024,450180.0,3.0,3
2022HU0870304,07508,89,25,22.0,2,300000.0,3230,300180.0,291127,450180.0,3.0,3
2022HU0870304,07508,108,25,21.0,1,75000.0,2640,75000.0,27102X,450180.0,3.0,3
2022HU0870917,07512,70,48,19.0,2,150000.0,5740,150000.0,436014,250000.0,3.0,4
2022HU0870917,07512,78,39,21.0,1,100000.0,2920,100000.0,274030,250000.0,3.0,4
2022HU0870917,07512,81,4,2.0,1,,,,,250000.0,3.0,4
2022HU0870917,07512,158,2,,2,,,,,250000.0,3.0,4
2022HU0870920,07510,104,57,21.0,2,0.0,,0.0,,693000.0,2.0,2
2022HU0870920,07510,121,58,22.0,1,687000.0,0010,693000.0,1110XX,693000.0,2.0,2
2022HU0871411,07509,141,59,16.0,2,32000.0,0102,32000.0,113013,142000.0,3.0,5
2022HU0871411,07509,160,33,23.0,1,40000.0,1021,40000.0,151252,142000.0,3.0,5
2022HU0871411,07509,114,26,21.0,1,40000.0,1021,40000.0,151252,142000.0,3.0,5
2022HU0871411,07509,178,5,3.0,2,,,,,142000.0,3.0,5
2022HU0871411,07509,127,31,21.0,2,30000.0,3300,30000.0,292010,142000.0,3.0,5
2022HU0871567,07513,74,42,21.0,2,68000.0,1760,68000.0,192099,68000.0,1.0,1
2022HU0871766,07507,144,68,14.0,2,0.0,,31000.0,,63000.0,3.0,2
2022HU0871766,07507,166,23,21.0,2,32000.0,2310,32000.0,252020,63000.0,3.0,2
2022HU0871978,07514,81,68,22.0,1,269000.0,2205,504300.0,251000,522300.0,2.0,2
2022HU0871978,07514,85,65,16.0,2,0.0,,18000.0,,522300.0,2.0,2
2022HU0871984,07511,70,35,22.0,1,687000.0,0300,687000.0,119041,1374000.0,1.0,2
2022HU0871984,07511,74,38,23.0,2,687000.0,2100,687000.0,2310XX,1374000.0,1.0,2
2022HU0873321,07511,56,24,21.0,1,145000.0,0845,145000.0,132051,325000.0,3.0,2
2022HU0873321,07511,59,26,21.0,1,180000.0,1021,180000.0,151252,325000.0,3.0,2
2022HU0875264,07509,224,51,19.0,2,78000.0,4110,78000.0,353031,78000.0,3.0,1
2022HU0875363,07508,33,41,21.0,2,0.0,0060,0.0,112030,140000.0,1.0,4
2022HU0875363,07508,42,40,21.0,1,130000.0,0850,140000.0,132052,140000.0,1.0,4
2022HU0875363,07508,35,7,3.0,1,,,,,140000.0,1.0,4
2022HU0875363,07508,47,4,1.0,1,,,,,140000.0,1.0,4
2022HU0876263,07512,86,45,19.0,1,0.0,7000,0.0,491011,180000.0,2.0,4
2022HU0876263,07512,70,39,22.0,2,180000.0,0410,180000.0,119141,180000.0,2.0,4
2022HU0876263,07512,141,3,1.0,2,,,,,180000.0,2.0,4
2022HU0876263,07512,73,1,,1,,,,,180000.0,2.0,4
2022HU0876428,07507,38,50,16.0,1,49000.0,4020,49000.0,352010,98000.0,3.0,4
2022HU0876428,07507,40,52,14.0,2,0.0,,0.0,,98000.0,3.0,4
2022HU0876428,07507,27,33,18.0,2,49000.0,5400,49000.0,434171,98000.0,3.0,4
2022HU0876428,07507,25,26,17.0,1,0.0,,0.0,,98000.0,3.0,4
2022HU0876762,07508,65,81,15.0,1,0.0,,12500.0,,24900.0,2.0,2
2022HU0876762,07508,56,76,15.0,2,0.0,,12400.0,,24900.0,2.0,2
2022HU0876904,07511,59,38,22.0,2,160000.0,1305,160020.0,171011,360020.0,1.0,2
2022HU0876904,07511,60,43,21.0,1,200000.0,0300,200000.0,119041,360020.0,1.0,2
2022HU0877852,07509,71,46,24.0,1,0.0,1760,165020.0,192099,165020.0,3.0,1
2022HU0878479,07511,99,58,22.0,2,150000.0,0120,155000.0,113031,349600.0,1.0,3
2022HU0878479,07511,98,61,22.0,2,135000.0,3255,144600.0,291141,349600.0,1.0,3
2022HU0878479,07511,89,45,21.0,2,50000.0,5740,50000.0,436014,349600.0,1.0,3
2022HU0878601,07514,95,25,22.0,2,150000.0,1240,150000.0,1520XX,288000.0,3.0,2
2022HU0878601,07514,108,26,21.0,1,138000.0,1021,138000.0,151252,288000.0,3.0,2
2022HU0878608,07513,102,62,19.0,1,100000.0,0910,107500.0,132070,226500.0,1.0,3
2022HU0878608,07513,92,64,21.0,2,100000.0,0910,100000.0,132070,226500.0,1.0,3
2022HU0878608,07513,82,83,19.0,2,0.0,,19000.0,,226500.0,1.0,3
2022HU0878862,07509,51,56,1.0,1,0.0,4030,3000.0,352021,35100.0,3.0,3
2022HU0878862,07509,54,55,15.0,2,30000.0,9620,30000.0,537062,35100.0,3.0,3
2022HU0878862,07509,69,17,14.0,2,2100.0,4622,2100.0,399032,35100.0,3.0,3
2022HU0880659,07509,41,22,21.0,1,10000.0,1006,10000.0,151211,10000.0,3.0,1
2022HU0880744,07511,74,46,21.0,1,160000.0,1105,160000.0,151244,345000.0,1.0,4
2022HU0880744,07511,59,48,21.0,2,185000.0,0060,185000.0,112030,345000.0,1.0,4
2022HU0880744,07511,63,11,7.0,1,,,,,345000.0,1.0,4
2022HU0880744,07511,74,8,5.0,2,,,,,345000.0,1.0,4
2022HU0880843,07513,65,74,21.0,2,48400.0,2545,48400.0,259040,124400.0,1.0,4
2022HU0880843,07513,65,76,16.0,1,0.0,,0.0,,124400.0,1.0,4
2022HU0880843,07513,53,29,16.0,1,54000.0,4920,54000.0,419020,124400.0,1.0,4
2022HU0880843,07513,45,26,22.0,2,22000.0,2012,22000.0,211022,124400.0,1.0,4
2022HU0881423,07508,64,47,22.0,1,254000.0,1021,262300.0,151252,342300.0,3.0,4
2022HU0881423,07508,59,47,23.0,2,80000.0,2320,80000.0,252030,342300.0,3.0,4
2022HU0881423,07508,118,12,8.0,1,,,,,342300.0,3.0,4
2022HU0881423,07508,120,9,6.0,1,,,,,342300.0,3.0,4
2022HU0881504,07508,76,58,19.0,1,7100.0,2145,7100.0,232011,7100.0,3.0,1
2022HU0881645,07513,212,55,13.0,2,30800.0,8740,30800.0,519061,30800.0,3.0,1
2022HU0881739,07511,63,55,23.0,2,0.0,0710,6000.0,131111,743950.0,1.0,3
2022HU0881739,07511,58,62,21.0,1,687000.0,0410,737000.0,119141,743950.0,1.0,3
2022HU0881739,07511,65,17,14.0,2,950.0,4760,950.0,412031,743950.0,1.0,3
2022HU0882012,07513,119,18,15.0,2,4000.0,9620,4000.0,537062,19200.0,3.0,4
2022HU0882012,07513,21,18,19.0,2,12200.0,5400,12200.0,434171,19200.0,3.0,4
2022HU0882012,07513,113,18,16.0,2,3000.0,4110,3000.0,353031,19200.0,3.0,4
2022HU0882012,07513,60,17,14.0,2,0.0,,0.0,,19200.0,3.0,4
2022HU0882242,07511,54,70,18.0,1,0.0,,3200.0,,8100.0,3.0,2
2022HU0882242,07511,59,56,18.0,2,4900.0,4760,4900.0,412031,8100.0,3.0,2
2022HU0882815,07514,409,28,21.0,1,100000.0,0120,100000.0,113031,300000.0,3.0,3
2022HU0882815,07514,364,28,21.0,1,100000.0,4920,100000.0,419020,300000.0,3.0,3
2022HU0882815,07514,364,27,21.0,1,100000.0,4760,100000.0,412031,300000.0,3.0,3
2022HU0883528,07512,168,39,24.0,1,200000.0,0010,200000.0,1110XX,200000.0,3.0,1
2022HU0884525,07514,85,68,19.0,1,54000.0,5240,54000.0,434051,54000.0,3.0,1
2022HU0884647,07508,239,38,22.0,2,90000.0,0705,90000.0,131082,90000.0,3.0,1
2022HU0884714,07514,75,60,17.0,1,0.0,5860,8300.0,439061,8300.0,3.0,1
2022HU0885517,07508,86,78,17.0,1,0.0,6260,130870.0,472061,214170.0,1.0,2
2022HU0885517,07508,77,80,21.0,2,8800.0,4920,83300.0,419020,214170.0,1.0,2
2022HU0886151,07509,158,29,21.0,1,150000.0,0845,160000.0,132051,260000.0,3.0,2
2022HU0886151,07509,173,32,21.0,2,100000.0,0860,100000.0,132053,260000.0,3.0,2
2022HU0886706,07513,94,55,22.0,1,0.0,0710,0.0,131111,180000.0,2.0,5
2022HU0886706,07513,97,44,22.0,2,180000.0,0051,180000.0,112021,180000.0,2.0,5
2022HU0886706,07513,94,14,10.0,2,,,,,180000.0,2.0,5
2022HU0886706,07513,92,10,7.0,2,,,,,180000.0,2.0,5
2022HU0886706,07513,76,5,2.0,1,,,,,180000.0,2.0,5
2022HU0887148,07513,109,71,22.0,2,94000.0,2180,134800.0,232099,139800.0,3.0,2
2022HU0887148,07513,70,34,21.0,1,0.0,4055,5000.0,353023,139800.0,3.0,2
2022HU0887427,07511,92,57,21.0,1,687000.0,0350,688500.0,119111,1380500.0,3.0,2
2022HU0887427,07511,100,30,21.0,1,687000.0,1021,692000.0,151252,1380500.0,3.0,2
2022HU0887703,07507,63,50,21.0,1,85000.0,1108,85000.0,151299,121800.0,1.0,2
2022HU0887703,07507,50,47,21.0,2,36800.0,4760,36800.0,412031,121800.0,1.0,2
2022HU0888018,07508,55,20,16.0,2,3000.0,2350,3000.0,253041,280800.0,3.0,4
2022HU0888018,07508,73,22,20.0,2,28800.0,9620,28800.0,537062,280800.0,3.0,4
2022HU0888018,07508,53,22,18.0,2,0.0,1970,0.0,1940YY,280800.0,3.0,4
2022HU0888018,07508,52,22,20.0,2,249000.0,4110,249000.0,353031,280800.0,3.0,4
2022HU0888040,07508,59,64,22.0,1,78000.0,2205,78000.0,251000,328000.0,4.0,2
2022HU0888040,07508,65,67,22.0,2,250000.0,0230,250000.0,119030,328000.0,4.0,2
2022HU0888041,07514,144,29,21.0,1,97000.0,1021,97000.0,151252,97000.0,3.0,1
2022HU0888273,07512,51,46,21.0,2,165000.0,3255,177000.0,291141,177000.0,3.0,1
2022HU0888991,07513,76,40,21.0,1,687000.0,0440,687000.0,1191XX,817000.0,1.0,2
2022HU0888991,07513,66,32,21.0,2,130000.0,1021,130000.0,151252,817000.0,1.0,2
2022HU0889187,07511,108,35,21.0,2,180000.0,0051,180000.0,112021,180000.0,3.0,1
2022HU0890438,07509,159,55,21.0,1,0.0,0735,140000.0,131161,140000.0,2.0,1
2022HU0890461,07509,129,60,18.0,1,0.0,,16000.0,,16000.0,3.0,1
2022HU0890606,07507,189,59,16.0,1,0.0,,3200.0,,49200.0,1.0,2
2022HU0890606,07507,173,58,19.0,2,46000.0,1980,46000.0,195010,49200.0,1.0,2
2022HU0891649,07512,83,64,16.0,2,30500.0,4230,74600.0,372012,177600.0,2.0,2
2022HU0891649,07512,56,35,21.0,2,103000.0,2310,103000.0,252020,177600.0,2.0,2
2022HU0891868,07512,62,88,20.0,2,0.0,,71100.0,,71100.0,2.0,1
2022HU0891950,07514,55,24,21.0,1,130000.0,8740,132500.0,519061,132500.0,3.0,1
2022HU0892823,07513,167,88,21.0,2,0.0,,25000.0,,231000.0,1.0,6
2022HU0892823,07513,163,50,21.0,1,82000.0,2310,82000.0,252020,231000.0,1.0,6
2022HU0892823,07513,129,29,19.0,2,40000.0,5410,40000.0,434181,231000.0,1.0,6
2022HU0892823,07513,213,15,13.0,2,0.0,,0.0,,231000.0,1.0,6
2022HU0892823,07513,143,13,11.0,1,,,,,231000.0,1.0,6
2022HU0892823,07513,161,51,18.0,2,84000.0,0010,84000.0,1110XX,231000.0,1.0,6
2022HU0893764,07510,90,43,21.0,2,180000.0,3255,180000.0,291141,380000.0,1.0,2
2022HU0893764,07510,92,45,20.0,1,200000.0,3255,200000.0,291141,380000.0,1.0,2
2022HU0894022,07510,227,26,16.0,2,46000.0,5740,46000.0,436014,46000.0,3.0,2
2022HU0894022,07510,249,3,2.0,1,,,,,46000.0,3.0,2
2022HU0894601,07511,76,72,18.0,2,0.0,3840,45700.0,3330XX,45700.0,1.0,1
2022HU0894691,07510,108,29,22.0,1,230000.0,0020,235000.0,111021,660000.0,3.0,3
2022HU0894691,07510,99,29,21.0,1,200000.0,1021,200000.0,151252,660000.0,3.0,3
2022HU0894691,07510,97,29,22.0,1,220000.0,1021,225000.0,151252,660000.0,3.0,3
2022HU0895095,07510,55,27,19.0,1,45800.0,0120,45830.0,113031,157030.0,1.0,5
2022HU0895095,07510,95,58,1.0,1,16600.0,3602,16600.0,311122,157030.0,1.0,5
2022HU0895095,07510,77,56,1.0,2,19600.0,3602,19600.0,311122,157030.0,1.0,5
2022HU0895095,07510,58,48,24.0,1,75000.0,2205,75000.0,251000,157030.0,1.0,5
2022HU0895095,07510,50,4,3.0,1,,,,,157030.0,1.0,5
2022HU0895144,07511,93,34,24.0,1,110000.0,2310,110000.0,252020,230000.0,3.0,2
2022HU0895144,07511,108,30,21.0,1,120000.0,1360,120000.0,172051,230000.0,3.0,2
2022HU0897109,07509,86,23,21.0,1,60000.0,1021,60000.0,151252,60000.0,3.0,1
2022HU0897488,07512,71,74,1.0,1,0.0,,24000.0,,84000.0,2.0,4
2022HU0897488,07512,64,65,1.0,2,0.0,,0.0,,84000.0,2.0,4
2022HU0897488,07512,52,39,21.0,1,60000.0,2905,60000.0,2740XX,84000.0,2.0,4
2022HU0897488,07512,59,37,21.0,2,0.0,,0.0,,84000.0,2.0,4
2022HU0897668,07514,83,32,21.0,2,150000.0,0051,150000.0,112021,335000.0,3.0,2
2022HU0897668,07514,73,32,24.0,1,185000.0,3090,185000.0,291210,335000.0,3.0,2
2022HU0897711,07508,50,45,24.0,2,66000.0,1650,66000.0,1910XX,753000.0,3.0,5
2022HU0897711,07508,75,51,21.0,1,687000.0,4820,687000.0,413031,753000.0,3.0,5
2022HU0897711,07508,55,13,10.0,1,,,,,753000.0,3.0,5
2022HU0897711,07508,56,10,7.0,1,,,,,753000.0,3.0,5
2022HU0897711,07508,72,3,2.0,2,,,,,753000.0,3.0,5
2022HU0897742,07510,98,30,22.0,1,196000.0,1530,196000.0,1721YY,286000.0,3.0,2
2022HU0897742,07510,92,31,21.0,2,90000.0,2710,90000.0,272012,286000.0,3.0,2
2022HU0897905,07510,118,33,21.0,1,60000.0,0860,57300.0,132053,57300.0,3.0,1
2022HU0898056,07507,78,32,20.0,1,85000.0,6355,86200.0,472111,86200.0,1.0,2
2022HU0898056,07507,52,30,22.0,2,0.0,9920,0.0,999920,86200.0,1.0,2
2022HU0898432,07508,29,45,21.0,1,78000.0,4510,78000.0,395012,133000.0,3.0,2
2022HU0898432,07508,31,38,21.0,1,55000.0,4700,55000.0,411011,133000.0,3.0,2
2022HU0898973,07508,72,64,15.0,2,40800.0,3602,40800.0,311122,43200.0,3.0,2
2022HU0898973,07508,71,56,20.0,2,0.0,3603,2400.0,311131,43200.0,3.0,2
2022HU0899162,07509,315,26,21.0,1,160000.0,1006,160000.0,151211,160000.0,3.0,1
2022HU0899294,07514,121,38,22.0,1,140000.0,1021,140000.0,151252,260000.0,3.0,2
2022HU0899294,07514,148,31,23.0,2,120000.0,3090,120000.0,291210,260000.0,3.0,2
2022HU0899316,07511,62,59,21.0,1,0.0,1410,0.0,172070,76000.0,2.0,4
2022HU0899316,07511,66,50,1.0,2,50000.0,8800,50000.0,519111,76000.0,2.0,4
2022HU0899316,07511,67,31,22.0,2,20000.0,1720,20000.0,192030,76000.0,2.0,4
2022HU0899316,07511,93,94,1.0,1,0.0,,6000.0,,76000.0,2.0,4
2022HU0899413,07514,44,34,22.0,1,209000.0,1021,215000.0,151252,343180.0,3.0,2
2022HU0899413,07514,49,32,23.0,2,128000.0,3160,128180.0,291123,343180.0,3.0,2
2022HU0899445,07508,70,30,22.0,2,93000.0,1530,93300.0,1721YY,93300.0,3.0,1
2022HU0900508,07511,71,46,21.0,1,0.0,5240,11700.0,434051,11700.0,2.0,1
2022HU0900666,07511,65,51,22.0,2,30000.0,4760,36000.0,412031,36000.0,3.0,1
2022HU0901068,07510,61,43,22.0,1,255000.0,1021,257000.0,151252,397000.0,3.0,2
2022HU0901068,07510,61,51,22.0,2,140000.0,1007,140000.0,151212,397000.0,3.0,2
2022HU0901577,07511,49,66,21.0,2,0.0,,36000.0,,475500.0,1.0,2
2022HU0901577,07511,47,67,21.0,1,0.0,,439500.0,,475500.0,1.0,2
2022HU0901907,07514,157,71,21.0,2,0.0,3255,77000.0,291141,85400.0,3.0,2
2022HU0901907,07514,163,94,16.0,2,0.0,,8400.0,,85400.0,3.0,2
2022HU0902024,07514,49,69,22.0,1,325000.0,0440,429000.0,1191XX,429000.0,3.0,1
2022HU0902320,07512,95,32,21.0,1,687000.0,0020,687000.0,111021,687000.0,3.0,3
2022HU0902320,07512,102,29,21.0,2,0.0,0735,0.0,131161,687000.0,3.0,3
2022HU0902320,07512,98,1,,1,,,,,687000.0,3.0,3
2022HU0902471,07509,121,33,21.0,1,0.0,2145,6000.0,232011,6000.0,3.0,1
2022HU0902686,07507,140,38,20.0,2,86000.0,3430,86000.0,29205X,99000.0,1.0,4
2022HU0902686,07507,146,45,19.0,1,13000.0,4220,13000.0,37201X,99000.0,1.0,4
2022HU0902686,07507,105,12,10.0,1,,,,,99000.0,1.0,4
2022HU0902686,07507,104,8,5.0,1,,,,,99000.0,1.0,4
2022HU0902731,07510,96,29,21.0,1,200000.0,1021,200000.0,151252,200000.0,3.0,1
2022HU0902732,07513,58,41,22.0,1,174000.0,1021,191500.0,151252,191500.0,3.0,1
2022HU0902961,07514,74,32,22.0,1,180000.0,0800,330000.0,132011,330000.0,3.0,1
2022HU0903432,07512,293,24,21.0,2,23000.0,0440,23000.0,1191XX,51000.0,3.0,2
2022HU0903432,07512,132,22,16.0,2,28000.0,4720,28000.0,412010,51000.0,3.0,2
2022HU0903669,07510,90,31,22.0,1,320000.0,1530,320000.0,1721YY,417000.0,3.0,2
2022HU0903669,07510,85,30,24.0,2,97000.0,1760,97000.0,192099,417000.0,3.0,2
2022HU0903703,07507,45,70,16.0,2,85000.0,4920,119800.0,419020,199100.0,1.0,2
2022HU0903703,07507,52,75,16.0,1,6000.0,4220,79300.0,37201X,199100.0,1.0,2
2022HU0904711,07511,58,33,22.0,1,148000.0,1240,148000.0,1520XX,310000.0,3.0,3
2022HU0904711,07511,55,33,23.0,2,162000.0,2100,162000.0,2310XX,310000.0,3.0,3
2022HU0904711,07511,45,1,,1,,,,,310000.0,3.0,3
2022HU0904775,07514,131,39,21.0,2,687000.0,2100,688000.0,2310XX,688000.0,3.0,1
2022HU0905603,07510,435,38,22.0,2,333000.0,3258,333120.0,2911XX,333120.0,3.0,1
2022HU0905835,07510,88,40,22.0,1,350000.0,0440,350000.0,1191XX,350000.0,1.0,1
2022HU0905966,07508,95,62,20.0,1,0.0,,13000.0,,411600.0,1.0,7
2022HU0905966,07508,122,51,21.0,2,96000.0,0800,99500.0,132011,411600.0,1.0,7
2022HU0905966,07508,70,22,16.0,1,0.0,5850,13000.0,439051,411600.0,1.0,7
2022HU0905966,07508,68,16,13.0,2,0.0,,0.0,,411600.0,1.0,7
2022HU0905966,07508,82,35,21.0,1,50000.0,7720,66100.0,512020,411600.0,1.0,7
2022HU0905966,07508,70,35,21.0,2,220000.0,2205,220000.0,251000,411600.0,1.0,7
2022HU0905966,07508,69,6,4.0,1,,,,,411600.0,1.0,7
2022HU0906072,07513,124,28,16.0,2,9000.0,4055,17000.0,353023,247500.0,3.0,3
2022HU0906072,07513,119,27,21.0,2,92000.0,1305,100500.0,171011,247500.0,3.0,3
2022HU0906072,07513,118,27,23.0,2,130000.0,1240,130000.0,1520XX,247500.0,3.0,3
2022HU0906472,07514,60,42,22.0,2,45000.0,1840,48500.0,193051,48500.0,3.0,1
2022HU0906739,07509,92,67,16.0,1,0.0,,12800.0,,12800.0,3.0,1
2022HU0906761,07511,100,44,22.0,1,225000.0,0110,225000.0,113021,225000.0,3.0,1
2022HU0907364,07512,58,65,16.0,1,85000.0,4040,85000.0,353011,85000.0,2.0,2
2022HU0907364,07512,94,60,22.0,2,0.0,0540,0.0,131030,85000.0,2.0,2
2022HU0907590,07510,77,30,22.0,1,180000.0,0020,180200.0,111021,180200.0,3.0,1
2022HU0908186,07513,85,31,21.0,2,44000.0,5240,44000.0,434051,44000.0,3.0,1
2022HU0908517,07510,89,44,22.0,1,10000.0,1021,10000.0,151252,20000.0,3.0,3
2022HU0908517,07510,89,31,22.0,2,5000.0,1910,5000.0,194021,20000.0,3.0,3
2022HU0908517,07510,82,26,22.0,2,5000.0,2205,5000.0,251000,20000.0,3.0,3
2022HU0909125,07514,62,38,22.0,1,30000.0,0010,455000.0,1110XX,455000.0,1.0,1
2022HU0909248,07512,120,28,22.0,1,45000.0,2205,49000.0,251000,82000.0,3.0,2
2022HU0909248,07512,77,29,22.0,2,33000.0,2205,33000.0,251000,82000.0,3.0,2
2022HU0909619,07510,40,37,21.0,2,200000.0,3255,200000.0,291141,200000.0,1.0,2
2022HU0909619,07510,38,35,23.0,1,0.0,2710,0.0,272012,200000.0,1.0,2
2022HU0910037,07513,68,66,20.0,2,13000.0,3602,27000.0,311122,117200.0,1.0,4
2022HU0910037,07513,66,33,21.0,2,70000.0,0845,70000.0,132051,117200.0,1.0,4
2022HU0910037,07513,85,31,15.0,1,0.0,4030,12500.0,352021,117200.0,1.0,4
2022HU0910037,07513,68,67,1.0,1,0.0,,7700.0,,117200.0,1.0,4
2022HU0910121,07508,49,56,22.0,1,300000.0,4840,300000.0,413091,480000.0,1.0,4
2022HU0910121,07508,52,55,21.0,2,100000.0,3255,100000.0,291141,480000.0,1.0,4
2022HU0910121,07508,59,25,21.0,1,0.0,,0.0,,480000.0,1.0,4
2022HU0910121,07508,54,22,21.0,1,80000.0,1108,80000.0,151299,480000.0,1.0,4
2022HU0910455,07508,234,77,21.0,1,0.0,5740,37000.0,436014,37000.0,3.0,1
2022HU0911134,07511,54,70,19.0,1,0.0,,82500.0,,130300.0,1.0,2
2022HU0911134,07511,54,67,21.0,2,0.0,0136,47800.0,113121,130300.0,1.0,2
2022HU0911165,07508,41,46,21.0,1,687000.0,4820,687000.0,413031,1499050.0,1.0,6
2022HU0911165,07508,36,45,22.0,2,687000.0,0440,687000.0,1191XX,1499050.0,1.0,6
2022HU0911165,07508,37,13,10.0,2,,,,,1499050.0,1.0,6
2022HU0911165,07508,37,10,8.0,1,,,,,1499050.0,1.0,6
2022HU0911165,07508,35,7,3.0,1,,,,,1499050.0,1.0,6
2022HU0911165,07508,36,25,20.0,2,125000.0,1108,125050.0,151299,1499050.0,1.0,6
2022HU0911357,07514,109,68,22.0,1,0.0,4920,76600.0,419020,76600.0,2.0,1
2022HU0911401,07514,51,34,21.0,2,135000.0,0020,135000.0,111021,295000.0,3.0,2
2022HU0911401,07514,50,40,21.0,1,160000.0,0750,160000.0,131199,295000.0,3.0,2
2022HU0911812,07508,63,60,21.0,2,0.0,,4000.0,,46000.0,2.0,2
2022HU0911812,07508,52,64,22.0,1,42000.0,6330,42000.0,472080,46000.0,2.0,2
2022HU0911967,07510,100,30,21.0,1,250000.0,0750,675000.0,131199,895000.0,1.0,2
2022HU0911967,07510,69,29,21.0,2,220000.0,0440,220000.0,1191XX,895000.0,1.0,2
2022HU0912202,07511,95,67,22.0,1,130000.0,1006,140000.0,151211,220000.0,1.0,2
2022HU0912202,07511,111,76,24.0,1,0.0,2205,80000.0,251000,220000.0,1.0,2
2022HU0912643,07509,142,46,21.0,1,80000.0,2634,80000.0,271024,160000.0,3.0,2
2022HU0912643,07509,178,41,21.0,2,80000.0,1032,80000.0,151255,160000.0,3.0,2
2022HU0912986,07510,89,32,23.0,2,77000.0,3090,77020.0,291210,257020.0,3.0,2
2022HU0912986,07510,117,33,21.0,1,180000.0,0051,180000.0,112021,257020.0,3.0,2
2022HU0913236,07509,70,50,21.0,1,687000.0,0850,707000.0,132052,822000.0,2.0,2
2022HU0913236,07509,58,51,21.0,2,115000.0,0020,115000.0,111021,822000.0,2.0,2
2022HU0913608,07512,76,43,21.0,1,100000.0,2634,100000.0,271024,100000.0,3.0,1
2022HU0913662,07511,97,65,13.0,2,40000.0,4720,40000.0,412010,40000.0,3.0,1
2022HU0913987,07513,218,72,16.0,1,0.0,,21700.0,,31000.0,2.0,2
2022HU0913987,07513,215,71,15.0,2,0.0,,9300.0,,31000.0,2.0,2
2022HU0914545,07514,61,70,24.0,1,12500.0,2205,127000.0,251000,210700.0,1.0,2
2022HU0914545,07514,64,74,22.0,2,0.0,1240,83700.0,1520XX,210700.0,1.0,2
2022HU0915172,07513,149,22,19.0,1,0.0,,-2700.0,,-5400.0,4.0,3
2022HU0915172,07513,51,22,18.0,2,0.0,,0.0,,-5400.0,4.0,3
2022HU0915172,07513,49,22,16.0,2,0.0,,-2700.0,,-5400.0,4.0,3
2022HU0915385,07514,46,79,16.0,1,0.0,,1400.0,,1400.0,3.0,1
2022HU0915557,07514,117,53,21.0,1,33300.0,3620,42300.0,312020,42300.0,3.0,1
2022HU0915972,07511,138,72,21.0,2,0.0,,64500.0,,64500.0,2.0,1
2022HU0916222,07510,86,37,21.0,1,130000.0,0705,161000.0,131082,311000.0,1.0,2
2022HU0916222,07510,86,32,22.0,2,150000.0,3230,150000.0,291127,311000.0,1.0,2
2022HU0916338,07514,78,28,22.0,2,687000.0,0440,687000.0,1191XX,687000.0,3.0,1
2022HU0916635,07512,65,65,21.0,2,0.0,5860,60000.0,439061,60000.0,1.0,1
2022HU0917335,07512,58,82,12.0,2,0.0,,23300.0,,23300.0,2.0,1
2022HU0917586,07511,65,53,21.0,1,195000.0,1021,195500.0,151252,399500.0,1.0,3
2022HU0917586,07511,60,56,19.0,2,184000.0,0440,204000.0,1191XX,399500.0,1.0,3
2022HU0917586,07511,42,14,10.0,1,,,,,399500.0,1.0,3
2022HU0918301,07507,201,51,16.0,2,9000.0,4230,9000.0,372012,16000.0,3.0,2
2022HU0918301,07507,98,20,19.0,1,7000.0,4055,7000.0,353023,16000.0,3.0,2
2022HU0918355,07510,71,32,22.0,1,68000.0,2320,68000.0,252030,74000.0,3.0,2
2022HU0918355,07510,31,68,22.0,2,0.0,2205,6000.0,251000,74000.0,3.0,2
2022HU0919104,07507,51,21,21.0,2,0.0,2555,0.0,2590XX,0.0,3.0,2
2022HU0919104,07507,44,23,21.0,1,0.0,4020,0.0,352010,0.0,3.0,2
2022HU0919848,07512,81,60,16.0,1,50000.0,8350,50000.0,516050,50000.0,3.0,2
2022HU0919848,07512,62,31,14.0,1,0.0,,0.0,,50000.0,3.0,2
2022HU0919876,07511,259,42,21.0,2,104000.0,2400,104000.0,254010,104000.0,3.0,1
2022HU0920014,07508,263,51,21.0,2,140000.0,0440,140000.0,1191XX,140000.0,1.0,1
2022HU0920614,07514,38,33,24.0,1,270000.0,1021,270000.0,151252,273000.0,3.0,2
2022HU0920614,07514,45,33,22.0,2,0.0,2600,3000.0,271010,273000.0,3.0,2
2022HU0920741,07511,277,48,20.0,1,102000.0,2634,102000.0,271024,162000.0,3.0,2
2022HU0920741,07511,234,44,20.0,2,60000.0,2632,60000.0,271022,162000.0,3.0,2
2022HU0921033,07509,148,54,15.0,2,0.0,4510,28000.0,395012,50800.0,3.0,2
2022HU0921033,07509,115,19,19.0,1,22800.0,4055,22800.0,353023,50800.0,3.0,2
2022HU0921052,07508,100,25,21.0,1,120000.0,4840,120000.0,413091,205000.0,3.0,2
2022HU0921052,07508,86,27,21.0,2,85000.0,0520,85000.0,131022,205000.0,3.0,2
2022HU0921357,07508,60,71,22.0,2,0.0,,4700.0,,10100.0,2.0,2
2022HU0921357,07508,71,70,21.0,1,0.0,1360,5400.0,172051,10100.0,2.0,2
2022HU0921458,07514,56,33,21.0,1,200000.0,0440,200000.0,1191XX,375000.0,3.0,2
2022HU0921458,07514,75,36,21.0,2,175000.0,0440,175000.0,1191XX,375000.0,3.0,2
2022HU0921602,07508,56,48,23.0,2,400000.0,2100,400000.0,2310XX,675000.0,1.0,3
2022HU0921602,07508,74,54,21.0,1,275000.0,0010,275000.0,1110XX,675000.0,1.0,3
2022HU0921602,07508,57,2,,1,,,,,675000.0,1.0,3
2022HU0922309,07507,149,45,16.0,2,4800.0,4621,4800.0,399031,4800.0,3.0,2
2022HU0922309,07507,217,11,9.0,2,,,,,4800.0,3.0,2
2022HU0923488,07508,36,61,21.0,2,28000.0,5300,36000.0,434081,36000.0,2.0,3
2022HU0923488,07508,38,21,16.0,2,0.0,4760,0.0,412031,36000.0,2.0,3
2022HU0923488,07508,25,19,16.0,2,0.0,5400,0.0,434171,36000.0,2.0,3
2022HU0923905,07513,88,32,22.0,1,100000.0,1530,100000.0,1721YY,100000.0,3.0,4
2022HU0923905,07513,90,32,19.0,2,0.0,3424,0.0,292056,100000.0,3.0,4
2022HU0923905,07513,109,2,,2,,,,,100000.0,3.0,4
2022HU0923905,07513,115,0,,1,,,,,100000.0,3.0,4
2022HU0923957,07514,130,35,20.0,1,16400.0,2310,16400.0,252020,16400.0,3.0,1
2022HU0924128,07510,102,58,14.0,2,0.0,,7200.0,,7200.0,3.0,1
2022HU0924275,07508,88,89,19.0,1,0.0,2360,13000.0,2530XX,37900.0,1.0,2
2022HU0924275,07508,77,85,23.0,2,0.0,,24900.0,,37900.0,1.0,2
2022HU0924327,07512,40,24,21.0,2,60000.0,2006,60000.0,211019,234000.0,3.0,3
2022HU0924327,07512,81,25,21.0,1,150000.0,4840,150000.0,413091,234000.0,3.0,3
2022HU0924327,07512,62,23,21.0,1,24000.0,2205,24000.0,251000,234000.0,3.0,3
2022HU0924437,07512,106,89,21.0,2,0.0,,44100.0,,49500.0,2.0,2
2022HU0924437,07512,120,58,21.0,1,5400.0,7720,5400.0,512020,49500.0,2.0,2
2022HU0924633,07512,50,46,22.0,2,120000.0,3255,140000.0,291141,221000.0,1.0,4
2022HU0924633,07512,55,50,21.0,1,70000.0,2320,70000.0,252030,221000.0,1.0,4
2022HU0924633,07512,38,21,21.0,2,11000.0,2360,11000.0,2530XX,221000.0,1.0,4
2022HU0924633,07512,111,14,12.0,1,,,,,221000.0,1.0,4
2022HU0924655,07510,522,41,21.0,1,100000.0,0500,120000.0,131011,120000.0,1.0,1
2022HU0925415,07514,86,46,23.0,2,0.0,2100,112000.0,2310XX,799000.0,2.0,4
2022HU0925415,07514,140,46,21.0,1,687000.0,0440,687000.0,1191XX,799000.0,2.0,4
2022HU0925415,07514,123,13,11.0,2,,,,,799000.0,2.0,4
2022HU0925415,07514,125,13,11.0,2,,,,,799000.0,2.0,4
2022HU0926390,07510,68,85,8.0,2,3000.0,3602,3000.0,311122,3000.0,3.0,1
2022HU0926503,07512,53,44,22.0,2,162000.0,2640,162000.0,27102X,178000.0,3.0,3
2022HU0926503,07512,55,44,19.0,1,0.0,,16000.0,,178000.0,3.0,3
2022HU0926503,07512,54,1,,1,,,,,178000.0,3.0,3
2022HU0927031,07511,74,36,22.0,2,190000.0,1240,615000.0,1520XX,650000.0,3.0,2
2022HU0927031,07511,54,29,21.0,2,35000.0,2700,35000.0,272011,650000.0,3.0,2
2022HU0927829,07510,86,36,22.0,2,54000.0,2400,54000.0,254010,138000.0,3.0,2
2022HU0927829,07510,93,36,21.0,1,84000.0,2710,84000.0,272012,138000.0,3.0,2
2022HU0927939,07512,77,63,21.0,1,120000.0,1305,140000.0,171011,207000.0,1.0,3
2022HU0927939,07512,56,72,19.0,2,0.0,,20000.0,,207000.0,1.0,3
2022HU0927939,07512,41,23,19.0,2,35000.0,4020,47000.0,352010,207000.0,1.0,3
2022HU0928991,07514,72,34,21.0,1,210000.0,1021,210000.0,151252,217900.0,1.0,2
2022HU0928991,07514,49,29,21.0,2,7500.0,1760,7900.0,192099,217900.0,1.0,2
2022HU0929250,07510,54,28,21.0,1,70000.0,1760,70000.0,192099,140000.0,3.0,2
2022HU0929250,07510,50,30,24.0,2,70000.0,1825,70000.0,19303X,140000.0,3.0,2
2022HU0929527,07508,35,50,20.0,2,0.0,2545,0.0,259040,0.0,2.0,1
2022HU0930649,07510,105,72,22.0,1,0.0,,106400.0,,123200.0,2.0,2
2022HU0930649,07510,100,72,19.0,2,0.0,,16800.0,,123200.0,2.0,2
2022HU0930923,07509,67,24,21.0,1,70000.0,1007,70000.0,151212,70000.0,3.0,1
2022HU0931150,07509,61,63,23.0,2,126000.0,3323,126000.0,292034,126000.0,3.0,1
2022HU0931286,07510,125,53,21.0,1,220000.0,0010,226000.0,1110XX,226000.0,3.0,1
2022HU0931437,07508,124,22,21.0,2,28000.0,2145,28000.0,232011,28000.0,3.0,1
2022HU0932338,07514,71,29,21.0,2,210000.0,1021,210000.0,151252,424000.0,3.0,2
2022HU0932338,07514,71,32,21.0,1,214000.0,1021,214000.0,151252,424000.0,3.0,2
2022HU0932545,07514,64,48,21.0,1,687000.0,0120,687000.0,113031,752000.0,1.0,4
2022HU0932545,07514,42,50,21.0,2,65000.0,4110,65000.0,353031,752000.0,1.0,4
2022HU0932545,07514,53,12,8.0,1,,,,,752000.0,1.0,4
2022HU0932545,07514,53,8,5.0,1,,,,,752000.0,1.0,4
2022HU0932642,07513,51,64,16.0,2,51000.0,5120,76700.0,433031,80800.0,2.0,3
2022HU0932642,07513,57,71,16.0,1,0.0,3602,0.0,311122,80800.0,2.0,3
2022HU0932642,07513,55,65,16.0,2,0.0,4020,4100.0,352010,80800.0,2.0,3
2022HU0933219,07507,313,79,16.0,1,0.0,,7200.0,,96600.0,1.0,6
2022HU0933219,07507,304,77,16.0,2,0.0,,12000.0,,96600.0,1.0,6
2022HU0933219,07507,264,72,9.0,1,0.0,,0.0,,96600.0,1.0,6
2022HU0933219,07507,269,59,16.0,2,25000.0,3602,25000.0,311122,96600.0,1.0,6
2022HU0933219,07507,286,30,16.0,1,34000.0,7810,34000.0,513020,96600.0,1.0,6
2022HU0933219,07507,288,30,16.0,2,18400.0,9645,18400.0,537065,96600.0,1.0,6
2022HU0934787,07508,60,44,23.0,2,0.0,2100,503000.0,2310XX,520500.0,1.0,4
2022HU0934787,07508,58,9,6.0,1,,,,,520500.0,1.0,4
2022HU0934787,07508,59,7,4.0,1,,,,,520500.0,1.0,4
2022HU0934787,07508,41,22,21.0,1,0.0,4600,17500.0,399011,520500.0,1.0,4
2022HU0934788,07510,111,34,21.0,1,687000.0,1021,687000.0,151252,687000.0,3.0,1
2022HU0935202,07511,50,58,21.0,1,0.0,0410,65000.0,119141,140500.0,1.0,2
2022HU0935202,07511,44,53,21.0,2,75000.0,4700,75500.0,411011,140500.0,1.0,2
2022HU0936427,07512,131,57,21.0,1,20000.0,9620,20000.0,537062,80000.0,1.0,3
2022HU0936427,07512,126,55,21.0,2,60000.0,1010,60000.0,151251,80000.0,1.0,3
2022HU0936427,07512,87,80,16.0,2,0.0,,0.0,,80000.0,1.0,3
2022HU0937063,07511,101,58,21.0,2,327000.0,1530,355500.0,1721YY,355500.0,1.0,1
2022HU0937243,07514,84,74,8.0,1,0.0,,10200.0,,20400.0,3.0,2
2022HU0937243,07514,68,72,8.0,2,0.0,,10200.0,,20400.0,3.0,2
2022HU0938029,07508,67,62,21.0,2,72000.0,5240,72000.0,434051,137000.0,2.0,3
2022HU0938029,07508,70,61,20.0,1,62000.0,4000,62000.0,351011,137000.0,2.0,3
2022HU0938029,07508,50,23,19.0,1,3000.0,4720,3000.0,412010,137000.0,2.0,3
2022HU0938385,07514,87,57,21.0,2,0.0,4621,0.0,399031,325000.0,2.0,2
2022HU0938385,07514,88,53,21.0,1,325000.0,0630,325000.0,131070,325000.0,2.0,2
2022HU0938795,07512,94,54,21.0,1,300000.0,2640,300000.0,27102X,300000.0,3.0,1
2022HU0938926,07513,305,47,19.0,2,41000.0,5160,41000.0,433071,106000.0,1.0,6
2022HU0938926,07513,315,51,15.0,1,30000.0,6442,30000.0,472152,106000.0,1.0,6
2022HU0938926,07513,256,14,11.0,1,,,,,106000.0,1.0,6
2022HU0938926,07513,323,45,15.0,1,35000.0,6260,35000.0,472061,106000.0,1.0,6
2022HU0938926,07513,301,44,19.0,2,0.0,,0.0,,106000.0,1.0,6
2022HU0938926,07513,390,19,19.0,2,0.0,,0.0,,106000.0,1.0,6
2022HU0939481,07514,80,45,22.0,1,687000.0,1410,702000.0,172070,892000.0,3.0,2
2022HU0939481,07514,71,48,22.0,1,190000.0,1021,190000.0,151252,892000.0,3.0,2
2022HU0939503,07514,101,89,20.0,1,0.0,,12500.0,,21500.0,3.0,3
2022HU0939503,07514,80,84,16.0,2,0.0,,9000.0,,21500.0,3.0,3
2022HU0939503,07514,88,56,19.0,1,0.0,9141,0.0,533053,21500.0,3.0,3
2022HU0940051,07511,100,55,21.0,1,55000.0,5940,55000.0,439XXX,205000.0,1.0,2
2022HU0940051,07511,77,47,22.0,2,150000.0,1006,150000.0,151211,205000.0,1.0,2
2022HU0940299,07508,546,30,21.0,2,94000.0,0520,94000.0,131022,159000.0,3.0,2
2022HU0940299,07508,450,31,21.0,1,65000.0,3245,65000.0,29112X,159000.0,3.0,2
2022HU0941131,07511,76,73,22.0,1,0.0,,60400.0,,245900.0,1.0,2
2022HU0941131,07511,87,75,22.0,1,0.0,,185500.0,,245900.0,1.0,2
2022HU0941696,07511,79,38,23.0,1,112000.0,1460,112000.0,172141,442000.0,1.0,2
2022HU0941696,07511,63,64,21.0,1,280000.0,0850,330000.0,132052,442000.0,1.0,2
2022HU0941732,07510,47,37,24.0,1,135000.0,0750,135000.0,131199,210000.0,1.0,2
2022HU0941732,07510,49,33,24.0,2,75000.0,1760,75000.0,192099,210000.0,1.0,2
2022HU0941854,07511,63,45,24.0,1,176000.0,2100,176000.0,2310XX,863000.0,3.0,4
2022HU0941854,07511,50,50,24.0,2,687000.0,2100,687000.0,2310XX,863000.0,3.0,4
2022HU0941854,07511,63,11,7.0,2,,,,,863000.0,3.0,4
2022HU0941854,07511,54,11,7.0,1,,,,,863000.0,3.0,4
2022HU0942768,07512,105,73,21.0,2,0.0,5740,79100.0,436014,79100.0,3.0,2
2022HU0942768,07512,127,61,20.0,1,0.0,4840,0.0,413091,79100.0,3.0,2
2022HU0942780,07511,42,53,16.0,2,0.0,0340,20000.0,119081,20000.0,3.0,1
2022HU0942884,07514,93,52,22.0,2,195000.0,0136,195000.0,113121,195000.0,3.0,1
2022HU0943100,07512,102,71,23.0,1,90000.0,3040,124500.0,291041,173500.0,2.0,2
2022HU0943100,07512,91,73,20.0,2,18000.0,3645,49000.0,319092,173500.0,2.0,2
2022HU0943814,07507,61,72,21.0,1,0.0,9130,21700.0,533030,159700.0,2.0,4
2022HU0943814,07507,62,59,21.0,2,56000.0,0800,56000.0,132011,159700.0,2.0,4
2022HU0943814,07507,62,33,19.0,1,65000.0,0630,65000.0,131070,159700.0,2.0,4
2022HU0943814,07507,61,31,19.0,1,17000.0,1460,17000.0,172141,159700.0,2.0,4
2022HU0944671,07509,51,29,21.0,1,250000.0,0120,250000.0,113031,250000.0,3.0,1
2022HU0945440,07507,75,55,23.0,2,68000.0,3640,68000.0,319091,217000.0,1.0,5
2022HU0945440,07507,81,55,20.0,1,99000.0,1530,99000.0,1721YY,217000.0,1.0,5
2022HU0945440,07507,73,30,21.0,2,0.0,9920,0.0,999920,217000.0,1.0,5
2022HU0945440,07507,59,22,19.0,2,15000.0,2350,15000.0,253041,217000.0,1.0,5
2022HU0945440,07507,71,36,16.0,1,35000.0,4020,35000.0,352010,217000.0,1.0,5
2022HU0945504,07512,56,41,21.0,2,70000.0,5000,70000.0,431011,115000.0,3.0,2
2022HU0945504,07512,69,45,16.0,1,0.0,2752,45000.0,272042,115000.0,3.0,2
2022HU0945618,07510,269,66,18.0,2,59000.0,5400,59000.0,434171,105900.0,1.0,3
2022HU0945618,07510,273,94,14.0,2,0.0,,3100.0,,105900.0,1.0,3
2022HU0945618,07510,161,89,14.0,1,0.0,,43800.0,,105900.0,1.0,3
2022HU0945910,07510,116,46,21.0,1,130000.0,0440,130000.0,1191XX,190000.0,3.0,2
2022HU0945910,07510,118,44,21.0,1,60000.0,4700,60000.0,411011,190000.0,3.0,2
2022HU0946105,07512,123,56,21.0,1,169000.0,0440,169000.0,1191XX,169000.0,1.0,2
2022HU0946105,07512,114,35,18.0,1,0.0,,0.0,,169000.0,1.0,2
2022HU0946156,07513,58,83,19.0,1,0.0,,82500.0,,82500.0,1.0,1
2022HU0946324,07509,304,35,21.0,1,85000.0,4965,85000.0,419099,85000.0,3.0,1
2022HU0946478,07513,72,50,21.0,2,0.0,,0.0,,230000.0,3.0,4
2022HU0946478,07513,74,52,24.0,1,130000.0,1760,230000.0,192099,230000.0,3.0,4
2022HU0946478,07513,90,17,14.0,2,0.0,,0.0,,230000.0,3.0,4
2022HU0946478,07513,90,15,12.0,2,0.0,,0.0,,230000.0,3.0,4
2022HU0947149,07510,169,30,19.0,2,5000.0,5740,5000.0,436014,50000.0,4.0,4
2022HU0947149,07510,189,34,18.0,1,45000.0,0205,45000.0,119013,50000.0,4.0,4
2022HU0947149,07510,204,3,2.0,2,,,,,50000.0,4.0,4
2022HU0947149,07510,218,1,,1,,,,,50000.0,4.0,4
2022HU0947416,07511,56,58,21.0,1,687000.0,0120,687000.0,113031,687000.0,1.0,2
2022HU0947416,07511,58,60,21.0,2,0.0,0160,0.0,113071,687000.0,1.0,2
2022HU0948044,07508,39,78,22.0,2,0.0,,228000.0,,228000.0,2.0,1
2022HU0948570,07510,163,80,20.0,1,0.0,,1400.0,,44600.0,3.0,5
2022HU0948570,07510,282,81,16.0,2,0.0,,7200.0,,44600.0,3.0,5
2022HU0948570,07510,246,48,20.0,1,18000.0,4140,18000.0,359021,44600.0,3.0,5
2022HU0948570,07510,133,47,18.0,2,18000.0,3645,18000.0,319092,44600.0,3.0,5
2022HU0948570,07510,172,20,19.0,2,0.0,,0.0,,44600.0,3.0,5
2022HU0948867,07510,118,46,24.0,1,250000.0,0845,250000.0,132051,250000.0,3.0,1
2022HU0949439,07509,170,42,21.0,1,300000.0,0010,297300.0,1110XX,383300.0,3.0,2
2022HU0949439,07509,155,36,21.0,2,86000.0,5040,86000.0,432099,383300.0,3.0,2
2022HU0950013,07512,52,36,22.0,2,0.0,2830,126000.0,273041,446000.0,1.0,3
2022HU0950013,07512,54,44,22.0,1,310000.0,0300,320000.0,119041,446000.0,1.0,3
2022HU0950013,07512,54,0,,1,,,,,446000.0,1.0,3
2022HU0951000,07509,168,25,21.0,1,140000.0,0800,140000.0,132011,492000.0,3.0,4
2022HU0951000,07509,164,26,21.0,1,120000.0,1240,120000.0,1520XX,492000.0,3.0,4
2022HU0951000,07509,170,25,21.0,1,122000.0,0850,122000.0,132052,492000.0,3.0,4
2022HU0951000,07509,164,25,21.0,1,110000.0,1021,110000.0,151252,492000.0,3.0,4
2022HU0951198,07511,71,49,22.0,1,152000.0,1021,152000.0,151252,152000.0,3.0,1
2022HU0951316,07513,61,69,20.0,1,85000.0,1551,164300.0,173023,198100.0,2.0,2
2022HU0951316,07513,61,70,19.0,2,0.0,,33800.0,,198100.0,2.0,2
2022HU0951852,07513,447,42,21.0,1,120000.0,1320,120000.0,172011,191000.0,1.0,5
2022HU0951852,07513,359,49,16.0,2,40000.0,5000,40000.0,431011,191000.0,1.0,5
2022HU0951852,07513,143,21,1.0,1,11000.0,4760,11000.0,412031,191000.0,1.0,5
2022HU0951852,07513,195,19,16.0,2,20000.0,4700,20000.0,411011,191000.0,1.0,5
2022HU0951852,07513,455,73,21.0,2,0.0,,0.0,,191000.0,1.0,5
2022HU0951882,07514,220,32,21.0,2,80000.0,1240,80000.0,1520XX,80000.0,3.0,1
2022HU0951907,07513,46,33,21.0,1,100000.0,3870,100000.0,333050,180000.0,1.0,2
2022HU0951907,07513,46,33,21.0,2,80000.0,0051,80000.0,112021,180000.0,1.0,2
2022HU0952490,07513,44,44,24.0,1,100000.0,2205,100000.0,251000,100000.0,3.0,1
2022HU0952902,07511,62,58,1.0,1,175000.0,2635,198000.0,271025,198000.0,3.0,1
2022HU0953000,07509,269,31,21.0,1,80000.0,4920,80000.0,419020,80000.0,3.0,1
2022HU0953385,07514,106,31,21.0,1,145000.0,1021,146000.0,151252,146000.0,3.0,1
2022HU0953453,07509,83,78,23.0,1,0.0,,450000.0,,504000.0,2.0,2
2022HU0953453,07509,74,74,21.0,2,0.0,,54000.0,,504000.0,2.0,2
2022HU0954113,07510,39,42,22.0,1,50000.0,0010,70000.0,1110XX,70000.0,3.0,1
2022HU0954122,07511,72,38,24.0,1,75000.0,1760,75000.0,192099,135000.0,3.0,3
2022HU0954122,07511,71,36,24.0,2,60000.0,1650,60000.0,1910XX,135000.0,3.0,3
2022HU0954122,07511,84,2,,2,,,,,135000.0,3.0,3
2022HU0954303,07512,100,69,19.0,2,0.0,,9600.0,,26600.0,2.0,2
2022HU0954303,07512,115,74,19.0,1,0.0,,17000.0,,26600.0,2.0,2
2022HU0955130,07508,75,42,21.0,2,6000.0,3602,42000.0,311122,118000.0,3.0,2
2022HU0955130,07508,112,35,21.0,2,76000.0,0440,76000.0,1191XX,118000.0,3.0,2
2022HU0955307,07511,64,56,21.0,1,0.0,2861,50020.0,273091,50020.0,3.0,1
2022HU0955691,07513,357,60,23.0,1,687000.0,3090,1112000.0,291210,1516000.0,1.0,4
2022HU0955691,07513,313,62,23.0,2,247000.0,0230,314000.0,119030,1516000.0,1.0,4
2022HU0955691,07513,348,30,22.0,2,60000.0,2205,70000.0,251000,1516000.0,1.0,4
2022HU0955691,07513,272,27,21.0,1,0.0,1970,20000.0,1940YY,1516000.0,1.0,4
2022HU0955757,07513,83,70,21.0,2,0.0,,110000.0,,110000.0,2.0,1
2022HU0956097,07511,51,61,21.0,1,0.0,4920,100000.0,419020,100000.0,1.0,1
2022HU0956559,07508,84,49,21.0,1,20000.0,9610,20000.0,537061,44000.0,3.0,4
2022HU0956559,07508,67,48,22.0,2,20000.0,0310,20000.0,119051,44000.0,3.0,4
2022HU0956559,07508,45,16,13.0,1,4000.0,4720,4000.0,412010,44000.0,3.0,4
2022HU0956559,07508,66,14,11.0,2,,,,,44000.0,3.0,4
2022HU0957128,07514,226,26,21.0,1,246000.0,1021,246000.0,151252,246000.0,1.0,1
2022HU0957521,07512,78,40,21.0,1,55000.0,0300,55000.0,119041,171000.0,3.0,4
2022HU0957521,07512,91,38,22.0,2,116000.0,2320,116000.0,252030,171000.0,3.0,4
2022HU0957521,07512,179,4,1.0,2,,,,,171000.0,3.0,4
2022HU0957521,07512,91,1,,1,,,,,171000.0,3.0,4
2022HU0957785,07511,54,47,23.0,2,340000.0,2100,340000.0,2310XX,340000.0,1.0,2
2022HU0957785,07511,67,12,9.0,2,,,,,340000.0,1.0,2
2022HU0959107,07513,62,63,19.0,2,60000.0,5120,60000.0,433031,86800.0,1.0,2
2022HU0959107,07513,73,67,16.0,1,2800.0,4540,26800.0,397010,86800.0,1.0,2
2022HU0959383,07510,87,35,16.0,2,15000.0,5540,25000.0,435051,25000.0,4.0,1
2022HU0959467,07511,110,42,22.0,1,400000.0,0020,435000.0,111021,910000.0,1.0,4
2022HU0959467,07511,100,40,22.0,2,50000.0,2002,475000.0,211012,910000.0,1.0,4
2022HU0959467,07511,106,4,1.0,1,,,,,910000.0,1.0,4
2022HU0959467,07511,105,1,,1,,,,,910000.0,1.0,4
2022HU0960096,07514,69,84,19.0,2,0.0,,57900.0,,57900.0,3.0,2
2022HU0960096,07514,80,13,9.0,2,,,,,57900.0,3.0,2
2022HU0960138,07512,193,46,23.0,2,270000.0,3090,278000.0,291210,438000.0,2.0,4
2022HU0960138,07512,214,47,21.0,1,160000.0,1021,160000.0,151252,438000.0,2.0,4
2022HU0960138,07512,205,9,5.0,1,,,,,438000.0,2.0,4
2022HU0960138,07512,206,8,4.0,1,,,,,438000.0,2.0,4
2022HU0960199,07511,78,44,22.0,1,110000.0,2040,111000.0,212011,167900.0,4.0,2
2022HU0960199,07511,102,41,19.0,1,51000.0,1050,56900.0,151230,167900.0,4.0,2
2022HU0960320,07513,107,82,19.0,2,0.0,0120,7600.0,113031,7600.0,2.0,1
2022HU0960737,07511,71,80,21.0,2,0.0,,87400.0,,87400.0,1.0,1
2022HU0960796,07507,169,66,1.0,1,0.0,,41400.0,,45400.0,2.0,3
2022HU0960796,07507,171,60,1.0,2,4000.0,8320,4000.0,516031,45400.0,2.0,3
2022HU0960796,07507,161,25,16.0,2,0.0,,0.0,,45400.0,2.0,3
2022HU0960894,07512,62,49,23.0,2,0.0,2910,45000.0,274021,275700.0,3.0,6
2022HU0960894,07512,78,56,22.0,1,180000.0,1305,230700.0,171011,275700.0,3.0,6
2022HU0960894,07512,62,13,11.0,2,,,,,275700.0,3.0,6
2022HU0960894,07512,65,11,9.0,1,,,,,275700.0,3.0,6
2022HU0960894,07512,63,9,7.0,2,,,,,275700.0,3.0,6
2022HU0960894,07512,61,7,4.0,2,,,,,275700.0,3.0,6
2022HU0961170,07510,104,24,21.0,1,0.0,,2000.0,,2000.0,3.0,1
2022HU0961317,07510,137,30,21.0,1,196000.0,0440,196000.0,1191XX,346000.0,3.0,2
2022HU0961317,07510,109,29,21.0,2,150000.0,2850,150000.0,273043,346000.0,3.0,2
2022HU0962984,07507,95,46,21.0,1,40000.0,6260,40000.0,472061,283800.0,1.0,11
2022HU0962984,07507,91,36,20.0,2,4000.0,5860,4000.0,439061,283800.0,1.0,11
2022HU0962984,07507,82,28,21.0,2,10000.0,3050,10000.0,291051,283800.0,1.0,11
2022HU0962984,07507,84,28,20.0,2,145000.0,2640,145000.0,27102X,283800.0,1.0,11
2022HU0962984,07507,78,16,14.0,2,0.0,,0.0,,283800.0,1.0,11
2022HU0962984,07507,120,11,9.0,2,,,,,283800.0,1.0,11
2022HU0962984,07507,69,10,6.0,1,,,,,283800.0,1.0,11
2022HU0962984,07507,86,2,,1,,,,,283800.0,1.0,11
2022HU0962984,07507,90,55,16.0,1,0.0,,12800.0,,283800.0,1.0,11
2022HU0962984,07507,87,47,1.0,2,24000.0,5120,24000.0,433031,283800.0,1.0,11
2022HU0962984,07507,82,61,16.0,2,48000.0,5860,48000.0,439061,283800.0,1.0,11
2022HU0963981,07509,48,67,22.0,2,76000.0,5860,73300.0,439061,88300.0,1.0,2
2022HU0963981,07509,48,60,19.0,2,15000.0,3602,15000.0,311122,88300.0,1.0,2
2022HU0964008,07513,93,94,16.0,2,0.0,,20250.0,,20250.0,3.0,1
2022HU0964572,07511,138,79,21.0,2,0.0,,63100.0,,63100.0,3.0,1
2022HU0964718,07510,63,83,24.0,2,0.0,,234500.0,,234500.0,1.0,1
2022HU0965636,07511,73,36,21.0,1,120000.0,1021,126900.0,151252,180900.0,3.0,3
2022HU0965636,07511,73,40,22.0,2,54000.0,6200,54000.0,471011,180900.0,3.0,3
2022HU0965636,07511,56,6,1.0,1,,,,,180900.0,3.0,3
2022HU0965897,07508,145,30,15.0,1,0.0,0410,457000.0,119141,457000.0,3.0,1
2022HU0966456,07511,47,55,21.0,1,240000.0,2825,240000.0,273031,290000.0,3.0,2
2022HU0966456,07511,56,35,20.0,1,50000.0,2910,50000.0,274021,290000.0,3.0,2
2022HU0966574,07514,189,24,21.0,1,80000.0,1006,80000.0,151211,350000.0,3.0,3
2022HU0966574,07514,141,26,21.0,1,150000.0,1021,150000.0,151252,350000.0,3.0,3
2022HU0966574,07514,165,24,21.0,1,120000.0,1021,120000.0,151252,350000.0,3.0,3
2022HU0966649,07508,90,30,21.0,2,100000.0,2635,100000.0,271025,100000.0,3.0,1
2022HU0967482,07513,84,67,21.0,1,0.0,9142,36700.0,533054,36700.0,3.0,1
2022HU0967534,07508,62,59,21.0,2,100000.0,0800,187000.0,132011,187000.0,1.0,1
2022HU0967718,07507,140,64,14.0,1,0.0,,0.0,,42300.0,2.0,3
2022HU0967718,07507,128,61,17.0,2,0.0,,42300.0,,42300.0,2.0,3
2022HU0967718,07507,157,36,19.0,2,0.0,3603,0.0,311131,42300.0,2.0,3
2022HU0968028,07508,65,57,20.0,2,65000.0,2016,65000.0,211093,65000.0,3.0,1
2022HU0968077,07513,118,66,23.0,2,687000.0,2100,687300.0,2310XX,699300.0,1.0,2
2022HU0968077,07513,91,62,24.0,1,12000.0,2100,12000.0,2310XX,699300.0,1.0,2
2022HU0968250,07514,162,49,23.0,2,250000.0,2100,250000.0,2310XX,250000.0,3.0,1
2022HU0968303,07512,55,40,21.0,2,120000.0,0410,120000.0,119141,220000.0,1.0,2
2022HU0968303,07512,48,40,22.0,1,100000.0,0710,100000.0,131111,220000.0,1.0,2
2022HU0968687,07509,99,41,21.0,1,150000.0,0300,150000.0,119041,250000.0,3.0,3
2022HU0968687,07509,111,37,21.0,2,100000.0,4700,100000.0,411011,250000.0,3.0,3
2022HU0968687,07509,99,0,,1,,,,,250000.0,3.0,3
2022HU0969404,07509,102,36,19.0,1,55000.0,0440,55000.0,1191XX,55000.0,3.0,1
2022HU0969635,07507,57,59,21.0,2,150000.0,0440,147300.0,1191XX,156300.0,3.0,2
2022HU0969635,07507,51,71,17.0,2,0.0,,9000.0,,156300.0,3.0,2
2022HU0969685,07508,431,55,21.0,1,102000.0,1050,102000.0,151230,277050.0,1.0,2
2022HU0969685,07508,466,69,24.0,2,175000.0,2205,175050.0,251000,277050.0,1.0,2
2022HU0969842,07514,142,37,21.0,2,90000.0,0735,90000.0,131161,90000.0,3.0,1
2022HU0970085,07512,51,31,22.0,2,0.0,2003,80000.0,211013,80000.0,3.0,1
2022HU0971089,07514,86,24,21.0,1,168000.0,1530,168000.0,1721YY,303000.0,3.0,2
2022HU0971089,07514,75,26,21.0,2,135000.0,1530,135000.0,1721YY,303000.0,3.0,2
2022HU0971507,07511,46,51,23.0,2,0.0,1305,52000.0,171011,102000.0,3.0,2
2022HU0971507,07511,50,51,16.0,1,50000.0,5860,50000.0,439061,102000.0,3.0,2
2022HU0972199,07511,59,57,23.0,2,300000.0,2100,750000.0,2310XX,753000.0,2.0,2
2022HU0972199,07511,62,58,23.0,2,0.0,,3000.0,,753000.0,2.0,2
2022HU0972761,07512,103,62,16.0,1,0.0,4220,20000.0,37201X,272400.0,3.0,2
2022HU0972761,07512,95,44,21.0,1,250000.0,1021,252400.0,151252,272400.0,3.0,2
2022HU0972905,07513,55,47,21.0,1,200000.0,1021,200000.0,151252,200000.0,1.0,1
2022HU0973594,07507,129,37,21.0,2,400000.0,1021,400000.0,151252,400000.0,2.0,1
2022HU0974249,07509,138,75,21.0,2,9500.0,5860,48100.0,439061,48100.0,2.0,1
2022HU0974252,07510,62,44,21.0,2,185000.0,0700,190000.0,131081,205000.0,2.0,2
2022HU0974252,07510,45,67,22.0,2,0.0,,15000.0,,205000.0,2.0,2
2022HU0974329,07513,99,45,24.0,1,137000.0,1240,147000.0,1520XX,458000.0,1.0,2
2022HU0974329,07513,119,41,24.0,2,296000.0,0360,311000.0,119121,458000.0,1.0,2
2022HU0975470,07511,75,72,21.0,1,0.0,0140,101200.0,113051,213400.0,2.0,2
2022HU0975470,07511,77,72,22.0,1,0.0,2205,112200.0,251000,213400.0,2.0,2
2022HU0975520,07514,72,34,21.0,2,140000.0,2600,140000.0,271010,140000.0,3.0,1
2022HU0975981,07510,81,64,21.0,1,0.0,1760,0.0,192099,0.0,1.0,1
2022HU0976973,07514,115,58,20.0,1,0.0,4760,35800.0,412031,135800.0,3.0,2
2022HU0976973,07514,103,57,19.0,1,100000.0,9050,100000.0,532031,135800.0,3.0,2
2022HU0977109,07507,151,44,21.0,1,400000.0,5522,400000.0,435032,400000.0,3.0,1
2022HU0978270,07509,61,32,18.0,1,120000.0,3255,120000.0,291141,120000.0,3.0,1
2022HU0978616,07508,42,23,21.0,2,65000.0,1021,65000.0,151252,83000.0,3.0,3
2022HU0978616,07508,40,23,19.0,2,12000.0,2545,12000.0,259040,83000.0,3.0,3
2022HU0978616,07508,41,23,21.0,2,6000.0,2004,6000.0,211014,83000.0,3.0,3
2022HU0979098,07513,103,70,21.0,1,0.0,5740,37000.0,436014,37000.0,3.0,1
2022HU0979197,07510,29,24,20.0,2,0.0,3648,0.0,319096,12000.0,3.0,2
2022HU0979197,07510,50,22,20.0,2,12000.0,4510,12000.0,395012,12000.0,3.0,2
2022HU0979408,07507,65,36,22.0,2,16000.0,3150,36000.0,291122,176000.0,1.0,4
2022HU0979408,07507,73,42,21.0,1,140000.0,3720,140000.0,331021,176000.0,1.0,4
2022HU0979408,07507,64,9,6.0,2,,,,,176000.0,1.0,4
2022HU0979408,07507,65,6,3.0,2,,,,,176000.0,1.0,4
2022HU0979703,07514,139,62,20.0,2,0.0,,14700.0,,294700.0,3.0,5
2022HU0979703,07514,52,80,17.0,2,0.0,,63000.0,,294700.0,3.0,5
2022HU0979703,07514,108,30,16.0,1,217000.0,3422,217000.0,292053,294700.0,3.0,5
2022HU0979703,07514,193,12,6.0,1,,,,,294700.0,3.0,5
2022HU0979703,07514,193,5,1.0,1,,,,,294700.0,3.0,5
2022HU0980088,07513,74,66,23.0,2,0.0,3030,41600.0,291031,222100.0,1.0,2
2022HU0980088,07513,67,67,22.0,1,150000.0,3258,180500.0,2911XX,222100.0,1.0,2
2022HU0980120,07511,60,74,22.0,1,0.0,1010,45000.0,151251,152000.0,1.0,5
2022HU0980120,07511,59,63,22.0,1,0.0,5720,0.0,436012,152000.0,1.0,5
2022HU0980120,07511,59,62,21.0,1,41000.0,2310,41000.0,252020,152000.0,1.0,5
2022HU0980120,07511,56,55,21.0,1,35000.0,2205,35000.0,251000,152000.0,1.0,5
2022HU0980120,07511,68,42,20.0,1,31000.0,1530,31000.0,1721YY,152000.0,1.0,5
2022HU0981493,07513,172,35,20.0,2,40000.0,4850,40000.0,414010,87000.0,3.0,4
2022HU0981493,07513,155,39,16.0,1,25000.0,5240,25000.0,434051,87000.0,3.0,4
2022HU0981493,07513,178,67,15.0,1,17000.0,4720,17000.0,412010,87000.0,3.0,4
2022HU0981493,07513,154,63,15.0,2,5000.0,4521,5000.0,395092,87000.0,3.0,4
2022HU0981625,07513,53,43,23.0,1,185000.0,2100,185000.0,2310XX,270000.0,1.0,3
2022HU0981625,07513,57,41,24.0,2,80000.0,2205,85000.0,251000,270000.0,1.0,3
2022HU0981625,07513,101,2,,2,,,,,270000.0,1.0,3
2022HU0982859,07511,156,55,24.0,2,118000.0,2205,151000.0,251000,399000.0,1.0,2
2022HU0982859,07511,148,57,24.0,1,248000.0,1760,248000.0,192099,399000.0,1.0,2
2022HU0983246,07511,62,51,21.0,2,0.0,4720,0.0,412010,0.0,3.0,1
2022HU0983291,07514,110,71,21.0,2,100000.0,0440,142400.0,1191XX,142400.0,3.0,1
2022HU0983633,07508,104,30,21.0,1,114000.0,1340,114000.0,1720XX,179000.0,3.0,2
2022HU0983633,07508,80,30,21.0,2,65000.0,0120,65000.0,113031,179000.0,3.0,2
2022HU0983815,07507,45,35,21.0,1,50000.0,0020,70000.0,111021,72000.0,1.0,3
2022HU0983815,07507,45,28,16.0,2,0.0,4521,2000.0,395092,72000.0,1.0,3
2022HU0983815,07507,45,0,,1,,,,,72000.0,1.0,3
2022HU0984930,07511,324,26,19.0,1,9900.0,4760,9900.0,412031,9900.0,3.0,1
2022HU0985214,07513,56,65,16.0,2,70000.0,4220,90000.0,37201X,226140.0,2.0,3
2022HU0985214,07513,58,72,16.0,1,60000.0,4220,85140.0,37201X,226140.0,2.0,3
2022HU0985214,07513,66,31,19.0,1,51000.0,5310,51000.0,434111,226140.0,2.0,3
2022HU0985799,07507,101,44,21.0,1,215000.0,2710,275000.0,272012,288600.0,1.0,5
2022HU0985799,07507,78,46,23.0,2,10000.0,2100,10000.0,2310XX,288600.0,1.0,5
2022HU0985799,07507,154,10,7.0,2,,,,,288600.0,1.0,5
2022HU0985799,07507,154,6,4.0,2,,,,,288600.0,1.0,5
2022HU0985799,07507,98,71,19.0,2,0.0,,3600.0,,288600.0,1.0,5
2022HU0986406,07512,48,33,23.0,1,230000.0,2100,230210.0,2310XX,304410.0,1.0,2
2022HU0986406,07512,65,31,23.0,2,74000.0,2100,74200.0,2310XX,304410.0,1.0,2
2022HU0987281,07507,48,69,20.0,1,48000.0,4655,48000.0,399099,88300.0,1.0,3
2022HU0987281,07507,45,65,15.0,2,0.0,4230,10300.0,372012,88300.0,1.0,3
2022HU0987281,07507,47,32,20.0,1,30000.0,1555,30000.0,17302X,88300.0,1.0,3
2022HU0987550,07509,272,42,16.0,1,0.0,,15600.0,,15600.0,3.0,1
2022HU0987918,07508,71,63,23.0,1,0.0,0810,70000.0,132020,141600.0,1.0,4
2022HU0987918,07508,76,67,19.0,2,0.0,4920,55000.0,419020,141600.0,1.0,4
2022HU0987918,07508,63,44,22.0,2,6600.0,2300,6600.0,252010,141600.0,1.0,4
2022HU0987918,07508,62,32,21.0,1,9000.0,0710,10000.0,131111,141600.0,1.0,4
2022HU0988372,07507,85,71,21.0,1,0.0,,86000.0,,103900.0,2.0,3
2022HU0988372,07507,77,68,21.0,2,6000.0,2310,15000.0,252020,103900.0,2.0,3
2022HU0988372,07507,67,63,20.0,1,0.0,9620,2900.0,537062,103900.0,2.0,3
2022HU0988632,07514,117,39,21.0,1,100000.0,0020,100000.0,111021,220000.0,3.0,2
2022HU0988632,07514,137,38,21.0,1,120000.0,0136,120000.0,113121,220000.0,3.0,2
2022HU0989017,07514,90,35,21.0,1,375000.0,0020,375000.0,111021,465050.0,1.0,3
2022HU0989017,07514,100,35,21.0,2,90000.0,1021,90050.0,151252,465050.0,1.0,3
2022HU0989017,07514,134,1,,2,,,,,465050.0,1.0,3
2022HU0989142,07513,29,31,19.0,2,120000.0,5240,120000.0,434051,450000.0,3.0,7
2022HU0989142,07513,44,51,14.0,1,32000.0,7800,32000.0,513011,450000.0,3.0,7
2022HU0989142,07513,29,50,18.0,2,45000.0,4251,45000.0,373011,450000.0,3.0,7
2022HU0989142,07513,38,32,18.0,2,105000.0,4000,105000.0,351011,450000.0,3.0,7
2022HU0989142,07513,49,32,19.0,1,11000.0,9640,11000.0,537064,450000.0,3.0,7
2022HU0989142,07513,27,32,22.0,1,42000.0,1760,42000.0,192099,450000.0,3.0,7
2022HU0989142,07513,30,29,21.0,2,95000.0,0051,95000.0,112021,450000.0,3.0,7
2022HU0989272,07511,60,57,21.0,2,80000.0,2300,80000.0,252010,80000.0,3.0,1
2022HU0989318,07508,339,34,21.0,2,86000.0,2320,86000.0,252030,206000.0,3.0,2
2022HU0989318,07508,234,28,22.0,2,120000.0,0060,120000.0,112030,206000.0,3.0,2
2022HU0989657,07511,82,88,21.0,2,0.0,,19500.0,,19500.0,1.0,1
2022HU0990143,07511,41,27,21.0,2,43400.0,2850,56300.0,273043,56300.0,3.0,1
2022HU0990231,07514,56,30,22.0,1,130000.0,0020,130000.0,111021,130000.0,3.0,1
2022HU0990668,07511,64,60,22.0,2,0.0,1021,6000.0,151252,6000.0,1.0,1
2022HU0990862,07514,48,48,24.0,2,130000.0,1825,130000.0,19303X,130000.0,3.0,1
2022HU0990990,07513,67,18,18.0,1,10000.0,9645,10000.0,537065,32100.0,3.0,3
2022HU0990990,07513,63,19,19.0,1,20000.0,5522,20000.0,435032,32100.0,3.0,3
2022HU0990990,07513,63,18,19.0,1,2100.0,3930,2100.0,339030,32100.0,3.0,3
2022HU0991107,07511,53,30,22.0,1,160000.0,1430,160000.0,172110,325000.0,3.0,2
2022HU0991107,07511,52,30,21.0,2,165000.0,0440,165000.0,1191XX,325000.0,3.0,2
2022HU0991436,07509,65,35,21.0,2,155000.0,0020,155000.0,111021,155000.0,3.0,1
2022HU0991695,07514,48,22,21.0,2,32400.0,0410,32400.0,119141,32400.0,3.0,1
2022HU0991861,07512,177,37,21.0,1,75000.0,1360,80000.0,172051,165000.0,2.0,4
2022HU0991861,07512,205,37,20.0,2,85000.0,0440,85000.0,1191XX,165000.0,2.0,4
2022HU0991861,07512,195,11,9.0,1,,,,,165000.0,2.0,4
2022HU0991861,07512,243,10,8.0,2,,,,,165000.0,2.0,4
2022HU0992241,07508,67,69,21.0,1,0.0,0800,78000.0,132011,78000.0,4.0,1
2022HU0992393,07510,58,26,21.0,2,78000.0,0710,80200.0,131111,80200.0,3.0,1
2022HU0993696,07513,182,35,21.0,1,200000.0,1021,200000.0,151252,200000.0,1.0,1
2022HU0994510,07510,62,39,21.0,1,250000.0,1021,250000.0,151252,250000.0,3.0,1
2022HU0994680,07507,52,33,22.0,2,60000.0,2310,60000.0,252020,260000.0,1.0,2
2022HU0994680,07507,61,37,23.0,1,200000.0,2100,200000.0,2310XX,260000.0,1.0,2
2022HU0994914,07513,118,47,21.0,2,120000.0,0410,120000.0,119141,140000.0,1.0,4
2022HU0994914,07513,132,49,16.0,1,20000.0,6230,20000.0,472031,140000.0,1.0,4
2022HU0994914,07513,107,15,13.0,1,0.0,,0.0,,140000.0,1.0,4
2022HU0994914,07513,98,12,11.0,1,,,,,140000.0,1.0,4
2022HU0995704,07513,196,59,19.0,1,0.0,6355,0.0,472111,0.0,1.0,1
2022HU0995747,07511,51,31,21.0,2,75000.0,4000,75000.0,351011,115000.0,3.0,2
2022HU0995747,07511,53,28,18.0,2,0.0,0051,40000.0,112021,115000.0,3.0,2
2022HU0996039,07509,65,29,21.0,2,85000.0,0040,85000.0,112011,175000.0,1.0,2
2022HU0996039,07509,62,29,21.0,2,90000.0,5000,90000.0,431011,175000.0,1.0,2
2022HU0997408,07507,61,69,22.0,2,0.0,,136000.0,,210000.0,1.0,3
2022HU0997408,07507,88,55,18.0,1,46000.0,9130,46000.0,533030,210000.0,1.0,3
2022HU0997408,07507,57,70,16.0,2,0.0,5740,28000.0,436014,210000.0,1.0,3
2022HU0997915,07512,194,70,18.0,2,0.0,,7800.0,,69250.0,2.0,2
2022HU0997915,07512,187,33,21.0,2,61000.0,5500,61450.0,435011,69250.0,2.0,2
2022HU0997927,07512,53,73,21.0,2,25000.0,4920,41900.0,419020,61800.0,1.0,2
2022HU0997927,07512,46,76,21.0,1,2300.0,5240,19900.0,434051,61800.0,1.0,2
2022HU0998561,07511,52,58,21.0,1,71000.0,0010,71000.0,1110XX,71000.0,1.0,1
2022HU0999234,07509,77,70,20.0,1,0.0,,72000.0,,72000.0,3.0,1
2022HU0999242,07510,35,54,22.0,1,200000.0,1410,260000.0,172070,265000.0,2.0,2
2022HU0999242,07510,55,17,14.0,1,5000.0,4150,5000.0,359031,265000.0,2.0,2
2022HU0999543,07511,59,41,21.0,1,175000.0,1610,600000.0,191020,612000.0,3.0,3
2022HU0999543,07511,61,37,19.0,2,12000.0,5510,12000.0,435021,612000.0,3.0,3
2022HU0999543,07511,87,0,,1,,,,,612000.0,3.0,3
2022HU0999680,07509,92,81,24.0,1,0.0,,100000.0,,301500.0,2.0,2
2022HU0999680,07509,113,81,19.0,2,0.0,,201500.0,,301500.0,2.0,2
2022HU0999810,07512,215,61,20.0,2,120000.0,3255,120000.0,291141,164800.0,1.0,2
2022HU0999810,07512,195,66,20.0,1,44800.0,5540,44800.0,435051,164800.0,1.0,2
2022HU1000670,07508,69,88,16.0,1,0.0,7420,43800.0,499052,65800.0,2.0,2
2022HU1000670,07508,62,80,16.0,2,10000.0,8300,22000.0,516011,65800.0,2.0,2
2022HU1000941,07508,45,54,21.0,2,100000.0,9620,107000.0,537062,115000.0,3.0,2
2022HU1000941,07508,219,19,16.0,2,8000.0,4622,8000.0,399032,115000.0,3.0,2
2022HU1001149,07507,252,60,20.0,2,0.0,,0.0,,310500.0,1.0,5
2022HU1001149,07507,129,60,16.0,1,66000.0,8140,66000.0,514120,310500.0,1.0,5
2022HU1001149,07507,99,37,21.0,2,100000.0,2320,100000.0,252030,310500.0,1.0,5
2022HU1001149,07507,171,32,23.0,2,120000.0,3140,120000.0,291181,310500.0,1.0,5
2022HU1001149,07507,105,27,20.0,2,24500.0,4700,24500.0,411011,310500.0,1.0,5
2022HU1002556,07513,88,60,20.0,2,18000.0,2861,18000.0,273091,18000.0,3.0,1
2022HU1003002,07513,38,47,21.0,1,94000.0,0340,94000.0,119081,242000.0,2.0,3
2022HU1003002,07513,39,40,21.0,2,148000.0,0725,148000.0,131121,242000.0,2.0,3
2022HU1003002,07513,34,10,7.0,2,,,,,242000.0,2.0,3
2022HU1003349,07511,70,51,23.0,1,2000.0,2205,2000.0,251000,25600.0,2.0,2
2022HU1003349,07511,61,58,16.0,1,0.0,,23600.0,,25600.0,2.0,2
2022HU1003779,07510,149,38,21.0,2,400000.0,1021,400000.0,151252,400000.0,1.0,1
2022HU1005457,07508,86,79,21.0,2,0.0,,50000.0,,87000.0,2.0,3
2022HU1005457,07508,100,63,16.0,1,0.0,4140,12000.0,359021,87000.0,2.0,3
2022HU1005457,07508,123,50,16.0,2,25000.0,4220,25000.0,37201X,87000.0,2.0,3
2022HU1005893,07509,216,26,22.0,2,90000.0,1006,90000.0,151211,90000.0,3.0,1
2022HU1006021,07514,231,29,21.0,2,120000.0,2640,120000.0,27102X,120000.0,3.0,1
2022HU1006272,07509,69,34,21.0,1,90000.0,1430,90000.0,172110,300000.0,3.0,2
2022HU1006272,07509,85,41,22.0,2,200000.0,1021,210000.0,151252,300000.0,3.0,2
2022HU1008306,07510,99,28,21.0,2,250000.0,0140,250000.0,113051,250000.0,2.0,1
2022HU1008943,07507,93,46,15.0,2,50000.0,4521,50000.0,395092,64400.0,2.0,4
2022HU1008943,07507,115,53,15.0,1,14400.0,4020,14400.0,352010,64400.0,2.0,4
2022HU1008943,07507,77,20,16.0,2,0.0,4420,0.0,393031,64400.0,2.0,4
2022HU1008943,07507,127,18,16.0,2,0.0,,0.0,,64400.0,2.0,4
2022HU1009061,07513,65,59,24.0,1,200000.0,0350,200500.0,119111,227900.0,1.0,2
2022HU1009061,07513,75,67,21.0,1,0.0,2752,27400.0,272042,227900.0,1.0,2
2022HU1009833,07508,53,27,21.0,1,100000.0,1006,100000.0,151211,100000.0,4.0,1
2022HU1010291,07508,97,45,23.0,1,300000.0,0010,320000.0,1110XX,320000.0,3.0,1
2022HU1010656,07510,72,88,8.0,2,0.0,,13800.0,,13800.0,3.0,1
2022HU1010997,07508,61,59,19.0,1,16000.0,9150,16000.0,533099,96720.0,3.0,2
2022HU1010997,07508,54,51,21.0,2,80000.0,2640,80720.0,27102X,96720.0,3.0,2
2022HU1011043,07508,66,76,20.0,2,0.0,4720,40000.0,412010,40000.0,3.0,1
2022HU1011073,07511,63,33,21.0,1,104000.0,0040,104100.0,112011,179700.0,3.0,3
2022HU1011073,07511,63,32,21.0,2,72000.0,0051,75600.0,112021,179700.0,3.0,3
2022HU1011073,07511,102,0,,2,,,,,179700.0,3.0,3
2022HU1011711,07511,50,50,21.0,2,80000.0,2810,80000.0,273023,161550.0,1.0,3
2022HU1011711,07511,72,54,21.0,1,80000.0,2320,81200.0,252030,161550.0,1.0,3
2022HU1011711,07511,63,16,13.0,2,350.0,4622,350.0,399032,161550.0,1.0,3
2022HU1011805,07509,172,82,23.0,1,0.0,,12800.0,,12800.0,3.0,1
2022HU1012179,07513,286,71,20.0,1,0.0,,236900.0,,236900.0,3.0,1
2022HU1012567,07512,99,49,21.0,2,173000.0,0630,173000.0,131070,173000.0,1.0,1
2022HU1012645,07512,74,62,1.0,1,10000.0,9130,10000.0,533030,127000.0,3.0,7
2022HU1012645,07512,70,61,1.0,2,0.0,4521,0.0,395092,127000.0,3.0,7
2022HU1012645,07512,46,37,17.0,1,65000.0,1050,65000.0,151230,127000.0,3.0,7
2022HU1012645,07512,53,35,21.0,2,3000.0,2360,18000.0,2530XX,127000.0,3.0,7
2022HU1012645,07512,72,9,7.0,2,,,,,127000.0,3.0,7
2022HU1012645,07512,57,7,4.0,1,,,,,127000.0,3.0,7
2022HU1012645,07512,57,33,19.0,2,28000.0,0440,34000.0,1191XX,127000.0,3.0,7
2022HU1012647,07509,70,30,23.0,2,250000.0,2100,268000.0,2310XX,388000.0,3.0,2
2022HU1012647,07509,102,30,21.0,1,120000.0,5240,120000.0,434051,388000.0,3.0,2
2022HU1013313,07513,187,34,21.0,2,90000.0,2320,90000.0,252030,90000.0,3.0,1
2022HU1013397,07508,68,48,21.0,2,300000.0,0010,300000.0,1110XX,700000.0,1.0,4
2022HU1013397,07508,101,50,21.0,1,400000.0,0800,400000.0,132011,700000.0,1.0,4
2022HU1013397,07508,75,14,11.0,1,,,,,700000.0,1.0,4
2022HU1013397,07508,75,12,9.0,2,,,,,700000.0,1.0,4
2022HU1013965,07512,102,77,15.0,1,0.0,,27400.0,,28360.0,2.0,2
2022HU1013965,07512,113,69,12.0,1,0.0,,960.0,,28360.0,2.0,2
2022HU1014073,07513,65,71,17.0,1,0.0,,91000.0,,230000.0,2.0,2
2022HU1014073,07513,63,54,18.0,2,139000.0,0350,139000.0,119111,230000.0,2.0,2
2022HU1014287,07511,69,30,24.0,1,169000.0,1650,169000.0,1910XX,289000.0,3.0,2
2022HU1014287,07511,77,32,21.0,1,120000.0,1650,120000.0,1910XX,289000.0,3.0,2
2022HU1014539,07513,41,34,21.0,2,100000.0,1760,101000.0,192099,413000.0,4.0,3
2022HU1014539,07513,30,33,21.0,1,160000.0,1050,161000.0,151230,413000.0,4.0,3
2022HU1014539,07513,32,28,21.0,1,150000.0,0051,151000.0,112021,413000.0,4.0,3
2022HU1015445,07508,82,78,21.0,1,0.0,,30000.0,,87000.0,3.0,2
2022HU1015445,07508,73,75,24.0,2,0.0,,57000.0,,87000.0,3.0,2
2022HU1015599,07512,76,51,12.0,2,20000.0,8350,20000.0,516050,23000.0,2.0,4
2022HU1015599,07512,56,22,16.0,1,0.0,4720,0.0,412010,23000.0,2.0,4
2022HU1015599,07512,68,19,16.0,1,3000.0,4055,3000.0,353023,23000.0,2.0,4
2022HU1015599,07512,46,15,13.0,1,0.0,,0.0,,23000.0,2.0,4
2022HU1015668,07510,145,41,21.0,1,140000.0,2752,140000.0,272042,140000.0,3.0,1
2022HU1016327,07510,56,43,16.0,2,0.0,,13800.0,,21200.0,3.0,2
2022HU1016327,07510,60,51,13.0,2,0.0,,7400.0,,21200.0,3.0,2
2022HU1016332,07513,175,21,19.0,1,10000.0,4720,10000.0,412010,10000.0,3.0,3
2022HU1016332,07513,110,22,19.0,1,0.0,,0.0,,10000.0,3.0,3
2022HU1016332,07513,166,20,19.0,1,0.0,,0.0,,10000.0,3.0,3
2022HU1016351,07510,122,54,21.0,1,216000.0,1021,216000.0,151252,216000.0,3.0,1
2022HU1016616,07510,259,31,21.0,1,687000.0,0440,687000.0,1191XX,817000.0,3.0,2
2022HU1016616,07510,236,26,21.0,2,130000.0,0440,130000.0,1191XX,817000.0,3.0,2
2022HU1016637,07507,51,32,21.0,2,65000.0,1021,65000.0,151252,145000.0,3.0,2
2022HU1016637,07507,77,33,21.0,1,80000.0,1032,80000.0,151255,145000.0,3.0,2
2022HU1017438,07512,89,51,21.0,1,100000.0,2320,150000.0,252030,176000.0,3.0,2
2022HU1017438,07512,74,51,19.0,2,26000.0,4640,26000.0,399041,176000.0,3.0,2
2022HU1017570,07511,41,45,16.0,2,175000.0,0440,175000.0,1191XX,175000.0,3.0,1
2022HU1017935,07511,70,39,22.0,2,150000.0,2640,150000.0,27102X,150000.0,1.0,1
2022HU1018052,07514,75,80,23.0,2,0.0,,87100.0,,87100.0,2.0,1
2022HU1018554,07509,133,90,21.0,1,0.0,,14000.0,,14000.0,3.0,1
2022HU1019337,07513,172,40,24.0,2,100000.0,2205,100000.0,251000,250000.0,1.0,3
2022HU1019337,07513,196,37,22.0,1,150000.0,1530,150000.0,1721YY,250000.0,1.0,3
2022HU1019337,07513,159,5,2.0,2,,,,,250000.0,1.0,3
2022HU1019976,07512,68,81,19.0,2,0.0,,0.0,,0.0,2.0,1
2022HU1019996,07508,70,69,23.0,1,170000.0,2100,178000.0,2310XX,203000.0,3.0,3
2022HU1019996,07508,60,68,23.0,2,0.0,,25000.0,,203000.0,3.0,3
2022HU1019996,07508,48,34,19.0,1,0.0,2722,0.0,272022,203000.0,3.0,3
2022HU1020838,07509,48,58,19.0,2,210000.0,0020,669000.0,111021,669000.0,1.0,1
2022HU1021586,07512,91,64,21.0,2,153000.0,2710,153000.0,272012,153000.0,1.0,2
2022HU1021586,07512,102,24,21.0,1,0.0,4055,0.0,353023,153000.0,1.0,2
2022HU1021999,07507,146,50,16.0,1,43000.0,6260,43000.0,472061,113000.0,3.0,4
2022HU1021999,07507,161,52,17.0,2,15000.0,0150,15000.0,113061,113000.0,3.0,4
2022HU1021999,07507,103,28,19.0,1,10000.0,4110,10000.0,353031,113000.0,3.0,4
2022HU1021999,07507,77,21,16.0,1,45000.0,7260,45000.0,493090,113000.0,3.0,4
2022HU1022233,07511,48,49,22.0,2,0.0,0710,455200.0,131111,455200.0,1.0,1
2022HU1022242,07507,238,81,15.0,2,0.0,,14400.0,,64400.0,2.0,3
2022HU1022242,07507,140,58,16.0,1,26000.0,9142,26000.0,533054,64400.0,2.0,3
2022HU1022242,07507,191,53,19.0,1,24000.0,6260,24000.0,472061,64400.0,2.0,3
2022HU1022801,07513,58,49,19.0,2,65000.0,5000,67000.0,431011,67000.0,2.0,1
2022HU1023781,07509,60,71,23.0,1,0.0,2205,115300.0,251000,267300.0,1.0,2
2022HU1023781,07509,48,54,21.0,2,152000.0,1305,152000.0,171011,267300.0,1.0,2
2022HU1023903,07509,172,40,22.0,1,40000.0,0800,40000.0,132011,40000.0,3.0,1
2022HU1024626,07512,103,26,22.0,2,80000.0,0630,80000.0,131070,80000.0,3.0,1
2022HU1024985,07507,215,56,19.0,1,60000.0,9130,60000.0,533030,95000.0,3.0,3
2022HU1024985,07507,260,42,19.0,2,0.0,4600,35000.0,399011,95000.0,3.0,3
2022HU1024985,07507,452,9,6.0,2,,,,,95000.0,3.0,3
2022HU1025098,07514,73,31,22.0,1,350000.0,1021,350000.0,151252,410000.0,3.0,2
2022HU1025098,07514,81,32,21.0,2,60000.0,5710,60000.0,436011,410000.0,3.0,2
2022HU1025197,07512,116,86,9.0,2,0.0,,13000.0,,13000.0,2.0,1
2022HU1025754,07510,99,49,22.0,2,58000.0,2330,84200.0,252050,84200.0,1.0,2
2022HU1025754,07510,88,8,4.0,1,,,,,84200.0,1.0,2
2022HU1026113,07513,138,71,19.0,1,0.0,4540,25000.0,397010,81000.0,2.0,3
2022HU1026113,07513,121,63,19.0,2,20000.0,5860,20000.0,439061,81000.0,2.0,3
2022HU1026113,07513,107,27,21.0,1,36000.0,4760,36000.0,412031,81000.0,2.0,3
2022HU1026793,07514,67,35,20.0,2,160000.0,5710,160000.0,436011,160000.0,3.0,1
2022HU1027131,07514,66,35,22.0,2,165000.0,1065,165000.0,15124X,165000.0,3.0,1
2022HU1027265,07514,144,33,22.0,1,107000.0,1021,107000.0,151252,312000.0,3.0,2
2022HU1027265,07514,167,35,22.0,1,165000.0,1021,205000.0,151252,312000.0,3.0,2
2022HU1027357,07510,107,68,21.0,1,200000.0,4810,252800.0,413021,252800.0,3.0,1
2022HU1029838,07513,46,60,21.0,2,110000.0,1050,118000.0,151230,238000.0,1.0,2
2022HU1029838,07513,48,62,21.0,1,120000.0,3725,120000.0,331090,238000.0,1.0,2
2022HU1030002,07513,88,75,20.0,2,96000.0,0150,111300.0,113061,111300.0,1.0,1
2022HU1031430,07511,84,35,21.0,2,150000.0,0750,150000.0,131199,460000.0,3.0,2
2022HU1031430,07511,81,37,22.0,1,300000.0,1021,310000.0,151252,460000.0,3.0,2
2022HU1031496,07511,65,41,22.0,1,120000.0,3255,120000.0,291141,120000.0,3.0,1
2022HU1031620,07514,79,37,22.0,1,180000.0,0010,180000.0,1110XX,330000.0,1.0,3
2022HU1031620,07514,77,36,21.0,2,150000.0,0120,150000.0,113031,330000.0,1.0,3
2022HU1031620,07514,140,1,,1,,,,,330000.0,1.0,3
2022HU1031683,07507,71,85,1.0,2,0.0,,1000.0,,1000.0,2.0,1
2022HU1031899,07514,175,34,22.0,1,100000.0,1021,100000.0,151252,100000.0,3.0,1
2022HU1032244,07510,90,63,22.0,1,150000.0,0440,160000.0,1191XX,260000.0,1.0,2
2022HU1032244,07510,96,52,19.0,2,100000.0,0565,100000.0,131041,260000.0,1.0,2
2022HU1032752,07514,76,38,22.0,1,80000.0,1021,130000.0,151252,130000.0,1.0,1
2022HU1034420,07514,50,34,21.0,2,125000.0,0750,125000.0,131199,215000.0,3.0,2
2022HU1034420,07514,43,34,16.0,1,90000.0,0220,90000.0,119021,215000.0,3.0,2
2022HU1034655,07507,57,41,21.0,1,120000.0,0850,120000.0,132052,120000.0,1.0,1
2022HU1034759,07511,182,29,1.0,1,50000.0,7315,57000.0,499021,57000.0,3.0,1
2022HU1035596,07513,87,33,21.0,1,125000.0,0705,125000.0,131082,277000.0,1.0,3
2022HU1035596,07513,51,28,22.0,2,100000.0,1240,100000.0,1520XX,277000.0,1.0,3
2022HU1035596,07513,82,30,19.0,1,50000.0,0410,52000.0,119141,277000.0,1.0,3
2022HU1036196,07511,57,46,22.0,1,150000.0,4710,150000.0,411012,837000.0,1.0,4
2022HU1036196,07511,62,43,22.0,2,687000.0,0565,687000.0,131041,837000.0,1.0,4
2022HU1036196,07511,49,16,13.0,1,0.0,,0.0,,837000.0,1.0,4
2022HU1036196,07511,57,13,10.0,2,,,,,837000.0,1.0,4
2022HU1037046,07511,71,52,21.0,1,687000.0,0910,687000.0,132070,687000.0,1.0,4
2022HU1037046,07511,74,54,21.0,2,0.0,0705,0.0,131082,687000.0,1.0,4
2022HU1037046,07511,46,15,12.0,1,0.0,,0.0,,687000.0,1.0,4
2022HU1037046,07511,60,8,5.0,2,,,,,687000.0,1.0,4
2022HU1037132,07511,69,78,1.0,1,0.0,,12800.0,,12800.0,3.0,1
2022HU1037593,07513,114,73,22.0,2,0.0,,50000.0,,102400.0,2.0,2
2022HU1037593,07513,120,73,21.0,1,16900.0,2310,52400.0,252020,102400.0,2.0,2
2022HU1038254,07511,257,62,19.0,1,0.0,,12700.0,,12700.0,3.0,1
2022HU1038306,07508,45,52,22.0,2,150000.0,0440,170000.0,1191XX,212000.0,1.0,4
2022HU1038306,07508,56,57,21.0,1,0.0,0440,36000.0,1191XX,212000.0,1.0,4
2022HU1038306,07508,73,18,16.0,1,5000.0,4622,6000.0,399032,212000.0,1.0,4
2022HU1038306,07508,51,13,10.0,2,,,,,212000.0,1.0,4
2022HU1038450,07510,140,47,16.0,2,12800.0,4140,12800.0,359021,12800.0,3.0,2
2022HU1038450,07510,266,48,12.0,1,0.0,,0.0,,12800.0,3.0,2
2022HU1038891,07507,73,71,17.0,1,0.0,,17900.0,,17900.0,3.0,1
2022HU1038965,07513,64,74,19.0,1,0.0,,12000.0,,111900.0,1.0,5
2022HU1038965,07513,54,78,19.0,2,0.0,,20900.0,,111900.0,1.0,5
2022HU1038965,07513,60,72,19.0,2,0.0,,25000.0,,111900.0,1.0,5
2022HU1038965,07513,81,33,13.0,1,18000.0,6410,18000.0,472140,111900.0,1.0,5
2022HU1038965,07513,26,24,13.0,1,36000.0,6260,36000.0,472061,111900.0,1.0,5
2022HU1038976,07514,62,63,22.0,1,200000.0,2640,210000.0,27102X,210000.0,1.0,2
2022HU1038976,07514,65,30,18.0,2,0.0,4600,0.0,399011,210000.0,1.0,2
2022HU1039373,07508,155,29,21.0,2,190000.0,0440,190300.0,1191XX,227800.0,3.0,2
2022HU1039373,07508,151,31,21.0,1,37500.0,1021,37500.0,151252,227800.0,3.0,2
2022HU1039799,07511,109,38,22.0,2,0.0,2360,50000.0,2530XX,50000.0,3.0,1
2022HU1039913,07511,52,49,21.0,2,275000.0,4840,275600.0,413091,395600.0,1.0,2
2022HU1039913,07511,79,53,22.0,1,120000.0,1305,120000.0,171011,395600.0,1.0,2
2022HU1040495,07509,114,42,16.0,1,16000.0,6230,16000.0,472031,16000.0,3.0,3
2022HU1040495,07509,115,11,8.0,1,,,,,16000.0,3.0,3
2022HU1040495,07509,119,4,1.0,1,,,,,16000.0,3.0,3
2022HU1041130,07507,154,37,18.0,1,40000.0,7010,40000.0,492011,72600.0,3.0,7
2022HU1041130,07507,157,36,19.0,2,0.0,,0.0,,72600.0,3.0,7
2022HU1041130,07507,206,10,7.0,2,,,,,72600.0,3.0,7
2022HU1041130,07507,119,5,1.0,1,,,,,72600.0,3.0,7
2022HU1041130,07507,149,0,,1,,,,,72600.0,3.0,7
2022HU1041130,07507,144,28,21.0,2,0.0,9920,0.0,999920,72600.0,3.0,7
2022HU1041130,07507,143,63,18.0,2,32600.0,4760,32600.0,412031,72600.0,3.0,7
2022HU1041497,07510,57,66,21.0,1,0.0,0010,29800.0,1110XX,339800.0,2.0,2
2022HU1041497,07510,62,62,22.0,1,300000.0,1305,310000.0,171011,339800.0,2.0,2
2022HU1042120,07514,34,55,22.0,2,15000.0,3300,45000.0,292010,295000.0,2.0,2
2022HU1042120,07514,37,57,23.0,1,250000.0,3090,250000.0,291210,295000.0,2.0,2
2022HU1042487,07514,134,51,18.0,2,225000.0,0010,240000.0,1110XX,240000.0,3.0,1
2022HU1042575,07509,63,25,21.0,1,300000.0,4820,310000.0,413031,490000.0,3.0,2
2022HU1042575,07509,71,25,21.0,2,180000.0,0710,180000.0,131111,490000.0,3.0,2
2022HU1042668,07510,96,28,21.0,1,150000.0,1021,150000.0,151252,250000.0,3.0,2
2022HU1042668,07510,100,28,24.0,2,100000.0,1240,100000.0,1520XX,250000.0,3.0,2
2022HU1043582,07514,109,82,18.0,1,0.0,,68800.0,,68800.0,3.0,1
2022HU1044151,07514,67,34,21.0,2,240000.0,0120,240000.0,113031,240000.0,3.0,1
2022HU1044502,07509,81,50,18.0,2,0.0,4720,12000.0,412010,12000.0,3.0,1
2022HU1044869,07513,72,39,21.0,2,100000.0,2205,100000.0,251000,180000.0,1.0,3
2022HU1044869,07513,72,45,20.0,1,80000.0,9130,80000.0,533030,180000.0,1.0,3
2022HU1044869,07513,60,1,,1,,,,,180000.0,1.0,3
2022HU1044875,07512,89,55,24.0,1,24000.0,3261,30600.0,291291,30600.0,1.0,4
2022HU1044875,07512,65,47,21.0,2,0.0,,0.0,,30600.0,1.0,4
2022HU1044875,07512,73,19,18.0,1,0.0,,0.0,,30600.0,1.0,4
2022HU1044875,07512,70,14,11.0,1,,,,,30600.0,1.0,4
2022HU1045633,07510,91,24,21.0,1,42200.0,5240,42350.0,434051,42350.0,3.0,1
2022HU1045822,07514,321,31,21.0,2,85000.0,0630,85000.0,131070,85000.0,3.0,1
2022HU1046685,07513,86,52,1.0,2,54000.0,4020,77100.0,352010,77100.0,4.0,1
2022HU1048007,07507,76,34,21.0,1,148000.0,1410,148000.0,172070,269000.0,2.0,3
2022HU1048007,07507,67,65,11.0,1,67000.0,4220,67000.0,37201X,269000.0,2.0,3
2022HU1048007,07507,65,65,11.0,2,54000.0,3602,54000.0,311122,269000.0,2.0,3
2022HU1049061,07509,103,32,21.0,2,145000.0,1005,145000.0,151221,370000.0,3.0,2
2022HU1049061,07509,87,41,22.0,1,225000.0,4840,225000.0,413091,370000.0,3.0,2
2022HU1049329,07514,55,29,21.0,2,69000.0,0735,69000.0,131161,69000.0,3.0,1
2022HU1049383,07507,82,76,1.0,1,0.0,,8600.0,,8600.0,3.0,1
2022HU1050317,07511,93,68,21.0,2,0.0,4621,81200.0,399031,124100.0,1.0,2
2022HU1050317,07511,105,78,21.0,1,0.0,0220,42900.0,119021,124100.0,1.0,2
2022HU1050376,07513,59,64,21.0,1,930.0,0850,40410.0,132052,80820.0,1.0,2
2022HU1050376,07513,60,55,24.0,2,930.0,0850,40410.0,132052,80820.0,1.0,2
2022HU1051315,07512,178,35,24.0,1,142000.0,1021,142220.0,151252,142220.0,3.0,1
2022HU1051739,07510,73,39,24.0,1,200000.0,1650,200000.0,1910XX,200000.0,3.0,1
2022HU1051929,07511,77,59,21.0,2,0.0,4760,32300.0,412031,85800.0,1.0,3
2022HU1051929,07511,67,64,22.0,1,0.0,,44800.0,,85800.0,1.0,3
2022HU1051929,07511,84,17,14.0,2,0.0,,8700.0,,85800.0,1.0,3
2022HU1052301,07509,57,63,16.0,1,12500.0,9142,12500.0,533054,12500.0,3.0,1
2022HU1052452,07511,60,33,24.0,2,80000.0,8740,80000.0,519061,180000.0,3.0,2
2022HU1052452,07511,61,33,22.0,1,100000.0,1305,100000.0,171011,180000.0,3.0,2
2022HU1052718,07508,105,55,15.0,1,35000.0,5240,35410.0,434051,119200.0,1.0,5
2022HU1052718,07508,109,56,6.0,2,790.0,4110,10790.0,353031,119200.0,1.0,5
2022HU1052718,07508,78,23,21.0,1,16000.0,0120,16000.0,113031,119200.0,1.0,5
2022HU1052718,07508,102,57,8.0,1,0.0,,8000.0,,119200.0,1.0,5
2022HU1052718,07508,104,56,21.0,2,49000.0,5400,49000.0,434171,119200.0,1.0,5
2022HU1053016,07513,58,52,22.0,1,96000.0,0420,231000.0,119151,464000.0,1.0,8
2022HU1053016,07513,61,44,22.0,2,60000.0,0650,148000.0,131151,464000.0,1.0,8
2022HU1053016,07513,59,14,10.0,2,,,,,464000.0,1.0,8
2022HU1053016,07513,49,11,7.0,1,,,,,464000.0,1.0,8
2022HU1053016,07513,49,7,3.0,1,,,,,464000.0,1.0,8
2022HU1053016,07513,48,12,9.0,1,,,,,464000.0,1.0,8
2022HU1053016,07513,48,10,7.0,1,,,,,464000.0,1.0,8
2022HU1053016,07513,62,40,22.0,2,85000.0,0420,85000.0,119151,464000.0,1.0,8
2022HU1053372,07512,81,64,9.0,1,0.0,,7450.0,,17520.0,3.0,3
2022HU1053372,07512,77,63,1.0,2,0.0,,570.0,,17520.0,3.0,3
2022HU1053372,07512,60,67,1.0,1,0.0,,9500.0,,17520.0,3.0,3
2022HU1053696,07508,25,70,20.0,2,0.0,,13300.0,,62300.0,3.0,2
2022HU1053696,07508,89,72,21.0,1,25000.0,3602,49000.0,311122,62300.0,3.0,2
2022HU1053798,07508,54,52,22.0,2,300000.0,0440,310000.0,1191XX,370200.0,1.0,3
2022HU1053798,07508,69,48,21.0,1,60000.0,2300,60000.0,252010,370200.0,1.0,3
2022HU1053798,07508,70,15,11.0,2,0.0,,200.0,,370200.0,1.0,3
2022HU1054313,07512,60,67,19.0,2,0.0,2861,474200.0,273091,492500.0,1.0,3
2022HU1054313,07512,66,72,19.0,1,0.0,,11800.0,,492500.0,1.0,3
2022HU1054313,07512,49,43,21.0,1,0.0,5110,6500.0,433021,492500.0,1.0,3
2022HU1054597,07511,78,41,16.0,2,30000.0,5110,30000.0,433021,79490.0,3.0,6
2022HU1054597,07511,80,32,1.0,1,42000.0,9645,42000.0,537065,79490.0,3.0,6
2022HU1054597,07511,30,21,14.0,1,0.0,,7000.0,,79490.0,3.0,6
2022HU1054597,07511,43,18,16.0,2,0.0,,490.0,,79490.0,3.0,6
2022HU1054597,07511,81,7,5.0,2,,,,,79490.0,3.0,6
2022HU1054597,07511,76,1,,2,,,,,79490.0,3.0,6
2022HU1054856,07510,52,65,17.0,2,0.0,,22600.0,,22600.0,3.0,1
2022HU1055195,07509,123,77,13.0,2,0.0,,204800.0,,204800.0,2.0,1
2022HU1055760,07514,64,26,21.0,1,110000.0,0440,110000.0,1191XX,110000.0,3.0,1
2022HU1055839,07509,70,38,24.0,1,65000.0,1760,65510.0,192099,110710.0,1.0,3
2022HU1055839,07509,81,31,21.0,2,45000.0,1970,45200.0,1940YY,110710.0,1.0,3
2022HU1055839,07509,67,1,,1,,,,,110710.0,1.0,3
2022HU1056121,07511,215,26,22.0,1,280000.0,0705,281000.0,131082,317100.0,3.0,2
2022HU1056121,07511,212,27,22.0,1,36100.0,2555,36100.0,2590XX,317100.0,3.0,2
2022HU1056230,07509,88,25,21.0,1,43000.0,0800,43000.0,132011,43000.0,3.0,1
2022HU1056674,07514,54,74,22.0,1,0.0,,134700.0,,275900.0,2.0,2
2022HU1056674,07514,55,72,22.0,2,0.0,0850,141200.0,132052,275900.0,2.0,2
2022HU1057209,07508,79,61,19.0,1,70000.0,9620,70350.0,537062,70350.0,3.0,1
2022HU1058234,07510,73,33,22.0,2,159000.0,0735,159000.0,131161,183000.0,2.0,2
2022HU1058234,07510,141,37,13.0,1,24000.0,4251,24000.0,373011,183000.0,2.0,2
2022HU1058790,07510,327,28,21.0,1,0.0,,35000.0,,35000.0,3.0,1
2022HU1059408,07513,153,27,14.0,1,25000.0,4720,25000.0,412010,25760.0,3.0,2
2022HU1059408,07513,161,20,19.0,2,760.0,4030,760.0,352021,25760.0,3.0,2
2022HU1059561,07510,200,24,21.0,1,135000.0,0710,135000.0,131111,135000.0,3.0,1
2022HU1059685,07509,63,23,22.0,2,17000.0,0735,17000.0,131161,17000.0,3.0,1
2022HU1059957,07510,78,23,21.0,1,17000.0,4840,19400.0,413091,53400.0,3.0,2
2022HU1059957,07510,59,24,19.0,2,34000.0,5860,34000.0,439061,53400.0,3.0,2
2022HU1060499,07514,59,61,21.0,2,81000.0,3960,81000.0,33909X,81000.0,3.0,1
2022HU1060579,07511,131,37,22.0,2,150000.0,1860,150000.0,1930XX,837000.0,1.0,3
2022HU1060579,07511,123,36,22.0,1,687000.0,0110,687000.0,113021,837000.0,1.0,3
2022HU1060579,07511,100,0,,1,,,,,837000.0,1.0,3
2022HU1061392,07509,252,74,16.0,2,0.0,,14400.0,,219700.0,2.0,2
2022HU1061392,07509,162,75,24.0,1,36000.0,2100,205300.0,2310XX,219700.0,2.0,2
2022HU1062101,07514,346,30,21.0,2,85000.0,0735,85000.0,131161,85000.0,3.0,1
2022HU1062305,07508,181,55,22.0,1,96000.0,0440,96000.0,1191XX,96000.0,2.0,2
2022HU1062305,07508,233,50,22.0,2,0.0,,0.0,,96000.0,2.0,2
2022HU1062398,07510,47,30,21.0,2,687000.0,1021,687000.0,151252,687000.0,1.0,1
2022HU1063088,07507,59,46,21.0,1,250000.0,0440,250000.0,1191XX,250000.0,3.0,1
2022HU1063098,07512,64,38,21.0,2,400000.0,0735,400000.0,131161,400000.0,1.0,1
2022HU1063892,07512,105,64,21.0,2,0.0,3255,78000.0,291141,78000.0,3.0,1
2022HU1063901,07510,126,35,21.0,1,170000.0,1021,170000.0,151252,170000.0,3.0,1
2022HU1064189,07508,65,42,21.0,2,100000.0,5000,100000.0,431011,350000.0,3.0,4
2022HU1064189,07508,57,41,21.0,1,250000.0,0630,250000.0,131070,350000.0,3.0,4
2022HU1064189,07508,49,5,2.0,1,,,,,350000.0,3.0,4
2022HU1064189,07508,51,0,,1,,,,,350000.0,3.0,4
2022HU1064284,07512,459,32,21.0,1,100000.0,4040,100000.0,353011,310000.0,2.0,4
2022HU1064284,07512,618,27,21.0,2,75000.0,4010,75000.0,351012,310000.0,2.0,4
2022HU1064284,07512,408,31,19.0,1,60000.0,9130,60000.0,533030,310000.0,2.0,4
2022HU1064284,07512,462,27,21.0,2,75000.0,3258,75000.0,2911XX,310000.0,2.0,4
2022HU1065349,07510,118,28,22.0,1,180000.0,2640,180000.0,27102X,180000.0,3.0,1
2022HU1065701,07509,52,24,21.0,1,120000.0,1650,140000.0,1910XX,270000.0,3.0,2
2022HU1065701,07509,62,23,22.0,1,130000.0,1007,130000.0,151212,270000.0,3.0,2
2022HU1066284,07508,57,64,23.0,2,0.0,,425000.0,,425000.0,2.0,1
2022HU1066326,07510,104,23,21.0,1,220000.0,1021,220000.0,151252,470000.0,3.0,2
2022HU1066326,07510,95,24,21.0,1,250000.0,1021,250000.0,151252,470000.0,3.0,2
2022HU1066654,07509,57,58,16.0,1,20000.0,4030,20000.0,352021,84000.0,3.0,4
2022HU1066654,07509,53,58,21.0,2,30000.0,4220,30000.0,37201X,84000.0,3.0,4
2022HU1066654,07509,71,29,16.0,1,17000.0,4220,17000.0,37201X,84000.0,3.0,4
2022HU1066654,07509,38,24,16.0,1,17000.0,4220,17000.0,37201X,84000.0,3.0,4
2022HU1066985,07508,75,52,22.0,2,170000.0,0726,170000.0,131131,215500.0,1.0,4
2022HU1066985,07508,54,50,22.0,1,45500.0,0440,45500.0,1191XX,215500.0,1.0,4
2022HU1066985,07508,43,15,12.0,2,0.0,,0.0,,215500.0,1.0,4
2022HU1066985,07508,46,14,10.0,1,,,,,215500.0,1.0,4
2022HU1067359,07510,209,40,16.0,1,39300.0,2002,39300.0,211012,80100.0,1.0,2
2022HU1067359,07510,114,85,5.0,1,0.0,,40800.0,,80100.0,1.0,2
2022HU1067368,07509,68,71,20.0,1,0.0,,47300.0,,47300.0,2.0,1
2022HU1067472,07509,95,31,21.0,1,34000.0,1021,34000.0,151252,234000.0,3.0,2
2022HU1067472,07509,62,31,23.0,2,200000.0,2100,200000.0,2310XX,234000.0,3.0,2
2022HU1068602,07509,68,65,19.0,2,180000.0,1555,180000.0,17302X,180000.0,1.0,1
2022HU1068639,07511,54,31,24.0,2,66000.0,1825,66900.0,19303X,256900.0,3.0,2
2022HU1068639,07511,52,30,21.0,1,190000.0,5000,190000.0,431011,256900.0,3.0,2
2022HU1068810,07514,60,75,22.0,2,0.0,1306,80000.0,171012,80000.0,3.0,1
2022HU1069362,07511,218,47,20.0,1,40000.0,5940,40000.0,439XXX,40000.0,3.0,1
2022HU1069761,07511,57,50,22.0,2,0.0,1825,70000.0,19303X,171200.0,3.0,3
2022HU1069761,07511,82,50,22.0,1,100000.0,0440,100000.0,1191XX,171200.0,3.0,3
2022HU1069761,07511,73,17,14.0,2,1200.0,4760,1200.0,412031,171200.0,3.0,3
2022HU1070112,07512,305,66,20.0,1,0.0,,20000.0,,160000.0,1.0,3
2022HU1070112,07512,277,65,20.0,2,0.0,,20000.0,,160000.0,1.0,3
2022HU1070112,07512,300,32,21.0,1,120000.0,0710,120000.0,131111,160000.0,1.0,3
2022HU1070528,07508,82,45,21.0,2,170000.0,0726,170000.0,131131,197400.0,3.0,3
2022HU1070528,07508,102,55,19.0,1,25000.0,4020,27400.0,352010,197400.0,3.0,3
2022HU1070528,07508,55,17,14.0,1,0.0,,0.0,,197400.0,3.0,3
2022HU1071174,07514,56,73,22.0,2,0.0,,115000.0,,192200.0,2.0,2
2022HU1071174,07514,53,75,24.0,1,0.0,,77200.0,,192200.0,2.0,2
2022HU1072275,07512,73,74,22.0,1,200000.0,0220,330000.0,119021,330000.0,1.0,1
2022HU1072929,07509,195,64,20.0,2,76000.0,5740,76620.0,436014,76620.0,3.0,1
2022HU1073685,07508,81,61,16.0,2,13000.0,9050,17000.0,532031,17000.0,2.0,1
2022HU1073724,07511,26,73,18.0,2,0.0,5740,35300.0,436014,35300.0,3.0,1
2022HU1074458,07509,64,49,16.0,1,0.0,9142,7200.0,533054,28200.0,3.0,2
2022HU1074458,07509,49,49,1.0,2,21000.0,0440,21000.0,1191XX,28200.0,3.0,2
2022HU1074656,07513,68,44,22.0,1,230000.0,0300,245000.0,119041,355000.0,1.0,4
2022HU1074656,07513,72,42,22.0,2,110000.0,0710,110000.0,131111,355000.0,1.0,4
2022HU1074656,07513,69,8,4.0,2,,,,,355000.0,1.0,4
2022HU1074656,07513,70,5,2.0,2,,,,,355000.0,1.0,4
2022HU1074981,07509,53,60,22.0,2,5000.0,4420,18000.0,393031,18000.0,3.0,1
2022HU1075083,07510,119,39,21.0,2,185000.0,0845,185000.0,132051,185000.0,3.0,1
2022HU1075326,07513,64,69,1.0,2,11000.0,9150,11000.0,533099,37900.0,1.0,6
2022HU1075326,07513,56,41,16.0,1,0.0,,0.0,,37900.0,1.0,6
2022HU1075326,07513,55,40,18.0,1,9600.0,5740,21600.0,436014,37900.0,1.0,6
2022HU1075326,07513,55,78,15.0,2,0.0,,2400.0,,37900.0,1.0,6
2022HU1075326,07513,56,64,1.0,1,0.0,4030,2900.0,352021,37900.0,1.0,6
2022HU1075326,07513,60,13,10.0,2,,,,,37900.0,1.0,6
2022HU1076209,07509,110,24,21.0,2,70000.0,3255,70000.0,291141,138000.0,3.0,2
2022HU1076209,07509,85,24,21.0,2,68000.0,0735,68000.0,131161,138000.0,3.0,2
2022HU1076687,07507,79,42,21.0,1,150000.0,0750,150000.0,131199,295200.0,1.0,6
2022HU1076687,07507,63,34,22.0,2,100000.0,0220,100000.0,119021,295200.0,1.0,6
2022HU1076687,07507,126,1,,1,,,,,295200.0,1.0,6
2022HU1076687,07507,51,67,20.0,1,0.0,,5600.0,,295200.0,1.0,6
2022HU1076687,07507,77,66,20.0,2,0.0,,2500.0,,295200.0,1.0,6
2022HU1076687,07507,77,65,20.0,2,0.0,4600,37100.0,399011,295200.0,1.0,6
2022HU1076750,07509,150,23,19.0,2,7000.0,2145,7000.0,232011,21400.0,3.0,2
2022HU1076750,07509,124,22,19.0,1,0.0,4810,14400.0,413021,21400.0,3.0,2
2022HU1077691,07508,60,72,1.0,2,0.0,,7200.0,,7200.0,1.0,1
2022HU1078052,07509,114,67,1.0,1,0.0,,16100.0,,83300.0,3.0,4
2022HU1078052,07509,104,65,1.0,2,0.0,,14400.0,,83300.0,3.0,4
2022HU1078052,07509,106,37,18.0,1,0.0,,7800.0,,83300.0,3.0,4
2022HU1078052,07509,105,36,19.0,1,45000.0,9142,45000.0,533054,83300.0,3.0,4
2022HU1078135,07512,77,75,21.0,1,0.0,,62000.0,,83800.0,1.0,2
2022HU1078135,07512,77,75,19.0,1,0.0,,21800.0,,83800.0,1.0,2
2022HU1078391,07513,180,77,15.0,1,0.0,,8600.0,,48100.0,4.0,6
2022HU1078391,07513,170,76,8.0,2,0.0,,7600.0,,48100.0,4.0,6
2022HU1078391,07513,159,50,16.0,2,0.0,,11100.0,,48100.0,4.0,6
2022HU1078391,07513,179,69,11.0,1,0.0,,0.0,,48100.0,4.0,6
2022HU1078391,07513,172,65,11.0,2,16000.0,3601,20800.0,311121,48100.0,4.0,6
2022HU1078391,07513,180,65,11.0,1,0.0,,0.0,,48100.0,4.0,6
2022HU1078574,07508,55,31,21.0,2,165000.0,0150,165000.0,113061,345000.0,3.0,2
2022HU1078574,07508,56,34,22.0,1,180000.0,0845,180000.0,132051,345000.0,3.0,2
2022HU1078913,07513,37,88,22.0,1,0.0,,90000.0,,165300.0,1.0,2
2022HU1078913,07513,39,80,22.0,2,0.0,,75300.0,,165300.0,1.0,2
2022HU1078916,07509,82,81,22.0,1,0.0,,75200.0,,103200.0,3.0,2
2022HU1078916,07509,102,76,22.0,2,0.0,,28000.0,,103200.0,3.0,2
2022HU1079416,07511,68,52,21.0,1,687000.0,0845,687000.0,132051,937000.0,1.0,4
2022HU1079416,07511,62,40,21.0,2,250000.0,0010,250000.0,1110XX,937000.0,1.0,4
2022HU1079416,07511,58,9,5.0,2,,,,,937000.0,1.0,4
2022HU1079416,07511,48,5,2.0,1,,,,,937000.0,1.0,4
2022HU1079525,07512,180,41,21.0,2,0.0,0735,23600.0,131161,333600.0,3.0,5
2022HU1079525,07512,193,41,21.0,1,310000.0,0220,310000.0,119021,333600.0,3.0,5
2022HU1079525,07512,175,14,10.0,1,,,,,333600.0,3.0,5
2022HU1079525,07512,177,11,8.0,1,,,,,333600.0,3.0,5
2022HU1079525,07512,165,6,2.0,2,,,,,333600.0,3.0,5
2022HU1079833,07510,33,75,21.0,1,0.0,2360,29000.0,2530XX,29000.0,3.0,1
2022HU1079885,07509,108,40,20.0,1,0.0,6050,37000.0,4520XX,37000.0,3.0,1
2022HU1079914,07510,175,29,21.0,1,132000.0,1021,132000.0,151252,132000.0,1.0,1
2022HU1080272,07507,54,94,16.0,1,0.0,,28800.0,,28800.0,2.0,1
2022HU1080515,07512,158,59,15.0,1,70000.0,4030,70000.0,352021,76000.0,2.0,2
2022HU1080515,07512,76,22,21.0,2,6000.0,2310,6000.0,252020,76000.0,2.0,2
2022HU1080926,07514,117,31,21.0,2,112000.0,4760,112000.0,412031,303000.0,1.0,2
2022HU1080926,07514,129,31,21.0,1,191000.0,1240,191000.0,1520XX,303000.0,1.0,2
2022HU1080937,07513,73,74,1.0,2,0.0,,50000.0,,50000.0,2.0,1
2022HU1081488,07508,371,60,22.0,1,155000.0,0120,161500.0,113031,156000.0,1.0,2
2022HU1081488,07508,315,69,21.0,2,0.0,8300,-5500.0,516011,156000.0,1.0,2
2022HU1082398,07509,138,62,20.0,1,192000.0,4700,192000.0,411011,192000.0,3.0,1
2022HU1082500,07514,171,26,21.0,2,160000.0,0850,160000.0,132052,160000.0,3.0,1
2022HU1082538,07514,128,24,21.0,1,83000.0,0910,83100.0,132070,323100.0,3.0,3
2022HU1082538,07514,114,24,21.0,1,120000.0,0120,120000.0,113031,323100.0,3.0,3
2022HU1082538,07514,113,24,21.0,1,120000.0,4820,120000.0,413031,323100.0,3.0,3
2022HU1083640,07511,65,56,21.0,1,236000.0,1021,236000.0,151252,236000.0,1.0,1
2022HU1084093,07507,52,38,21.0,1,186000.0,1021,186000.0,151252,280000.0,1.0,4
2022HU1084093,07507,53,35,21.0,2,94000.0,0440,94000.0,1191XX,280000.0,1.0,4
2022HU1084093,07507,100,4,2.0,2,,,,,280000.0,1.0,4
2022HU1084093,07507,99,2,,2,,,,,280000.0,1.0,4
2022HU1085027,07511,51,32,21.0,2,92000.0,0630,92000.0,131070,155000.0,2.0,2
2022HU1085027,07511,54,32,22.0,1,63000.0,0051,63000.0,112021,155000.0,2.0,2
2022HU1085103,07508,54,36,23.0,1,240000.0,3090,240000.0,291210,540000.0,1.0,4
2022HU1085103,07508,51,32,24.0,2,300000.0,1760,300000.0,192099,540000.0,1.0,4
2022HU1085103,07508,51,0,,1,,,,,540000.0,1.0,4
2022HU1085103,07508,64,56,21.0,2,0.0,0800,0.0,132011,540000.0,1.0,4
2022HU1085690,07508,229,58,18.0,2,67000.0,3602,67000.0,311122,107000.0,3.0,2
2022HU1085690,07508,171,21,16.0,1,40000.0,4760,40000.0,412031,107000.0,3.0,2
2022HU1086157,07507,72,30,13.0,1,14000.0,4120,14000.0,353041,29000.0,2.0,4
2022HU1086157,07507,69,61,20.0,1,0.0,,0.0,,29000.0,2.0,4
2022HU1086157,07507,65,58,20.0,2,0.0,,0.0,,29000.0,2.0,4
2022HU1086157,07507,68,30,13.0,2,15000.0,4720,15000.0,412010,29000.0,2.0,4
2022HU1086512,07510,59,30,22.0,2,110000.0,2634,110000.0,271024,110000.0,4.0,1
2022HU1087008,07507,59,45,18.0,1,10000.0,4000,45000.0,351011,170000.0,3.0,2
2022HU1087008,07507,49,50,21.0,2,125000.0,0440,125000.0,1191XX,170000.0,3.0,2
2022HU1087375,07514,89,28,21.0,2,110000.0,0052,113000.0,112022,113000.0,3.0,1
2022HU1087381,07511,67,41,22.0,2,687000.0,3258,687000.0,2911XX,911000.0,3.0,2
2022HU1087381,07511,62,45,22.0,1,224000.0,5000,224000.0,431011,911000.0,3.0,2
2022HU1087756,07509,56,31,22.0,1,116000.0,0845,116000.0,132051,501000.0,3.0,4
2022HU1087756,07509,46,38,16.0,1,40000.0,2025,40000.0,21109X,501000.0,3.0,4
2022HU1087756,07509,44,38,22.0,1,115000.0,1108,115000.0,151299,501000.0,3.0,4
2022HU1087756,07509,42,28,21.0,2,230000.0,3258,230000.0,2911XX,501000.0,3.0,4
2022HU1087825,07512,103,45,21.0,1,180000.0,1105,186000.0,151244,186000.0,1.0,1
2022HU1087863,07509,212,26,21.0,1,55000.0,0800,58000.0,132011,58000.0,3.0,1
2022HU1089066,07509,258,26,21.0,2,79000.0,0630,79000.0,131070,79000.0,3.0,1
2022HU1089584,07510,120,79,21.0,2,0.0,,10100.0,,40000.0,3.0,3
2022HU1089584,07510,155,79,22.0,1,0.0,,8200.0,,40000.0,3.0,3
2022HU1089584,07510,102,50,16.0,2,6300.0,9645,21700.0,537065,40000.0,3.0,3
2022HU1089669,07511,62,33,23.0,2,330000.0,2100,330000.0,2310XX,630000.0,1.0,3
2022HU1089669,07511,70,33,22.0,1,300000.0,1021,300000.0,151252,630000.0,1.0,3
2022HU1089669,07511,67,2,,2,,,,,630000.0,1.0,3
2022HU1091369,07510,129,46,21.0,1,100000.0,1006,100500.0,151211,100500.0,1.0,1
2022HU1091909,07510,68,21,19.0,1,20500.0,1031,20500.0,151254,20500.0,3.0,1
2022HU1092061,07511,52,32,21.0,2,24000.0,4760,21300.0,412031,86300.0,3.0,2
2022HU1092061,07511,52,32,21.0,2,65000.0,2640,65000.0,27102X,86300.0,3.0,2
2022HU1092436,07514,95,26,21.0,1,50000.0,1240,61100.0,1520XX,61100.0,3.0,1
2022HU1094007,07508,159,76,21.0,2,81000.0,2722,90500.0,272022,118500.0,3.0,2
2022HU1094007,07508,163,63,19.0,1,28000.0,4150,28000.0,359031,118500.0,3.0,2
2022HU1094690,07511,164,57,21.0,1,0.0,1240,166000.0,1520XX,166000.0,3.0,1
2022HU1095356,07507,53,51,18.0,1,75000.0,9130,75000.0,533030,75000.0,3.0,1
2022HU1096194,07513,79,75,22.0,2,0.0,,30000.0,,210000.0,2.0,5
2022HU1096194,07513,76,42,19.0,1,80000.0,3421,80000.0,292052,210000.0,2.0,5
2022HU1096194,07513,68,8,5.0,1,,,,,210000.0,2.0,5
2022HU1096194,07513,68,6,3.0,1,,,,,210000.0,2.0,5
2022HU1096194,07513,80,40,21.0,2,100000.0,3220,100000.0,291126,210000.0,2.0,5
2022HU1097005,07513,63,85,21.0,1,0.0,,13000.0,,34000.0,2.0,2
2022HU1097005,07513,61,83,21.0,2,0.0,,21000.0,,34000.0,2.0,2
2022HU1097072,07513,189,19,19.0,2,24000.0,4055,24000.0,353023,24000.0,3.0,1
2022HU1098201,07513,28,63,19.0,2,0.0,4950,56000.0,419091,191800.0,1.0,5
2022HU1098201,07513,42,40,21.0,1,65000.0,4700,65000.0,411011,191800.0,1.0,5
2022HU1098201,07513,37,36,20.0,2,26800.0,5220,26800.0,434031,191800.0,1.0,5
2022HU1098201,07513,28,52,21.0,2,44000.0,0440,44000.0,1191XX,191800.0,1.0,5
2022HU1098201,07513,51,11,8.0,2,,,,,191800.0,1.0,5
2022HU1098581,07510,101,37,19.0,2,78000.0,5740,78000.0,436014,78000.0,1.0,2
2022HU1098581,07510,95,10,7.0,1,,,,,78000.0,1.0,2
2022HU1098921,07510,86,31,21.0,1,169000.0,1021,169000.0,151252,284000.0,3.0,2
2022HU1098921,07510,83,30,22.0,2,115000.0,1240,115000.0,1520XX,284000.0,3.0,2
2022HU1099232,07511,95,84,8.0,2,0.0,,4100.0,,4100.0,2.0,1
2022HU1099479,07507,81,80,21.0,1,0.0,,33300.0,,129000.0,2.0,3
2022HU1099479,07507,79,75,19.0,2,0.0,,83200.0,,129000.0,2.0,3
2022HU1099479,07507,74,48,21.0,1,0.0,,12500.0,,129000.0,2.0,3
2022HU1099511,07512,212,84,15.0,1,0.0,,20000.0,,40000.0,2.0,2
2022HU1099511,07512,182,71,15.0,2,0.0,,20000.0,,40000.0,2.0,2
2022HU1099548,07507,86,73,21.0,1,0.0,3602,19200.0,311122,68400.0,3.0,3
2022HU1099548,07507,119,52,19.0,2,31200.0,3603,31200.0,311131,68400.0,3.0,3
2022HU1099548,07507,68,22,19.0,2,18000.0,4720,18000.0,412010,68400.0,3.0,3
2022HU1100073,07513,71,47,1.0,2,150000.0,3603,150000.0,311131,150000.0,3.0,2
2022HU1100073,07513,73,50,18.0,1,0.0,4020,0.0,352010,150000.0,3.0,2
2022HU1100078,07510,86,32,22.0,2,134000.0,2830,134000.0,273041,150000.0,3.0,4
2022HU1100078,07510,78,0,,2,,,,,150000.0,3.0,4
2022HU1100078,07510,64,37,21.0,2,0.0,,0.0,,150000.0,3.0,4
2022HU1100078,07510,80,32,22.0,1,16000.0,5240,16000.0,434051,150000.0,3.0,4
2022HU1100300,07507,40,62,20.0,2,42000.0,3255,42000.0,291141,44500.0,3.0,3
2022HU1100300,07507,42,27,20.0,1,1000.0,5510,1000.0,435021,44500.0,3.0,3
2022HU1100300,07507,33,21,19.0,1,1500.0,5860,1500.0,439061,44500.0,3.0,3
2022HU1100302,07509,85,28,21.0,1,75000.0,0440,80000.0,1191XX,330700.0,3.0,2
2022HU1100302,07509,60,28,21.0,2,250000.0,0120,250700.0,113031,330700.0,3.0,2
2022HU1100404,07512,57,59,21.0,2,0.0,2850,36000.0,273043,86000.0,3.0,2
2022HU1100404,07512,61,60,21.0,1,50000.0,2320,50000.0,252030,86000.0,3.0,2
2022HU1100998,07511,54,71,22.0,1,0.0,,33000.0,,61200.0,3.0,2
2022HU1100998,07511,70,78,22.0,2,0.0,,28200.0,,61200.0,3.0,2
2022HU1101485,07507,79,61,20.0,2,50000.0,5120,50000.0,433031,53900.0,1.0,2
2022HU1101485,07507,67,61,21.0,1,3900.0,0160,3900.0,113071,53900.0,1.0,2
2022HU1101523,07509,214,77,19.0,1,0.0,,10900.0,,10900.0,3.0,1
2022HU1101573,07511,81,40,24.0,1,380000.0,1021,380000.0,151252,680000.0,3.0,3
2022HU1101573,07511,81,39,24.0,2,300000.0,1240,300000.0,1520XX,680000.0,3.0,3
2022HU1101573,07511,75,7,3.0,2,,,,,680000.0,3.0,3
2022HU1102146,07509,49,55,22.0,2,350000.0,0120,350000.0,113031,350000.0,1.0,1
2022HU1102294,07508,55,21,21.0,1,145000.0,0845,145000.0,132051,234300.0,3.0,3
2022HU1102294,07508,62,21,21.0,1,34300.0,4840,34300.0,413091,234300.0,3.0,3
2022HU1102294,07508,62,20,21.0,1,55000.0,5240,55000.0,434051,234300.0,3.0,3
2022HU1102842,07511,82,47,22.0,1,250000.0,0110,250000.0,113021,410000.0,1.0,4
2022HU1102842,07511,69,44,24.0,2,160000.0,1240,160000.0,1520XX,410000.0,1.0,4
2022HU1102842,07511,49,11,7.0,1,,,,,410000.0,1.0,4
2022HU1102842,07511,56,5,1.0,2,,,,,410000.0,1.0,4
2022HU1102943,07507,50,25,21.0,1,170000.0,1021,175200.0,151252,175200.0,3.0,1
2022HU1105341,07513,46,78,19.0,2,0.0,,37500.0,,37500.0,3.0,1
2022HU1105393,07514,218,42,22.0,1,75000.0,2435,75000.0,254022,75000.0,3.0,1
2022HU1105634,07511,58,58,21.0,1,96000.0,4000,96000.0,351011,96000.0,3.0,1
2022HU1105831,07511,66,59,21.0,1,175000.0,1021,175200.0,151252,315200.0,1.0,2
2022HU1105831,07511,68,62,24.0,1,140000.0,2205,140000.0,251000,315200.0,1.0,2
2022HU1106580,07509,115,94,1.0,2,0.0,,8600.0,,8600.0,2.0,1
2022HU1107089,07511,178,83,10.0,2,0.0,,10000.0,,10000.0,2.0,2
2022HU1107089,07511,106,57,16.0,1,0.0,,0.0,,10000.0,2.0,2
2022HU1107507,07514,334,29,21.0,2,170000.0,0440,170000.0,1191XX,170000.0,1.0,1
2022HU1107574,07511,90,59,23.0,1,77000.0,1760,77000.0,192099,87000.0,3.0,2
2022HU1107574,07511,109,54,21.0,1,10000.0,9142,10000.0,533054,87000.0,3.0,2
2022HU1108006,07514,66,79,24.0,1,0.0,2205,141000.0,251000,141000.0,3.0,1
2022HU1108698,07508,64,29,21.0,1,107000.0,1530,107000.0,1721YY,185000.0,3.0,2
2022HU1108698,07508,72,32,21.0,2,78000.0,0060,78000.0,112030,185000.0,3.0,2
2022HU1108850,07514,59,25,21.0,1,230000.0,1021,230000.0,151252,230000.0,3.0,2
2022HU1108850,07514,71,54,21.0,2,0.0,,0.0,,230000.0,3.0,2
2022HU1109844,07513,55,57,19.0,2,0.0,,18650.0,,319650.0,1.0,5
2022HU1109844,07513,60,60,19.0,1,75000.0,0440,75000.0,1191XX,319650.0,1.0,5
2022HU1109844,07513,75,34,21.0,1,36000.0,4760,36000.0,412031,319650.0,1.0,5
2022HU1109844,07513,50,29,21.0,1,120000.0,0845,120000.0,132051,319650.0,1.0,5
2022HU1109844,07513,43,25,21.0,2,70000.0,5860,70000.0,439061,319650.0,1.0,5
2022HU1109902,07513,85,44,22.0,1,200000.0,1021,200000.0,151252,470000.0,1.0,2
2022HU1109902,07513,88,45,24.0,2,270000.0,1240,270000.0,1520XX,470000.0,1.0,2
2022HU1109949,07510,58,39,21.0,2,0.0,,0.0,,687000.0,3.0,4
2022HU1109949,07510,53,37,21.0,1,687000.0,4820,687000.0,413031,687000.0,3.0,4
2022HU1109949,07510,54,5,1.0,2,,,,,687000.0,3.0,4
2022HU1109949,07510,48,3,1.0,1,,,,,687000.0,3.0,4
2022HU1111696,07508,289,78,23.0,1,0.0,2100,228900.0,2310XX,235900.0,1.0,2
2022HU1111696,07508,258,78,20.0,2,0.0,4965,7000.0,419099,235900.0,1.0,2
2022HU1111898,07511,72,73,21.0,1,0.0,4110,57000.0,353031,137000.0,2.0,2
2022HU1111898,07511,68,27,21.0,1,80000.0,1240,80000.0,1520XX,137000.0,2.0,2
2022HU1112177,07513,194,54,16.0,2,50000.0,4230,50000.0,372012,332000.0,1.0,5
2022HU1112177,07513,205,60,11.0,1,90000.0,4140,90000.0,359021,332000.0,1.0,5
2022HU1112177,07513,172,25,21.0,1,114000.0,0440,114000.0,1191XX,332000.0,1.0,5
2022HU1112177,07513,198,33,21.0,2,25000.0,4720,25000.0,412010,332000.0,1.0,5
2022HU1112177,07513,252,33,17.0,1,53000.0,9122,53000.0,533052,332000.0,1.0,5
2022HU1112225,07508,66,43,21.0,2,130000.0,0705,140060.0,131082,312060.0,3.0,2
2022HU1112225,07508,77,45,21.0,1,172000.0,1050,172000.0,151230,312060.0,3.0,2
2022HU1112440,07507,40,94,21.0,1,0.0,0710,34700.0,131111,44100.0,1.0,2
2022HU1112440,07507,36,70,21.0,2,0.0,,9400.0,,44100.0,1.0,2
2022HU1112899,07512,75,55,21.0,1,140000.0,4850,140000.0,414010,316100.0,1.0,5
2022HU1112899,07512,58,54,21.0,2,125000.0,0705,125000.0,131082,316100.0,1.0,5
2022HU1112899,07512,87,24,21.0,2,50000.0,0440,50000.0,1191XX,316100.0,1.0,5
2022HU1112899,07512,86,21,16.0,2,1000.0,4600,1000.0,399011,316100.0,1.0,5
2022HU1112899,07512,99,16,12.0,2,100.0,4600,100.0,399011,316100.0,1.0,5
2022HU1113176,07509,50,25,21.0,1,75000.0,4810,72300.0,413021,72300.0,3.0,1
2022HU1113258,07507,56,54,16.0,1,26000.0,6442,26000.0,472152,41000.0,1.0,3
2022HU1113258,07507,45,23,1.0,1,15000.0,9130,15000.0,533030,41000.0,1.0,3
2022HU1113258,07507,53,15,12.0,2,0.0,,0.0,,41000.0,1.0,3
2022HU1113490,07514,66,57,22.0,2,79000.0,3030,79000.0,291031,279000.0,1.0,3
2022HU1113490,07514,68,61,23.0,1,150000.0,0850,200000.0,132052,279000.0,1.0,3
2022HU1113490,07514,67,17,14.0,1,0.0,,0.0,,279000.0,1.0,3
2022HU1114058,07511,315,49,18.0,1,216000.0,0300,216000.0,119041,216000.0,3.0,1
2022HU1114081,07512,143,76,11.0,2,0.0,,14400.0,,28800.0,2.0,2
2022HU1114081,07512,175,78,11.0,1,0.0,,14400.0,,28800.0,2.0,2
2022HU1114428,07509,92,74,22.0,1,0.0,4510,18600.0,395012,18600.0,3.0,1
2022HU1114553,07510,58,27,21.0,1,95000.0,0800,95300.0,132011,95300.0,3.0,1
2022HU1114753,07513,78,36,19.0,2,0.0,4710,86100.0,411012,86100.0,1.0,3
2022HU1114753,07513,78,6,3.0,2,,,,,86100.0,1.0,3
2022HU1114753,07513,72,4,1.0,1,,,,,86100.0,1.0,3
2022HU1114934,07507,75,67,17.0,2,0.0,,11100.0,,53800.0,1.0,3
2022HU1114934,07507,109,73,16.0,1,0.0,,42700.0,,53800.0,1.0,3
2022HU1114934,07507,144,40,16.0,1,0.0,,0.0,,53800.0,1.0,3
2022HU1114960,07514,53,67,22.0,1,0.0,0845,430000.0,132051,522000.0,1.0,2
2022HU1114960,07514,55,68,21.0,2,0.0,,92000.0,,522000.0,1.0,2
2022HU1115047,07514,72,47,21.0,1,40000.0,0440,40000.0,1191XX,81800.0,3.0,3
2022HU1115047,07514,53,60,21.0,1,0.0,,29800.0,,81800.0,3.0,3
2022HU1115047,07514,54,55,16.0,1,12000.0,9620,12000.0,537062,81800.0,3.0,3
2022HU1115212,07509,103,94,11.0,1,0.0,,11000.0,,11000.0,3.0,1
2022HU1115287,07508,72,86,1.0,2,0.0,,7800.0,,7800.0,3.0,1
2022HU1115394,07508,46,44,22.0,2,160000.0,2600,169000.0,271010,169000.0,2.0,1
2022HU1115702,07514,65,78,22.0,2,0.0,,26000.0,,26000.0,3.0,1
2022HU1116149,07514,159,26,21.0,1,155000.0,1021,165000.0,151252,246000.0,3.0,2
2022HU1116149,07514,129,25,21.0,2,80000.0,0630,81000.0,131070,246000.0,3.0,2
2022HU1116340,07508,46,39,22.0,2,99000.0,2400,100100.0,254010,100100.0,3.0,1
2022HU1117322,07511,80,35,21.0,1,25600.0,0110,25600.0,113021,25600.0,3.0,1
2022HU1117341,07507,66,47,21.0,1,142000.0,0600,152000.0,131051,322000.0,1.0,5
2022HU1117341,07507,62,43,21.0,2,85000.0,1970,85000.0,1940YY,322000.0,1.0,5
2022HU1117341,07507,47,11,7.0,1,,,,,322000.0,1.0,5
2022HU1117341,07507,82,7,4.0,2,,,,,322000.0,1.0,5
2022HU1117341,07507,53,71,16.0,2,85000.0,3500,85000.0,292061,322000.0,1.0,5
2022HU1117940,07509,57,71,9.0,2,3000.0,3602,3000.0,311122,3000.0,3.0,1
2022HU1118669,07514,87,43,21.0,2,95000.0,1551,95750.0,173023,95750.0,3.0,1
2022HU1118982,07513,32,88,20.0,2,0.0,,8600.0,,8600.0,1.0,1
2022HU1119128,07509,163,30,22.0,1,75000.0,1006,90000.0,151211,90000.0,3.0,1
2022HU1121546,07511,55,45,21.0,1,130000.0,1760,140000.0,192099,205500.0,1.0,2
2022HU1121546,07511,63,39,21.0,2,65000.0,0051,65500.0,112021,205500.0,1.0,2
2022HU1121830,07512,131,69,20.0,1,0.0,1021,8400.0,151252,8400.0,1.0,1
2022HU1122099,07513,99,36,21.0,1,130000.0,1430,130000.0,172110,130000.0,3.0,2
2022HU1122099,07513,68,57,20.0,2,0.0,5240,0.0,434051,130000.0,3.0,2
2022HU1122852,07514,217,70,21.0,2,72000.0,2360,112300.0,2530XX,112300.0,3.0,1
2022HU1123143,07514,87,49,21.0,1,10000.0,0710,465000.0,131111,465000.0,3.0,1
2022HU1123227,07507,57,45,9.0,2,36900.0,8800,40700.0,519111,103700.0,3.0,3
2022HU1123227,07507,46,24,21.0,2,43000.0,2145,43000.0,232011,103700.0,3.0,3
2022HU1123227,07507,61,19,16.0,1,20000.0,5240,20000.0,434051,103700.0,3.0,3
2022HU1123418,07514,339,56,22.0,1,230000.0,0120,240000.0,113031,240000.0,3.0,1
2022HU1123695,07509,58,59,22.0,1,27000.0,9620,27000.0,537062,27000.0,3.0,1
2022HU1123895,07507,49,67,16.0,2,2800.0,4230,20100.0,372012,49300.0,1.0,3
2022HU1123895,07507,50,69,16.0,1,0.0,4030,11700.0,352021,49300.0,1.0,3
2022HU1123895,07507,50,30,18.0,1,4800.0,2350,17500.0,253041,49300.0,1.0,3
2022HU1124483,07511,44,29,21.0,2,180000.0,1021,180000.0,151252,360000.0,3.0,2
2022HU1124483,07511,56,30,21.0,2,180000.0,1021,180000.0,151252,360000.0,3.0,2
2022HU1124653,07514,79,36,21.0,1,200000.0,0850,216000.0,132052,560000.0,3.0,3
2022HU1124653,07514,88,39,21.0,2,330000.0,0020,344000.0,111021,560000.0,3.0,3
2022HU1124653,07514,64,7,4.0,2,,,,,560000.0,3.0,3
2022HU1124656,07512,65,44,22.0,1,140000.0,1410,140000.0,172070,390000.0,1.0,5
2022HU1124656,07512,65,49,21.0,2,250000.0,0110,250000.0,113021,390000.0,1.0,5
2022HU1124656,07512,69,16,13.0,2,0.0,,0.0,,390000.0,1.0,5
2022HU1124656,07512,68,16,11.0,2,0.0,,0.0,,390000.0,1.0,5
2022HU1124656,07512,72,9,5.0,1,,,,,390000.0,1.0,5
2022HU1126125,07512,62,94,16.0,2,0.0,,2400.0,,2400.0,2.0,1
2022HU1126293,07513,27,27,23.0,2,82000.0,4850,82000.0,414010,87000.0,2.0,2
2022HU1126293,07513,31,29,22.0,1,5000.0,4840,5000.0,413091,87000.0,2.0,2
2022HU1126419,07513,61,53,11.0,1,20000.0,0440,20000.0,1191XX,218600.0,2.0,5
2022HU1126419,07513,60,51,6.0,2,0.0,,10200.0,,218600.0,2.0,5
2022HU1126419,07513,53,25,21.0,1,180000.0,1021,180000.0,151252,218600.0,2.0,5
2022HU1126419,07513,46,21,19.0,2,0.0,5240,0.0,434051,218600.0,2.0,5
2022HU1126419,07513,73,15,13.0,2,0.0,,8400.0,,218600.0,2.0,5
2022HU1126535,07508,65,54,20.0,1,98000.0,7420,98000.0,499052,98000.0,3.0,4
2022HU1126535,07508,97,50,21.0,2,0.0,,0.0,,98000.0,3.0,4
2022HU1126535,07508,68,19,14.0,1,0.0,,0.0,,98000.0,3.0,4
2022HU1126535,07508,40,16,13.0,1,0.0,,0.0,,98000.0,3.0,4
2022HU1126697,07507,59,61,15.0,1,0.0,,0.0,,158830.0,2.0,7
2022HU1126697,07507,74,52,1.0,2,0.0,4230,14200.0,372012,158830.0,2.0,7
2022HU1126697,07507,44,27,16.0,1,130.0,4110,18130.0,353031,158830.0,2.0,7
2022HU1126697,07507,43,26,21.0,1,38800.0,2636,36100.0,271026,158830.0,2.0,7
2022HU1126697,07507,42,24,21.0,2,50000.0,0800,50000.0,132011,158830.0,2.0,7
2022HU1126697,07507,49,68,16.0,1,36000.0,9645,36000.0,537065,158830.0,2.0,7
2022HU1126697,07507,51,55,16.0,2,0.0,,4400.0,,158830.0,2.0,7
2022HU1126855,07513,48,34,21.0,2,0.0,4700,8000.0,411011,123000.0,2.0,3
2022HU1126855,07513,48,33,21.0,1,115000.0,0040,115000.0,112011,123000.0,2.0,3
2022HU1126855,07513,58,0,,2,,,,,123000.0,2.0,3
2022HU1127187,07507,79,65,20.0,2,0.0,2850,106700.0,273043,106700.0,1.0,1
2022HU1127299,07512,165,53,22.0,2,0.0,2861,50000.0,273091,150000.0,3.0,2
2022HU1127299,07512,223,56,23.0,1,100000.0,2100,100000.0,2310XX,150000.0,3.0,2
2022HU1127566,07513,67,34,21.0,2,4000.0,7800,4000.0,513011,162000.0,1.0,3
2022HU1127566,07513,61,64,18.0,1,100000.0,4700,100000.0,411011,162000.0,1.0,3
2022HU1127566,07513,54,63,20.0,2,58000.0,0440,58000.0,1191XX,162000.0,1.0,3
2022HU1128046,07511,101,62,23.0,1,310000.0,3090,355000.0,291210,357000.0,1.0,2
2022HU1128046,07511,112,61,23.0,2,0.0,3090,2000.0,291210,357000.0,1.0,2
2022HU1128141,07511,107,34,21.0,2,28300.0,1200,28300.0,152011,234300.0,1.0,2
2022HU1128141,07511,109,33,21.0,1,206000.0,0440,206000.0,1191XX,234300.0,1.0,2
2022HU1128179,07510,149,36,24.0,2,50000.0,5400,50000.0,434171,80000.0,3.0,2
2022HU1128179,07510,177,31,23.0,1,30000.0,9130,30000.0,533030,80000.0,3.0,2
2022HU1128286,07509,99,24,22.0,2,50000.0,5240,50000.0,434051,95000.0,3.0,2
2022HU1128286,07509,96,24,21.0,2,45000.0,4020,45000.0,352010,95000.0,3.0,2
2022HU1128903,07510,104,44,21.0,2,0.0,,0.0,,0.0,1.0,1
2022HU1129705,07511,64,72,21.0,1,22000.0,0850,35530.0,132052,35530.0,4.0,1
2022HU1130151,07512,79,55,21.0,1,400000.0,1800,400000.0,193011,690000.0,1.0,6
2022HU1130151,07512,75,55,21.0,2,85000.0,2310,85000.0,252020,690000.0,1.0,6
2022HU1130151,07512,62,6,3.0,1,,,,,690000.0,1.0,6
2022HU1130151,07512,63,33,21.0,2,140000.0,0410,140000.0,119141,690000.0,1.0,6
2022HU1130151,07512,77,6,3.0,2,,,,,690000.0,1.0,6
2022HU1130151,07512,66,33,21.0,1,65000.0,4740,65000.0,412021,690000.0,1.0,6
2022HU1130763,07509,61,56,23.0,2,687000.0,2100,687000.0,2310XX,1434000.0,1.0,3
2022HU1130763,07509,64,59,23.0,1,687000.0,0750,747000.0,131199,1434000.0,1.0,3
2022HU1130763,07509,71,16,13.0,2,0.0,,0.0,,1434000.0,1.0,3
2022HU1131247,07510,729,27,21.0,1,135000.0,0845,135120.0,132051,235320.0,2.0,2
2022HU1131247,07510,762,27,21.0,2,100000.0,0800,100200.0,132011,235320.0,2.0,2
2022HU1131972,07507,61,34,23.0,1,100000.0,2100,104000.0,2310XX,114000.0,3.0,4
2022HU1131972,07507,56,35,21.0,2,0.0,2350,10000.0,253041,114000.0,3.0,4
2022HU1131972,07507,59,2,,2,,,,,114000.0,3.0,4
2022HU1131972,07507,59,0,,2,,,,,114000.0,3.0,4
2022HU1132013,07512,72,56,22.0,1,250000.0,1410,250000.0,172070,350000.0,1.0,3
2022HU1132013,07512,66,57,23.0,2,100000.0,0800,100000.0,132011,350000.0,1.0,3
2022HU1132013,07512,62,14,11.0,1,,,,,350000.0,1.0,3
2022HU1132216,07510,130,53,22.0,2,300000.0,1800,302000.0,193011,302000.0,1.0,1
2022HU1132466,07512,108,54,21.0,1,0.0,2060,0.0,212099,27300.0,3.0,3
2022HU1132466,07512,82,35,11.0,1,30000.0,0520,27300.0,131022,27300.0,3.0,3
2022HU1132466,07512,82,35,11.0,1,0.0,,0.0,,27300.0,3.0,3
2022HU1133672,07514,63,77,21.0,1,0.0,0010,41100.0,1110XX,45100.0,2.0,2
2022HU1133672,07514,61,59,21.0,2,0.0,,4000.0,,45100.0,2.0,2
2022HU1134377,07511,92,31,24.0,2,131000.0,1650,131000.0,1910XX,131000.0,3.0,1
2022HU1134441,07511,78,49,22.0,1,37400.0,0310,37400.0,119051,37500.0,1.0,4
2022HU1134441,07511,49,51,22.0,2,0.0,4621,100.0,399031,37500.0,1.0,4
2022HU1134441,07511,39,16,16.0,1,0.0,,0.0,,37500.0,1.0,4
2022HU1134441,07511,52,14,11.0,2,,,,,37500.0,1.0,4
2022HU1135713,07513,57,39,22.0,2,200000.0,1032,200000.0,151255,200000.0,1.0,1
2022HU1135843,07508,182,23,21.0,2,114000.0,0530,114000.0,131023,115100.0,3.0,2
2022HU1135843,07508,264,22,16.0,1,1100.0,9620,1100.0,537062,115100.0,3.0,2
2022HU1136305,07513,75,42,24.0,2,378000.0,2100,378000.0,2310XX,733000.0,1.0,3
2022HU1136305,07513,87,43,24.0,1,350000.0,1700,355000.0,192010,733000.0,1.0,3
2022HU1136305,07513,71,2,,1,,,,,733000.0,1.0,3
2022HU1136403,07510,127,64,22.0,2,0.0,2310,30670.0,252020,38070.0,3.0,2
2022HU1136403,07510,91,82,23.0,1,0.0,1305,7400.0,171011,38070.0,3.0,2
2022HU1136492,07510,113,73,19.0,2,210.0,5160,2220.0,433071,2220.0,2.0,1
2022HU1136629,07510,111,53,20.0,2,30000.0,5860,30200.0,439061,30200.0,3.0,1
2022HU1136766,07508,53,40,22.0,1,152000.0,0120,152070.0,113031,182870.0,3.0,3
2022HU1136766,07508,48,40,22.0,2,30800.0,0565,30800.0,131041,182870.0,3.0,3
2022HU1136766,07508,58,0,,2,,,,,182870.0,3.0,3
2022HU1136774,07509,55,39,21.0,1,80000.0,0440,80000.0,1191XX,80000.0,3.0,2
2022HU1136774,07509,43,45,19.0,2,0.0,,0.0,,80000.0,3.0,2
2022HU1136892,07513,73,57,21.0,2,6900.0,3602,6900.0,311122,21300.0,1.0,2
2022HU1136892,07513,70,82,9.0,2,0.0,,14400.0,,21300.0,1.0,2
2022HU1137593,07508,67,60,20.0,1,36500.0,5860,36500.0,439061,48100.0,2.0,2
2022HU1137593,07508,56,94,1.0,2,0.0,,11600.0,,48100.0,2.0,2
2022HU1137668,07508,71,75,20.0,2,320.0,2300,21720.0,252010,21720.0,3.0,1
2022HU1138034,07509,102,43,19.0,1,0.0,,13680.0,,13680.0,3.0,1
2022HU1138820,07507,43,55,17.0,1,69000.0,5550,90500.0,435052,397600.0,1.0,14
2022HU1138820,07507,43,47,13.0,2,30200.0,9620,30200.0,537062,397600.0,1.0,14
2022HU1138820,07507,41,64,10.0,1,25000.0,4230,25000.0,372012,397600.0,1.0,14
2022HU1138820,07507,39,82,9.0,2,0.0,,0.0,,397600.0,1.0,14
2022HU1138820,07507,37,60,16.0,2,23000.0,4760,23000.0,412031,397600.0,1.0,14
2022HU1138820,07507,46,51,18.0,2,32000.0,9620,32000.0,537062,397600.0,1.0,14
2022HU1138820,07507,31,45,13.0,1,12700.0,9430,12700.0,5360XX,397600.0,1.0,14
2022HU1138820,07507,36,36,16.0,1,50000.0,0540,50000.0,131030,397600.0,1.0,14
2022HU1138820,07507,38,29,18.0,2,25000.0,3930,25000.0,339030,397600.0,1.0,14
2022HU1138820,07507,33,24,16.0,1,32000.0,4760,32000.0,412031,397600.0,1.0,14
2022HU1138820,07507,32,23,16.0,2,20000.0,0420,20000.0,119151,397600.0,1.0,14
2022HU1138820,07507,34,16,14.0,2,0.0,,0.0,,397600.0,1.0,14
2022HU1138820,07507,37,27,20.0,2,56000.0,0120,57200.0,113031,397600.0,1.0,14
2022HU1138820,07507,38,0,,1,,,,,397600.0,1.0,14
2022HU1139461,07510,93,29,21.0,1,50000.0,0020,50000.0,111021,50000.0,3.0,1
2022HU1139847,07514,60,37,22.0,1,687000.0,4820,695300.0,413031,755300.0,3.0,2
2022HU1139847,07514,61,33,22.0,2,60000.0,4710,60000.0,411012,755300.0,3.0,2
2022HU1140204,07508,92,63,21.0,2,200000.0,0800,200000.0,132011,200000.0,1.0,1
2022HU1140360,07510,282,33,23.0,1,113000.0,0860,113000.0,132053,138000.0,3.0,2
2022HU1140360,07510,293,30,22.0,2,20000.0,1108,25000.0,151299,138000.0,3.0,2
2022HU1140886,07507,97,29,22.0,2,30000.0,2300,30000.0,252010,60000.0,4.0,2
2022HU1140886,07507,287,27,16.0,1,30000.0,5240,30000.0,434051,60000.0,4.0,2
2022HU1141024,07508,295,46,22.0,2,110000.0,3255,110000.0,291141,260400.0,3.0,5
2022HU1141024,07508,228,46,22.0,1,72000.0,0102,72000.0,113013,260400.0,3.0,5
2022HU1141024,07508,269,52,21.0,2,26900.0,4230,26900.0,372012,260400.0,3.0,5
2022HU1141024,07508,215,49,18.0,1,27500.0,9130,37500.0,533030,260400.0,3.0,5
2022HU1141024,07508,217,46,16.0,1,14000.0,7810,14000.0,513020,260400.0,3.0,5
2022HU1142495,07508,69,75,20.0,1,0.0,,54020.0,,54020.0,3.0,1
2022HU1142640,07512,49,66,19.0,2,0.0,,72000.0,,156000.0,1.0,2
2022HU1142640,07512,55,67,19.0,1,0.0,,84000.0,,156000.0,1.0,2
2022HU1143639,07514,55,75,21.0,2,0.0,2360,15200.0,2530XX,15200.0,3.0,1
2022HU1143663,07507,38,40,19.0,2,12000.0,4720,12000.0,412010,65500.0,3.0,2
2022HU1143663,07507,43,43,19.0,1,37900.0,9620,53500.0,537062,65500.0,3.0,2
2022HU1144537,07508,61,36,23.0,1,0.0,4920,20000.0,419020,20000.0,3.0,2
2022HU1144537,07508,53,35,23.0,2,0.0,,0.0,,20000.0,3.0,2
2022HU1144776,07510,55,29,22.0,1,60000.0,1760,60000.0,192099,140000.0,3.0,2
2022HU1144776,07510,56,29,22.0,2,80000.0,1760,80000.0,192099,140000.0,3.0,2
2022HU1145160,07508,61,80,20.0,1,0.0,2545,42600.0,259040,42600.0,3.0,1
2022HU1145515,07511,66,57,9.0,2,0.0,4230,13000.0,372012,57200.0,3.0,5
2022HU1145515,07511,75,62,7.0,1,0.0,,6200.0,,57200.0,3.0,5
2022HU1145515,07511,62,28,18.0,1,30000.0,4110,30000.0,353031,57200.0,3.0,5
2022HU1145515,07511,79,21,21.0,2,8000.0,5240,8000.0,434051,57200.0,3.0,5
2022HU1145515,07511,90,9,7.0,2,,,,,57200.0,3.0,5
2022HU1146747,07511,64,46,21.0,1,300000.0,0010,356000.0,1110XX,356000.0,1.0,2
2022HU1146747,07511,57,48,20.0,2,0.0,,0.0,,356000.0,1.0,2
2022HU1148124,07510,138,47,22.0,1,295000.0,4710,295000.0,411012,295000.0,1.0,1
2022HU1149243,07513,62,33,16.0,2,180000.0,4522,182000.0,395094,362000.0,2.0,2
2022HU1149243,07513,75,37,21.0,1,180000.0,1460,180000.0,172141,362000.0,2.0,2
2022HU1149315,07510,121,52,23.0,1,225000.0,2100,230000.0,2310XX,230000.0,3.0,1
2022HU1149386,07508,57,49,18.0,2,56000.0,0440,56050.0,1191XX,84050.0,1.0,4
2022HU1149386,07508,65,18,18.0,1,2000.0,3930,2000.0,339030,84050.0,1.0,4
2022HU1149386,07508,38,15,13.0,1,0.0,,0.0,,84050.0,1.0,4
2022HU1149386,07508,61,51,22.0,1,0.0,0440,26000.0,1191XX,84050.0,1.0,4
2022HU1149773,07512,93,75,19.0,1,0.0,0440,110000.0,1191XX,140000.0,2.0,2
2022HU1149773,07512,112,70,22.0,2,0.0,5000,30000.0,431011,140000.0,2.0,2
2022HU1150111,07511,96,56,21.0,1,104000.0,5240,124200.0,434051,217200.0,1.0,2
2022HU1150111,07511,84,52,21.0,2,93000.0,5220,93000.0,434031,217200.0,1.0,2
2022HU1150643,07511,100,61,21.0,1,243000.0,0800,246100.0,132011,246100.0,1.0,1
2022HU1150688,07510,31,35,21.0,2,280000.0,4840,280000.0,413091,580000.0,1.0,2
2022HU1150688,07510,35,35,22.0,1,300000.0,0440,300000.0,1191XX,580000.0,1.0,2
2022HU1150861,07509,169,28,21.0,2,80000.0,3550,80000.0,299000,80000.0,3.0,1
2022HU1150961,07511,100,45,24.0,1,125000.0,1821,125000.0,193033,250000.0,1.0,2
2022HU1150961,07511,120,36,24.0,1,125000.0,2205,125000.0,251000,250000.0,1.0,2
2022HU1151957,07510,87,50,22.0,2,0.0,,450.0,,450.0,3.0,1
2022HU1152236,07514,40,24,21.0,2,125000.0,1021,125000.0,151252,168000.0,3.0,3
2022HU1152236,07514,36,23,21.0,2,40000.0,2016,40000.0,211093,168000.0,3.0,3
2022HU1152236,07514,36,22,19.0,2,3000.0,0440,3000.0,1191XX,168000.0,3.0,3
2022HU1152645,07513,106,37,21.0,1,95000.0,2634,95000.0,271024,165000.0,2.0,2
2022HU1152645,07513,83,29,21.0,2,70000.0,5860,70000.0,439061,165000.0,2.0,2
2022HU1153055,07507,68,67,18.0,2,64000.0,0800,66300.0,132011,135300.0,1.0,3
2022HU1153055,07507,78,63,15.0,1,69000.0,1108,69000.0,151299,135300.0,1.0,3
2022HU1153055,07507,71,32,22.0,1,0.0,4720,0.0,412010,135300.0,1.0,3
2022HU1153743,07514,114,39,21.0,1,88000.0,0120,88000.0,113031,88000.0,1.0,1
2022HU1154079,07511,152,57,24.0,2,687000.0,0440,687000.0,1191XX,687000.0,2.0,1
2022HU1154325,07511,54,52,21.0,2,0.0,,0.0,,396000.0,1.0,4
2022HU1154325,07511,65,56,19.0,1,396000.0,0010,396000.0,1110XX,396000.0,1.0,4
2022HU1154325,07511,59,16,13.0,1,0.0,,0.0,,396000.0,1.0,4
2022HU1154325,07511,69,15,11.0,2,0.0,,0.0,,396000.0,1.0,4
2022HU1154681,07511,55,74,23.0,2,0.0,,90000.0,,141000.0,2.0,2
2022HU1154681,07511,63,76,23.0,1,0.0,2205,51000.0,251000,141000.0,2.0,2
2022HU1155044,07510,83,36,19.0,2,0.0,,0.0,,60000.0,2.0,2
2022HU1155044,07510,75,36,22.0,1,60000.0,5400,60000.0,434171,60000.0,2.0,2
2022HU1156170,07513,100,45,24.0,2,104000.0,3040,104000.0,291041,127300.0,2.0,3
2022HU1156170,07513,102,82,1.0,1,10600.0,3940,18300.0,339091,127300.0,2.0,3
2022HU1156170,07513,105,74,18.0,2,0.0,,5000.0,,127300.0,2.0,3
2022HU1156278,07509,100,27,21.0,1,168000.0,1021,168000.0,151252,168000.0,3.0,1
2022HU1156631,07514,90,57,21.0,2,9600.0,2040,9600.0,212011,19200.0,3.0,2
2022HU1156631,07514,97,56,16.0,1,9600.0,0060,9600.0,112030,19200.0,3.0,2
2022HU1157039,07511,69,43,22.0,1,400000.0,0300,400000.0,119041,423300.0,1.0,2
2022HU1157039,07511,40,46,22.0,2,23300.0,0710,23300.0,131111,423300.0,1.0,2
2022HU1157055,07514,63,77,19.0,1,0.0,1555,32100.0,17302X,32100.0,3.0,1
2022HU1157290,07509,116,66,22.0,1,0.0,0020,30000.0,111021,30000.0,3.0,1
2022HU1158018,07508,124,33,22.0,2,93000.0,2640,93000.0,27102X,154000.0,3.0,2
2022HU1158018,07508,102,36,22.0,1,61000.0,5522,61000.0,435032,154000.0,3.0,2
2022HU1158646,07512,86,33,22.0,1,137000.0,1360,137000.0,172051,137000.0,1.0,1
2022HU1159155,07512,409,23,21.0,2,75000.0,2850,75000.0,273043,195000.0,3.0,2
2022HU1159155,07512,232,26,21.0,2,120000.0,0060,120000.0,112030,195000.0,3.0,2
2022HU1159765,07514,112,40,24.0,1,110000.0,1760,110000.0,192099,110000.0,3.0,1
2022HU1160297,07509,114,49,18.0,2,31900.0,4130,31900.0,359011,31900.0,3.0,1
2022HU1160440,07514,165,64,19.0,2,18400.0,4720,31300.0,412010,31300.0,3.0,1
2022HU1160897,07510,119,27,21.0,1,98000.0,1305,98000.0,171011,98000.0,3.0,1
2022HU1161515,07511,74,34,21.0,2,205000.0,0440,199500.0,1191XX,199500.0,1.0,1
2022HU1161819,07509,70,43,22.0,1,150000.0,0440,153000.0,1191XX,153000.0,3.0,1
2022HU1161975,07510,92,26,21.0,2,90000.0,0440,90000.0,1191XX,175000.0,3.0,2
2022HU1161975,07510,123,31,23.0,1,85000.0,3090,85000.0,291210,175000.0,3.0,2
2022HU1162125,07511,70,43,24.0,1,100000.0,2205,100000.0,251000,642000.0,2.0,2
2022HU1162125,07511,63,47,22.0,1,117000.0,0020,542000.0,111021,642000.0,2.0,2
2022HU1162228,07508,84,37,22.0,2,95000.0,0230,95000.0,119030,95000.0,3.0,1
2022HU1162349,07514,220,44,18.0,2,47000.0,5740,47000.0,436014,92000.0,3.0,6
2022HU1162349,07514,182,51,16.0,1,28800.0,9130,28800.0,533030,92000.0,3.0,6
2022HU1162349,07514,127,14,12.0,1,,,,,92000.0,3.0,6
2022HU1162349,07514,141,76,15.0,1,0.0,,7200.0,,92000.0,3.0,6
2022HU1162349,07514,128,73,18.0,2,0.0,5740,7200.0,436014,92000.0,3.0,6
2022HU1162349,07514,136,25,16.0,1,1800.0,9620,1800.0,537062,92000.0,3.0,6
2022HU1162470,07512,82,64,22.0,2,0.0,1022,62200.0,151253,414100.0,1.0,5
2022HU1162470,07512,120,29,21.0,1,64000.0,3930,64500.0,339030,414100.0,1.0,5
2022HU1162470,07512,76,50,16.0,2,0.0,,12400.0,,414100.0,1.0,5
2022HU1162470,07512,67,29,21.0,1,155000.0,1021,155000.0,151252,414100.0,1.0,5
2022HU1162470,07512,67,25,21.0,1,120000.0,0710,120000.0,131111,414100.0,1.0,5
2022HU1162645,07510,47,31,24.0,1,140000.0,1240,150000.0,1520XX,423000.0,3.0,2
2022HU1162645,07510,48,29,22.0,2,270000.0,1021,273000.0,151252,423000.0,3.0,2
2022HU1163096,07509,154,43,20.0,1,100000.0,4850,100000.0,414010,225000.0,3.0,2
2022HU1163096,07509,108,49,22.0,2,125000.0,2310,125000.0,252020,225000.0,3.0,2
2022HU1163295,07513,65,68,20.0,2,0.0,,53600.0,,66100.0,2.0,2
2022HU1163295,07513,59,64,15.0,1,0.0,,12500.0,,66100.0,2.0,2
2022HU1163890,07509,107,28,21.0,1,130000.0,7905,130000.0,519160,198000.0,3.0,2
2022HU1163890,07509,131,31,22.0,1,68000.0,1970,68000.0,1940YY,198000.0,3.0,2
2022HU1163936,07509,62,23,21.0,1,80000.0,1006,80100.0,151211,80100.0,3.0,1
2022HU1164715,07508,130,52,21.0,2,132000.0,0051,132000.0,112021,132000.0,3.0,2
2022HU1164715,07508,130,10,8.0,2,,,,,132000.0,3.0,2
2022HU1164767,07511,100,65,22.0,1,0.0,1400,20000.0,172061,20000.0,2.0,1
2022HU1165530,07510,65,39,19.0,2,50000.0,5240,50000.0,434051,67000.0,3.0,5
2022HU1165530,07510,61,50,16.0,1,17000.0,7750,17000.0,5120XX,67000.0,3.0,5
2022HU1165530,07510,58,14,11.0,2,,,,,67000.0,3.0,5
2022HU1165530,07510,54,6,2.0,1,,,,,67000.0,3.0,5
2022HU1165530,07510,104,4,1.0,2,,,,,67000.0,3.0,5
2022HU1165653,07507,100,57,20.0,1,25000.0,4020,50000.0,352010,313000.0,1.0,7
2022HU1165653,07507,90,56,18.0,2,30000.0,4230,30000.0,372012,313000.0,1.0,7
2022HU1165653,07507,74,26,21.0,1,50000.0,0800,50000.0,132011,313000.0,1.0,7
2022HU1165653,07507,85,26,21.0,2,65000.0,0800,65000.0,132011,313000.0,1.0,7
2022HU1165653,07507,79,30,16.0,2,20000.0,4130,20000.0,359011,313000.0,1.0,7
2022HU1165653,07507,79,30,18.0,2,98000.0,3740,98000.0,332011,313000.0,1.0,7
2022HU1165653,07507,76,26,20.0,1,0.0,,0.0,,313000.0,1.0,7
2022HU1166226,07509,77,47,19.0,2,26000.0,4435,38000.0,3930XX,38000.0,3.0,1
2022HU1166454,07509,62,26,22.0,1,181000.0,1021,178300.0,151252,387300.0,2.0,2
2022HU1166454,07509,61,26,21.0,1,209000.0,4850,209000.0,414010,387300.0,2.0,2
2022HU1166576,07511,83,78,6.0,2,0.0,,15500.0,,26300.0,3.0,2
2022HU1166576,07511,91,89,7.0,1,0.0,,10800.0,,26300.0,3.0,2
2022HU1166917,07509,100,85,21.0,1,0.0,,70200.0,,74300.0,3.0,2
2022HU1166917,07509,101,86,21.0,2,0.0,,4100.0,,74300.0,3.0,2
2022HU1167170,07511,39,46,21.0,2,230000.0,0440,230000.0,1191XX,268000.0,3.0,3
2022HU1167170,07511,51,46,22.0,1,38000.0,0440,38000.0,1191XX,268000.0,3.0,3
2022HU1167170,07511,51,7,4.0,2,,,,,268000.0,3.0,3
2022HU1167939,07511,228,31,21.0,1,81000.0,2006,81000.0,211019,131000.0,1.0,2
2022HU1167939,07511,253,38,21.0,2,50000.0,0735,50000.0,131161,131000.0,1.0,2
2022HU1169867,07508,67,69,22.0,1,0.0,,457000.0,,500000.0,2.0,2
2022HU1169867,07508,56,68,22.0,2,0.0,,43000.0,,500000.0,2.0,2
2022HU1170363,07512,112,43,22.0,2,97000.0,2310,97000.0,252020,97000.0,3.0,1
2022HU1170543,07514,295,34,20.0,1,25200.0,3645,35200.0,319092,35200.0,3.0,1
2022HU1170983,07508,154,34,21.0,1,194000.0,0705,199000.0,131082,199000.0,3.0,1
2022HU1171094,07512,327,87,22.0,2,0.0,,15400.0,,15400.0,1.0,2
2022HU1171094,07512,371,58,17.0,1,0.0,,0.0,,15400.0,1.0,2
2022HU1171215,07513,67,61,18.0,2,54000.0,3645,54000.0,319092,163000.0,3.0,2
2022HU1171215,07513,57,31,21.0,2,109000.0,0705,109000.0,131082,163000.0,3.0,2
2022HU1171378,07511,151,34,21.0,1,145000.0,1460,145000.0,172141,305000.0,3.0,2
2022HU1171378,07511,125,29,22.0,2,160000.0,3258,160000.0,2911XX,305000.0,3.0,2
2022HU1171493,07512,71,74,20.0,1,0.0,,87400.0,,113600.0,1.0,3
2022HU1171493,07512,63,80,16.0,2,0.0,,13500.0,,113600.0,1.0,3
2022HU1171493,07512,55,49,16.0,2,12700.0,9620,12700.0,537062,113600.0,1.0,3
2022HU1171504,07508,83,90,19.0,1,0.0,,23300.0,,23300.0,3.0,1
2022HU1171549,07514,167,25,20.0,1,60000.0,4110,67500.0,353031,94500.0,3.0,2
2022HU1171549,07514,117,22,21.0,2,0.0,4600,27000.0,399011,94500.0,3.0,2
2022HU1171691,07511,101,37,21.0,1,67000.0,2320,67000.0,252030,173000.0,1.0,2
2022HU1171691,07511,95,36,22.0,1,106000.0,2640,106000.0,27102X,173000.0,1.0,2
2022HU1171920,07511,54,68,21.0,2,0.0,0160,2000.0,113071,2000.0,2.0,1
2022HU1173031,07508,366,36,21.0,2,35000.0,4965,35000.0,419099,75000.0,3.0,2
2022HU1173031,07508,363,42,19.0,1,40000.0,4760,40000.0,412031,75000.0,3.0,2
2022HU1173325,07512,55,72,21.0,2,0.0,,40200.0,,117200.0,2.0,2
2022HU1173325,07512,47,51,23.0,2,77000.0,2310,77000.0,252020,117200.0,2.0,2
2022HU1173698,07510,77,39,23.0,2,325000.0,2100,325000.0,2310XX,770000.0,1.0,5
2022HU1173698,07510,90,39,21.0,1,0.0,4920,445000.0,419020,770000.0,1.0,5
2022HU1173698,07510,78,9,6.0,1,,,,,770000.0,1.0,5
2022HU1173698,07510,86,5,2.0,2,,,,,770000.0,1.0,5
2022HU1173698,07510,87,3,2.0,2,,,,,770000.0,1.0,5
2022HU1173836,07508,55,77,21.0,2,0.0,,45000.0,,45000.0,2.0,1
2022HU1173887,07511,60,53,22.0,2,32000.0,3258,32000.0,2911XX,32000.0,3.0,2
2022HU1173887,07511,58,9,5.0,1,,,,,32000.0,3.0,2
2022HU1173888,07510,32,64,19.0,1,0.0,2600,115000.0,271010,285000.0,1.0,2
2022HU1173888,07510,29,55,19.0,2,170000.0,5240,170000.0,434051,285000.0,1.0,2
2022HU1174055,07509,103,82,19.0,1,172000.0,0310,231400.0,119051,231400.0,2.0,2
2022HU1174055,07509,94,50,21.0,2,0.0,,0.0,,231400.0,2.0,2
2022HU1174212,07507,39,56,19.0,2,45900.0,9150,56900.0,533099,56900.0,3.0,1
2022HU1174237,07514,77,24,21.0,1,120000.0,0010,120060.0,1110XX,120060.0,3.0,1
2022HU1174291,07514,66,42,21.0,2,120000.0,0136,156000.0,113121,369000.0,1.0,2
2022HU1174291,07514,67,42,24.0,1,195000.0,1530,213000.0,1721YY,369000.0,1.0,2
2022HU1174337,07513,18,36,21.0,2,0.0,2320,0.0,252030,0.0,1.0,1
2022HU1175257,07507,63,61,16.0,1,50000.0,4010,50000.0,351012,350000.0,2.0,5
2022HU1175257,07507,58,59,16.0,2,50000.0,4230,50000.0,372012,350000.0,2.0,5
2022HU1175257,07507,46,27,21.0,1,80000.0,1430,80000.0,172110,350000.0,2.0,5
2022HU1175257,07507,54,27,21.0,2,100000.0,0136,100000.0,113121,350000.0,2.0,5
2022HU1175257,07507,48,24,21.0,1,70000.0,0800,70000.0,132011,350000.0,2.0,5
2022HU1175286,07514,98,64,21.0,1,0.0,0440,10000.0,1191XX,10000.0,3.0,1
2022HU1175663,07511,62,30,22.0,1,130000.0,1021,130000.0,151252,360000.0,3.0,2
2022HU1175663,07511,59,34,22.0,2,230000.0,3258,230000.0,2911XX,360000.0,3.0,2
2022HU1176023,07514,42,46,23.0,2,0.0,2100,446200.0,2310XX,517800.0,2.0,3
2022HU1176023,07514,50,68,24.0,1,0.0,1825,71600.0,19303X,517800.0,2.0,3
2022HU1176023,07514,61,11,8.0,2,,,,,517800.0,2.0,3
2022HU1176221,07509,54,33,21.0,1,220000.0,0052,220000.0,112022,220000.0,3.0,1
2022HU1176722,07511,53,56,23.0,1,147000.0,2100,184400.0,2310XX,184400.0,3.0,4
2022HU1176722,07511,55,14,11.0,2,,,,,184400.0,3.0,4
2022HU1176722,07511,54,12,9.0,2,,,,,184400.0,3.0,4
2022HU1176722,07511,54,10,7.0,2,,,,,184400.0,3.0,4
2022HU1176859,07514,250,26,21.0,1,75000.0,4840,75000.0,413091,75000.0,3.0,1
2022HU1177504,07513,13,23,22.0,1,10000.0,4710,10000.0,411012,10000.0,3.0,1
2022HU1178560,07514,50,26,21.0,2,275000.0,0850,275000.0,132052,411000.0,1.0,2
2022HU1178560,07514,59,27,21.0,1,136000.0,0630,136000.0,131070,411000.0,1.0,2
2022HU1178725,07511,96,32,22.0,1,687000.0,0120,689000.0,113031,769000.0,3.0,2
2022HU1178725,07511,92,32,21.0,2,80000.0,2205,80000.0,251000,769000.0,3.0,2
2022HU1178938,07513,54,52,22.0,2,0.0,,0.0,,176600.0,2.0,7
2022HU1178938,07513,57,59,22.0,1,75000.0,3870,75000.0,333050,176600.0,2.0,7
2022HU1178938,07513,41,26,21.0,2,41600.0,3401,41600.0,292042,176600.0,2.0,7
2022HU1178938,07513,48,25,21.0,1,40000.0,1050,40000.0,151230,176600.0,2.0,7
2022HU1178938,07513,48,22,20.0,1,0.0,4220,0.0,37201X,176600.0,2.0,7
2022HU1178938,07513,47,20,16.0,1,20000.0,4700,20000.0,411011,176600.0,2.0,7
2022HU1178938,07513,45,13,10.0,1,,,,,176600.0,2.0,7
2022HU1179456,07509,110,30,20.0,1,50000.0,0750,50000.0,131199,50000.0,3.0,1
2022HU1180044,07514,86,67,22.0,2,0.0,,62600.0,,62600.0,1.0,1
2022HU1180716,07507,65,45,22.0,1,206000.0,4700,651000.0,411011,931000.0,2.0,4
2022HU1180716,07507,49,47,21.0,2,280000.0,0705,280000.0,131082,931000.0,2.0,4
2022HU1180716,07507,53,11,8.0,1,,,,,931000.0,2.0,4
2022HU1180716,07507,53,9,6.0,1,,,,,931000.0,2.0,4
2022HU1180753,07507,69,43,24.0,1,687000.0,1021,707000.0,151252,707000.0,1.0,1
2022HU1180956,07513,58,60,16.0,2,70000.0,5860,70000.0,439061,130000.0,2.0,4
2022HU1180956,07513,63,60,16.0,1,60000.0,9122,60000.0,533052,130000.0,2.0,4
2022HU1180956,07513,47,21,19.0,2,0.0,,0.0,,130000.0,2.0,4
2022HU1180956,07513,76,19,18.0,2,0.0,,0.0,,130000.0,2.0,4
2022HU1183049,07509,93,57,16.0,1,65000.0,9130,65000.0,533030,65000.0,3.0,1
2022HU1183273,07507,72,82,16.0,2,0.0,5810,28800.0,439021,28800.0,3.0,3
2022HU1183273,07507,70,56,1.0,1,0.0,4720,0.0,412010,28800.0,3.0,3
2022HU1183273,07507,54,12,8.0,1,,,,,28800.0,3.0,3
2022HU1183372,07508,272,54,21.0,1,0.0,0020,40800.0,111021,240800.0,3.0,3
2022HU1183372,07508,289,41,21.0,2,200000.0,2840,200000.0,273042,240800.0,3.0,3
2022HU1183372,07508,219,3,1.0,1,,,,,240800.0,3.0,3
2022HU1183628,07513,280,59,23.0,1,200000.0,0052,200000.0,112022,450000.0,1.0,4
2022HU1183628,07513,311,48,21.0,2,250000.0,0110,250000.0,113021,450000.0,1.0,4
2022HU1183628,07513,314,13,10.0,2,,,,,450000.0,1.0,4
2022HU1183628,07513,256,10,6.0,1,,,,,450000.0,1.0,4
2022HU1183685,07509,78,44,22.0,1,350000.0,0440,350000.0,1191XX,665000.0,1.0,3
2022HU1183685,07509,72,43,19.0,1,315000.0,1021,315000.0,151252,665000.0,1.0,3
2022HU1183685,07509,99,6,3.0,2,,,,,665000.0,1.0,3
2022HU1184039,07510,111,75,10.0,2,0.0,4230,7200.0,372012,12000.0,2.0,2
2022HU1184039,07510,133,74,1.0,1,0.0,4020,4800.0,352010,12000.0,2.0,2
2022HU1184104,07509,51,42,21.0,2,180000.0,1840,220000.0,193051,370000.0,3.0,2
2022HU1184104,07509,50,56,20.0,1,150000.0,1108,150000.0,151299,370000.0,3.0,2
2022HU1184769,07513,38,69,15.0,1,0.0,,84300.0,,113500.0,1.0,4
2022HU1184769,07513,37,66,15.0,2,0.0,,8200.0,,113500.0,1.0,4
2022HU1184769,07513,35,72,15.0,1,0.0,,6600.0,,113500.0,1.0,4
2022HU1184769,07513,31,55,15.0,2,14400.0,3601,14400.0,311121,113500.0,1.0,4
2022HU1185970,07510,104,25,21.0,1,95000.0,1006,95000.0,151211,95000.0,3.0,1
2022HU1186427,07512,117,82,7.0,1,0.0,,17200.0,,50600.0,2.0,2
2022HU1186427,07512,101,72,8.0,2,0.0,,33400.0,,50600.0,2.0,2
2022HU1186608,07508,60,28,22.0,1,88000.0,1360,88000.0,172051,298000.0,3.0,3
2022HU1186608,07508,45,29,22.0,2,105000.0,1360,105000.0,172051,298000.0,3.0,3
2022HU1186608,07508,46,28,21.0,2,105000.0,1360,105000.0,172051,298000.0,3.0,3
2022HU1186821,07512,129,36,22.0,1,120000.0,1240,120000.0,1520XX,220000.0,3.0,2
2022HU1186821,07512,125,33,22.0,2,0.0,3245,100000.0,29112X,220000.0,3.0,2
2022HU1187007,07509,77,94,11.0,1,0.0,,12700.0,,12700.0,3.0,1
2022HU1187104,07514,54,29,21.0,1,109000.0,0800,109000.0,132011,109000.0,3.0,1
2022HU1187249,07510,52,31,22.0,2,687000.0,1240,687000.0,1520XX,877000.0,3.0,2
2022HU1187249,07510,33,29,21.0,1,190000.0,1240,190000.0,1520XX,877000.0,3.0,2
2022HU1187878,07509,148,32,21.0,1,220000.0,0051,220000.0,112021,370000.0,3.0,2
2022HU1187878,07509,117,31,22.0,2,150000.0,0140,150000.0,113051,370000.0,3.0,2
2022HU1187969,07511,81,33,21.0,1,687000.0,0440,687000.0,1191XX,687000.0,1.0,1
2022HU1188059,07510,83,34,21.0,2,205000.0,3255,205000.0,291141,205000.0,3.0,1
2022HU1188281,07511,49,49,22.0,2,0.0,,600.0,,210600.0,2.0,4
2022HU1188281,07511,65,49,23.0,1,200000.0,0010,210000.0,1110XX,210600.0,2.0,4
2022HU1188281,07511,66,11,8.0,2,,,,,210600.0,2.0,4
2022HU1188281,07511,56,8,4.0,1,,,,,210600.0,2.0,4
2022HU1188676,07512,65,32,23.0,2,94000.0,3090,94000.0,291210,242000.0,4.0,2
2022HU1188676,07512,71,32,21.0,1,148000.0,1240,148000.0,1520XX,242000.0,4.0,2
2022HU1188870,07511,66,53,16.0,1,50000.0,0440,50000.0,1191XX,50000.0,3.0,1
2022HU1188882,07513,51,24,21.0,1,0.0,2002,0.0,211012,140000.0,3.0,4
2022HU1188882,07513,51,26,21.0,1,60000.0,1460,60000.0,172141,140000.0,3.0,4
2022HU1188882,07513,47,26,21.0,2,40000.0,0520,40000.0,131022,140000.0,3.0,4
2022HU1188882,07513,44,25,16.0,2,0.0,2016,40000.0,211093,140000.0,3.0,4
2022HU1189243,07514,237,31,23.0,1,300000.0,2100,400000.0,2310XX,650000.0,3.0,2
2022HU1189243,07514,249,29,23.0,1,250000.0,2100,250000.0,2310XX,650000.0,3.0,2
2022HU1189296,07508,75,33,19.0,2,100000.0,0020,102000.0,111021,142000.0,3.0,2
2022HU1189296,07508,52,33,21.0,1,40000.0,4020,40000.0,352010,142000.0,3.0,2
2022HU1190035,07513,29,31,24.0,2,65000.0,3090,65000.0,291210,65000.0,3.0,1
2022HU1190255,07511,104,72,21.0,1,0.0,,111800.0,,147300.0,2.0,2
2022HU1190255,07511,108,65,21.0,2,35000.0,2310,35500.0,252020,147300.0,2.0,2
2022HU1191350,07511,58,41,21.0,2,160000.0,3255,160000.0,291141,289000.0,1.0,3
2022HU1191350,07511,59,39,23.0,1,127000.0,2100,129000.0,2310XX,289000.0,1.0,3
2022HU1191350,07511,87,2,,1,,,,,289000.0,1.0,3
2022HU1192054,07510,112,49,22.0,1,150000.0,0440,150000.0,1191XX,247300.0,1.0,4
2022HU1192054,07510,104,48,22.0,2,95000.0,2310,95000.0,252020,247300.0,1.0,4
2022HU1192054,07510,116,16,13.0,2,1300.0,3960,1300.0,33909X,247300.0,1.0,4
2022HU1192054,07510,100,15,12.0,1,0.0,,1000.0,,247300.0,1.0,4
2022HU1192190,07513,234,20,19.0,1,3200.0,4760,3200.0,412031,16200.0,3.0,2
2022HU1192190,07513,38,21,16.0,1,13000.0,4760,13000.0,412031,16200.0,3.0,2
2022HU1192655,07514,90,52,22.0,2,12000.0,2205,882000.0,251000,1307000.0,2.0,3
2022HU1192655,07514,99,54,19.0,1,0.0,,425000.0,,1307000.0,2.0,3
2022HU1192655,07514,104,15,13.0,1,0.0,,0.0,,1307000.0,2.0,3
2022HU1192932,07509,115,89,1.0,1,0.0,,10000.0,,15000.0,3.0,2
2022HU1192932,07509,115,89,1.0,2,0.0,,5000.0,,15000.0,3.0,2
2022HU1192990,07509,87,31,21.0,2,90000.0,3150,90000.0,291122,190000.0,3.0,2
2022HU1192990,07509,109,31,22.0,1,100000.0,0020,100000.0,111021,190000.0,3.0,2
2022HU1193606,07513,102,31,23.0,2,85000.0,3090,85000.0,291210,190000.0,3.0,2
2022HU1193606,07513,75,30,22.0,1,105000.0,1822,105000.0,193034,190000.0,3.0,2
2022HU1193925,07514,203,39,21.0,1,6400.0,5940,6400.0,439XXX,256400.0,3.0,4
2022HU1193925,07514,196,43,23.0,2,250000.0,2100,250000.0,2310XX,256400.0,3.0,4
2022HU1193925,07514,188,8,4.0,1,,,,,256400.0,3.0,4
2022HU1193925,07514,194,5,1.0,2,,,,,256400.0,3.0,4
2022HU1195122,07507,41,46,22.0,2,44000.0,0120,44000.0,113031,117000.0,1.0,4
2022HU1195122,07507,46,46,21.0,1,73000.0,0800,73000.0,132011,117000.0,1.0,4
2022HU1195122,07507,33,12,8.0,1,,,,,117000.0,1.0,4
2022HU1195122,07507,34,7,3.0,1,,,,,117000.0,1.0,4
2022HU1195966,07511,54,61,21.0,1,0.0,,425000.0,,425000.0,3.0,1
2022HU1196143,07513,125,66,23.0,1,0.0,2100,20000.0,2310XX,350000.0,1.0,5
2022HU1196143,07513,112,64,21.0,2,0.0,3255,131000.0,291141,350000.0,1.0,5
2022HU1196143,07513,92,34,21.0,2,130000.0,3255,134000.0,291141,350000.0,1.0,5
2022HU1196143,07513,120,2,,2,,,,,350000.0,1.0,5
2022HU1196143,07513,92,34,21.0,1,65000.0,2310,65000.0,252020,350000.0,1.0,5
2022HU1196349,07511,65,53,21.0,1,200000.0,1021,200000.0,151252,400000.0,1.0,2
2022HU1196349,07511,57,53,21.0,2,200000.0,0137,200000.0,113131,400000.0,1.0,2
2022HU1196386,07507,57,51,16.0,2,80000.0,5860,130000.0,439061,190000.0,1.0,3
2022HU1196386,07507,48,51,21.0,1,30000.0,0220,60000.0,119021,190000.0,1.0,3
2022HU1196386,07507,42,18,14.0,1,0.0,,0.0,,190000.0,1.0,3
2022HU1196799,07514,80,38,19.0,1,250000.0,0010,250000.0,1110XX,250000.0,3.0,1
2022HU1197124,07507,55,46,15.0,2,30000.0,4020,30000.0,352010,60000.0,2.0,3
2022HU1197124,07507,64,46,15.0,1,30000.0,7340,30000.0,499071,60000.0,2.0,3
2022HU1197124,07507,46,22,16.0,2,0.0,3645,0.0,319092,60000.0,2.0,3
2022HU1197129,07510,86,31,22.0,2,65000.0,1006,65000.0,151211,65000.0,3.0,1
2022HU1197849,07513,50,55,21.0,2,687000.0,0440,687000.0,1191XX,688000.0,1.0,2
2022HU1197849,07513,181,19,16.0,2,1000.0,2722,1000.0,272022,688000.0,1.0,2
2022HU1198211,07511,74,40,21.0,1,180000.0,1021,180000.0,151252,180000.0,3.0,2
2022HU1198211,07511,32,39,21.0,2,0.0,4055,0.0,353023,180000.0,3.0,2
2022HU1198625,07512,87,29,23.0,2,77000.0,3090,77000.0,291210,407000.0,3.0,2
2022HU1198625,07512,79,29,21.0,1,330000.0,1240,330000.0,1520XX,407000.0,3.0,2
2022HU1198845,07508,59,48,21.0,2,128000.0,0800,128000.0,132011,443900.0,1.0,6
2022HU1198845,07508,79,49,22.0,1,250000.0,1360,252000.0,172051,443900.0,1.0,6
2022HU1198845,07508,55,17,14.0,2,0.0,2006,0.0,211019,443900.0,1.0,6
2022HU1198845,07508,61,14,11.0,2,,,,,443900.0,1.0,6
2022HU1198845,07508,72,76,12.0,1,0.0,,37600.0,,443900.0,1.0,6
2022HU1198845,07508,61,73,7.0,2,0.0,,26300.0,,443900.0,1.0,6
2022HU1198931,07512,68,75,16.0,2,0.0,,0.0,,0.0,3.0,1
2022HU1199208,07509,54,33,21.0,1,95000.0,0410,95650.0,119141,95650.0,3.0,1
2022HU1199719,07508,141,56,17.0,1,50000.0,0710,80600.0,131111,130150.0,4.0,8
2022HU1199719,07508,130,28,22.0,2,24000.0,5850,24000.0,439051,130150.0,4.0,8
2022HU1199719,07508,115,23,17.0,2,20800.0,2060,20800.0,212099,130150.0,4.0,8
2022HU1199719,07508,115,20,19.0,2,250.0,4760,250.0,412031,130150.0,4.0,8
2022HU1199719,07508,126,18,15.0,1,0.0,4055,1000.0,353023,130150.0,4.0,8
2022HU1199719,07508,102,16,13.0,2,3500.0,4720,3500.0,412010,130150.0,4.0,8
2022HU1199719,07508,107,14,11.0,1,,,,,130150.0,4.0,8
2022HU1199719,07508,112,12,8.0,2,,,,,130150.0,4.0,8
2022HU1199838,07511,65,35,24.0,1,87000.0,1760,87000.0,192099,774000.0,3.0,2
2022HU1199838,07511,65,36,22.0,2,687000.0,4820,687000.0,413031,774000.0,3.0,2
2022HU1200284,07508,216,63,22.0,1,10000.0,0820,10000.0,132031,108000.0,1.0,3
2022HU1200284,07508,224,62,22.0,2,98000.0,0120,98000.0,113031,108000.0,1.0,3
2022HU1200284,07508,164,9,6.0,1,,,,,108000.0,1.0,3
2022HU1200849,07513,78,59,22.0,1,200000.0,0440,208000.0,1191XX,211000.0,1.0,2
2022HU1200849,07513,72,64,21.0,2,3000.0,8350,3000.0,516050,211000.0,1.0,2
2022HU1201478,07513,71,61,21.0,1,50000.0,4760,86000.0,412031,187800.0,3.0,3
2022HU1201478,07513,70,53,22.0,2,100000.0,4810,100000.0,413021,187800.0,3.0,3
2022HU1201478,07513,64,55,21.0,2,1800.0,4720,1800.0,412010,187800.0,3.0,3
2022HU1201652,07508,96,90,16.0,2,0.0,,92500.0,,92500.0,2.0,1
2022HU1202262,07514,73,75,16.0,1,0.0,,19000.0,,19000.0,3.0,1
2022HU1202313,07514,289,27,1.0,1,0.0,0205,30000.0,119013,90000.0,4.0,2
2022HU1202313,07514,216,27,1.0,2,60000.0,3255,60000.0,291141,90000.0,4.0,2
2022HU1202833,07512,201,47,23.0,1,100000.0,2320,100000.0,252030,300000.0,1.0,4
2022HU1202833,07512,177,48,24.0,2,0.0,3090,200000.0,291210,300000.0,1.0,4
2022HU1202833,07512,186,15,12.0,2,0.0,,0.0,,300000.0,1.0,4
2022HU1202833,07512,174,12,9.0,2,,,,,300000.0,1.0,4
2022HU1203203,07507,37,79,20.0,2,16400.0,5860,41300.0,439061,73300.0,3.0,3
2022HU1203203,07507,32,68,1.0,2,0.0,,4000.0,,73300.0,3.0,3
2022HU1203203,07507,35,48,1.0,1,28000.0,4030,28000.0,352021,73300.0,3.0,3
2022HU1203791,07514,44,48,23.0,2,330000.0,3090,330000.0,291210,330000.0,3.0,1
2022HU1203975,07514,289,84,21.0,2,0.0,2400,126300.0,254010,126300.0,3.0,1
2022HU1204066,07511,63,42,21.0,1,150000.0,6200,200000.0,471011,200000.0,3.0,1
2022HU1204872,07510,97,30,21.0,1,110000.0,4820,110000.0,413031,220000.0,3.0,2
2022HU1204872,07510,93,30,21.0,2,110000.0,0630,110000.0,131070,220000.0,3.0,2
2022HU1205629,07509,54,45,21.0,2,300000.0,1021,301000.0,151252,502000.0,3.0,2
2022HU1205629,07509,65,61,21.0,1,200000.0,1021,201000.0,151252,502000.0,3.0,2
2022HU1206037,07510,72,39,21.0,2,115000.0,4710,115000.0,411012,330000.0,1.0,2
2022HU1206037,07510,77,43,22.0,1,215000.0,0300,215000.0,119041,330000.0,1.0,2
2022HU1206162,07514,68,26,21.0,1,100000.0,0735,100000.0,131161,300000.0,3.0,2
2022HU1206162,07514,48,30,23.0,1,200000.0,1108,200000.0,151299,300000.0,3.0,2
2022HU1206177,07510,86,28,21.0,1,35000.0,3300,35000.0,292010,35000.0,3.0,1
2022HU1206310,07511,69,44,22.0,1,125000.0,0010,125100.0,1110XX,125100.0,3.0,1
2022HU1206780,07507,54,41,21.0,2,200000.0,0120,200000.0,113031,348000.0,1.0,2
2022HU1206780,07507,62,41,21.0,1,148000.0,0440,148000.0,1191XX,348000.0,1.0,2
2022HU1207375,07507,66,41,18.0,2,12000.0,3602,12000.0,311122,60000.0,1.0,5
2022HU1207375,07507,64,43,1.0,1,0.0,6230,48000.0,472031,60000.0,1.0,5
2022HU1207375,07507,50,13,11.0,1,,,,,60000.0,1.0,5
2022HU1207375,07507,49,11,9.0,1,,,,,60000.0,1.0,5
2022HU1207375,07507,85,9,7.0,2,,,,,60000.0,1.0,5
2022HU1207564,07513,61,78,22.0,1,0.0,,141300.0,,169500.0,2.0,2
2022HU1207564,07513,64,72,21.0,2,0.0,,28200.0,,169500.0,2.0,2
2022HU1208172,07514,44,30,21.0,1,200000.0,4965,250000.0,419099,420500.0,3.0,2
2022HU1208172,07514,44,29,21.0,2,170000.0,0120,170500.0,113031,420500.0,3.0,2
2022HU1208641,07508,66,42,22.0,1,190000.0,0440,262000.0,1191XX,599000.0,3.0,4
2022HU1208641,07508,59,42,22.0,2,250000.0,4840,337000.0,413091,599000.0,3.0,4
2022HU1208641,07508,72,9,6.0,2,,,,,599000.0,3.0,4
2022HU1208641,07508,57,7,4.0,2,,,,,599000.0,3.0,4
2022HU1208644,07509,89,66,21.0,2,5000.0,4700,35500.0,411011,36600.0,1.0,2
2022HU1208644,07509,97,60,16.0,1,0.0,2600,1100.0,271010,36600.0,1.0,2
2022HU1209303,07512,126,36,16.0,1,140000.0,2740,140000.0,272030,190000.0,3.0,4
2022HU1209303,07512,119,39,16.0,2,0.0,2740,50000.0,272030,190000.0,3.0,4
2022HU1209303,07512,109,5,1.0,2,,,,,190000.0,3.0,4
2022HU1209303,07512,117,2,,2,,,,,190000.0,3.0,4
2022HU1209311,07512,127,55,21.0,1,150000.0,0440,174000.0,1191XX,297000.0,1.0,4
2022HU1209311,07512,113,54,21.0,2,0.0,2635,120000.0,271025,297000.0,1.0,4
2022HU1209311,07512,140,20,19.0,1,3000.0,6850,3000.0,475040,297000.0,1.0,4
2022HU1209311,07512,101,14,11.0,2,,,,,297000.0,1.0,4
2022HU1210224,07511,45,27,21.0,2,0.0,1760,41200.0,192099,167200.0,3.0,4
2022HU1210224,07511,45,28,22.0,2,21000.0,2145,21000.0,232011,167200.0,3.0,4
2022HU1210224,07511,44,28,22.0,2,5000.0,2205,5000.0,251000,167200.0,3.0,4
2022HU1210224,07511,44,27,21.0,2,100000.0,1305,100000.0,171011,167200.0,3.0,4
2022HU1210357,07511,76,35,22.0,2,60000.0,2310,60000.0,252020,260000.0,3.0,2
2022HU1210357,07511,83,41,21.0,1,200000.0,1021,200000.0,151252,260000.0,3.0,2
2022HU1210633,07511,125,59,20.0,2,30500.0,3602,38000.0,311122,42200.0,3.0,2
2022HU1210633,07511,96,30,20.0,1,3500.0,4110,4200.0,353031,42200.0,3.0,2
2022HU1211370,07511,54,64,21.0,1,0.0,0110,20000.0,113021,119100.0,2.0,4
2022HU1211370,07511,55,67,21.0,1,4600.0,5240,40100.0,434051,119100.0,2.0,4
2022HU1211370,07511,61,22,21.0,2,9000.0,2634,9000.0,271024,119100.0,2.0,4
2022HU1211370,07511,26,23,21.0,1,50000.0,5860,50000.0,439061,119100.0,2.0,4
2022HU1211853,07510,187,24,21.0,2,35000.0,1320,35000.0,172011,722000.0,3.0,2
2022HU1211853,07510,250,27,21.0,1,687000.0,1021,687000.0,151252,722000.0,3.0,2
2022HU1211862,07512,206,32,19.0,1,170000.0,1021,170040.0,151252,179440.0,3.0,2
2022HU1211862,07512,221,28,21.0,2,9400.0,4600,9400.0,399011,179440.0,3.0,2
2022HU1213857,07513,34,70,16.0,2,42000.0,2545,42000.0,259040,42000.0,3.0,1
2022HU1214158,07508,95,85,14.0,1,0.0,,30000.0,,75000.0,2.0,2
2022HU1214158,07508,84,78,1.0,2,0.0,,45000.0,,75000.0,2.0,2
2022HU1214668,07512,76,49,16.0,2,35000.0,4965,35000.0,419099,85000.0,2.0,3
2022HU1214668,07512,65,25,23.0,2,50000.0,8465,50000.0,51609X,85000.0,2.0,3
2022HU1214668,07512,82,19,16.0,2,0.0,4720,0.0,412010,85000.0,2.0,3
2022HU1215361,07511,59,67,23.0,1,300000.0,3090,340000.0,291210,412000.0,2.0,2
2022HU1215361,07511,64,55,22.0,2,70000.0,2825,72000.0,273031,412000.0,2.0,2
2022HU1215406,07508,227,32,21.0,1,230000.0,1021,230000.0,151252,1030000.0,3.0,4
2022HU1215406,07508,175,33,21.0,2,58000.0,0420,58000.0,119151,1030000.0,3.0,4
2022HU1215406,07508,207,29,21.0,2,55000.0,0700,55000.0,131081,1030000.0,3.0,4
2022HU1215406,07508,222,32,22.0,1,687000.0,1021,687000.0,151252,1030000.0,3.0,4
2022HU1215537,07508,63,78,19.0,1,0.0,,84450.0,,108250.0,3.0,2
2022HU1215537,07508,58,76,19.0,2,0.0,4600,23800.0,399011,108250.0,3.0,2
2022HU1215690,07511,62,40,23.0,2,257000.0,2100,257000.0,2310XX,257000.0,3.0,1
2022HU1216343,07514,133,35,22.0,1,190000.0,4700,190000.0,411011,190000.0,3.0,4
2022HU1216343,07514,127,38,22.0,2,0.0,,0.0,,190000.0,3.0,4
2022HU1216343,07514,126,5,2.0,2,,,,,190000.0,3.0,4
2022HU1216343,07514,227,0,,2,,,,,190000.0,3.0,4
2022HU1216550,07508,63,49,22.0,1,18000.0,4760,18000.0,412031,123000.0,4.0,3
2022HU1216550,07508,51,47,21.0,2,105000.0,0136,105000.0,113121,123000.0,4.0,3
2022HU1216550,07508,48,6,2.0,1,,,,,123000.0,4.0,3
2022HU1216749,07513,132,74,18.0,2,0.0,,16000.0,,16000.0,1.0,2
2022HU1216749,07513,149,51,12.0,1,0.0,0420,0.0,119151,16000.0,1.0,2
2022HU1216968,07507,295,79,16.0,2,0.0,,8400.0,,8400.0,3.0,1
2022HU1217401,07513,76,41,21.0,2,129000.0,0630,160000.0,131070,260000.0,1.0,4
2022HU1217401,07513,74,42,19.0,1,100000.0,4760,100000.0,412031,260000.0,1.0,4
2022HU1217401,07513,60,10,6.0,1,,,,,260000.0,1.0,4
2022HU1217401,07513,60,8,4.0,1,,,,,260000.0,1.0,4
2022HU1217606,07513,55,52,22.0,2,180000.0,2840,180000.0,273042,216000.0,3.0,2
2022HU1217606,07513,59,73,22.0,1,30000.0,2810,36000.0,273023,216000.0,3.0,2
2022HU1217894,07507,80,71,10.0,1,0.0,4030,9700.0,352021,22300.0,2.0,2
2022HU1217894,07507,77,70,7.0,2,0.0,8320,12600.0,516031,22300.0,2.0,2
2022HU1218159,07513,74,94,19.0,1,0.0,,21500.0,,93640.0,1.0,3
2022HU1218159,07513,76,71,19.0,2,0.0,,72140.0,,93640.0,1.0,3
2022HU1218159,07513,74,49,19.0,1,0.0,5810,0.0,439021,93640.0,1.0,3
2022HU1218548,07512,41,32,21.0,1,100000.0,3870,100000.0,333050,100000.0,1.0,1
2022HU1218739,07509,104,60,22.0,1,180000.0,0120,192000.0,113031,382000.0,2.0,2
2022HU1218739,07509,108,58,22.0,2,190000.0,5000,190000.0,431011,382000.0,2.0,2
2022HU1219139,07509,51,52,21.0,1,110000.0,2205,110000.0,251000,110000.0,3.0,1
2022HU1220082,07510,49,31,21.0,1,687000.0,1021,687000.0,151252,687000.0,3.0,1
2022HU1220419,07509,93,67,20.0,1,0.0,,19700.0,,19700.0,3.0,1
2022HU1221081,07514,93,29,22.0,1,687000.0,1021,684300.0,151252,748300.0,1.0,2
2022HU1221081,07514,74,29,22.0,2,64000.0,2310,64000.0,252020,748300.0,1.0,2
2022HU1221394,07509,78,37,22.0,2,78000.0,2310,78000.0,252020,193000.0,3.0,2
2022HU1221394,07509,76,37,21.0,2,115000.0,0725,115000.0,131121,193000.0,3.0,2
2022HU1222764,07508,46,51,22.0,2,0.0,2014,2500.0,211029,2500.0,2.0,1
2022HU1223475,07513,113,69,15.0,1,0.0,,10800.0,,10800.0,3.0,1
2022HU1224163,07513,51,51,21.0,2,0.0,,9700.0,,52900.0,3.0,3
2022HU1224163,07513,72,21,19.0,2,2500.0,5710,2500.0,436011,52900.0,3.0,3
2022HU1224163,07513,57,74,20.0,2,0.0,,40700.0,,52900.0,3.0,3
2022HU1224359,07508,243,60,21.0,1,150000.0,0410,250000.0,119141,325000.0,1.0,2
2022HU1224359,07508,253,58,21.0,2,75000.0,0726,75000.0,131131,325000.0,1.0,2
2022HU1224498,07510,162,75,1.0,1,0.0,,10000.0,,21400.0,3.0,2
2022HU1224498,07510,102,72,1.0,2,0.0,,11400.0,,21400.0,3.0,2
2022HU1224616,07514,47,23,22.0,2,50000.0,0710,50800.0,131111,50800.0,3.0,1
2022HU1224979,07511,592,87,21.0,1,0.0,,7200.0,,42200.0,3.0,2
2022HU1224979,07511,458,57,19.0,2,33000.0,4720,35000.0,412010,42200.0,3.0,2
2022HU1225106,07507,69,85,16.0,2,0.0,,24000.0,,135400.0,2.0,3
2022HU1225106,07507,134,88,12.0,1,0.0,,55400.0,,135400.0,2.0,3
2022HU1225106,07507,45,52,21.0,2,56000.0,6200,56000.0,471011,135400.0,2.0,3
2022HU1226814,07512,59,66,19.0,2,0.0,,93800.0,,248430.0,2.0,5
2022HU1226814,07512,64,74,17.0,1,0.0,,79400.0,,248430.0,2.0,5
2022HU1226814,07512,60,34,17.0,2,36500.0,5120,36500.0,433031,248430.0,2.0,5
2022HU1226814,07512,63,30,20.0,1,38700.0,4850,38730.0,414010,248430.0,2.0,5
2022HU1226814,07512,59,12,9.0,1,,,,,248430.0,2.0,5
2022HU1226816,07507,102,74,19.0,2,0.0,,24200.0,,24200.0,4.0,1
2022HU1226829,07508,72,72,1.0,2,0.0,,4000.0,,66000.0,2.0,2
2022HU1226829,07508,86,88,1.0,1,0.0,,62000.0,,66000.0,2.0,2
2022HU1228229,07509,82,46,22.0,1,190000.0,0440,190000.0,1191XX,190000.0,3.0,1
2022HU1228281,07511,60,61,21.0,1,270000.0,9030,272500.0,532010,276000.0,3.0,2
2022HU1228281,07511,29,21,19.0,2,3500.0,4760,3500.0,412031,276000.0,3.0,2
2022HU1228365,07511,44,27,22.0,2,200000.0,3255,201000.0,291141,201000.0,1.0,1
2022HU1229433,07511,100,45,22.0,1,180000.0,4850,185000.0,414010,185000.0,1.0,1
2022HU1230180,07507,42,51,22.0,1,100000.0,0540,100080.0,131030,200560.0,1.0,5
2022HU1230180,07507,49,51,22.0,2,96000.0,2014,96080.0,211029,200560.0,1.0,5
2022HU1230180,07507,27,20,19.0,2,1100.0,7640,1100.0,4990XX,200560.0,1.0,5
2022HU1230180,07507,46,18,16.0,2,1800.0,7340,1800.0,499071,200560.0,1.0,5
2022HU1230180,07507,31,17,14.0,2,1500.0,4540,1500.0,397010,200560.0,1.0,5
2022HU1230842,07509,96,36,21.0,2,320000.0,0051,320000.0,112021,320000.0,1.0,1
2022HU1231132,07511,92,83,1.0,1,0.0,,13400.0,,23500.0,3.0,2
2022HU1231132,07511,81,70,1.0,2,0.0,,10100.0,,23500.0,3.0,2
2022HU1232122,07514,100,40,22.0,1,200000.0,0051,200000.0,112021,200000.0,3.0,1
2022HU1232875,07514,78,61,24.0,2,79000.0,0710,79000.0,131111,766000.0,1.0,2
2022HU1232875,07514,84,56,24.0,1,687000.0,0010,687000.0,1110XX,766000.0,1.0,2
2022HU1232903,07510,88,53,15.0,2,0.0,,6200.0,,6200.0,3.0,1
2022HU1232940,07510,71,30,22.0,1,140000.0,1021,140000.0,151252,280000.0,3.0,2
2022HU1232940,07510,49,28,21.0,1,140000.0,0440,140000.0,1191XX,280000.0,3.0,2
2022HU1233319,07514,188,19,19.0,2,7900.0,4055,7900.0,353023,19900.0,3.0,3
2022HU1233319,07514,167,19,19.0,2,7000.0,4055,7000.0,353023,19900.0,3.0,3
2022HU1233319,07514,61,19,19.0,1,5000.0,4720,5000.0,412010,19900.0,3.0,3
2022HU1233406,07513,75,62,19.0,1,15000.0,9645,15000.0,537065,15000.0,3.0,1
2022HU1234172,07508,80,28,22.0,2,75000.0,2310,75000.0,252020,211000.0,2.0,2
2022HU1234172,07508,107,29,21.0,1,136000.0,0630,136000.0,131070,211000.0,2.0,2
2022HU1234617,07513,68,75,20.0,2,0.0,,28700.0,,50700.0,2.0,2
2022HU1234617,07513,70,75,16.0,1,0.0,,22000.0,,50700.0,2.0,2
2022HU1235121,07514,94,40,22.0,1,101000.0,2635,101000.0,271025,101000.0,3.0,1
2022HU1235693,07507,99,25,21.0,2,27000.0,4010,27000.0,351012,313000.0,3.0,5
2022HU1235693,07507,57,27,21.0,2,74000.0,2310,74000.0,252020,313000.0,3.0,5
2022HU1235693,07507,94,27,22.0,2,69000.0,2310,69000.0,252020,313000.0,3.0,5
2022HU1235693,07507,94,27,22.0,2,69000.0,2300,69000.0,252010,313000.0,3.0,5
2022HU1235693,07507,57,25,22.0,2,74000.0,2310,74000.0,252020,313000.0,3.0,5
2022HU1236118,07508,52,70,21.0,2,0.0,0650,65470.0,131151,77340.0,3.0,2
2022HU1236118,07508,62,70,19.0,1,0.0,,11870.0,,77340.0,3.0,2
2022HU1236443,07511,104,30,21.0,1,150000.0,0800,150000.0,132011,150000.0,1.0,1
2022HU1237039,07511,59,33,22.0,2,316000.0,0160,316000.0,113071,316000.0,1.0,1
2022HU1237127,07510,155,68,16.0,1,0.0,3602,11100.0,311122,20900.0,3.0,2
2022HU1237127,07510,104,66,16.0,2,0.0,,9800.0,,20900.0,3.0,2
2022HU1238273,07511,43,23,21.0,1,180000.0,1021,180050.0,151252,490050.0,3.0,3
2022HU1238273,07511,56,25,22.0,1,180000.0,1021,180000.0,151252,490050.0,3.0,3
2022HU1238273,07511,54,24,21.0,1,130000.0,1005,130000.0,151221,490050.0,3.0,3
2022HU1238457,07511,64,33,23.0,1,180000.0,2100,180000.0,2310XX,240000.0,3.0,3
2022HU1238457,07511,64,33,21.0,1,40000.0,4840,40000.0,413091,240000.0,3.0,3
2022HU1238457,07511,60,31,23.0,2,20000.0,4010,20000.0,351012,240000.0,3.0,3
2022HU1238568,07514,66,65,19.0,1,75000.0,0735,75150.0,131161,75150.0,3.0,1
2022HU1239530,07507,100,29,19.0,2,0.0,5110,4000.0,433021,4000.0,3.0,2
2022HU1239530,07507,149,1,,2,,,,,4000.0,3.0,2
2022HU1240301,07508,62,31,20.0,2,50000.0,9050,54000.0,532031,108000.0,3.0,2
2022HU1240301,07508,50,32,19.0,1,50000.0,9050,54000.0,532031,108000.0,3.0,2
2022HU1240347,07511,306,30,22.0,1,135000.0,2002,135000.0,211012,135000.0,3.0,1
2022HU1241174,07509,126,36,22.0,1,350000.0,1021,370000.0,151252,1062000.0,3.0,2
2022HU1241174,07509,142,35,22.0,2,687000.0,1240,692000.0,1520XX,1062000.0,3.0,2
2022HU1241188,07511,106,37,21.0,1,200000.0,0051,200000.0,112021,400000.0,1.0,2
2022HU1241188,07511,106,36,21.0,2,200000.0,0051,200000.0,112021,400000.0,1.0,2
2022HU1241226,07512,87,80,9.0,1,0.0,,44400.0,,51600.0,2.0,2
2022HU1241226,07512,73,71,1.0,2,0.0,,7200.0,,51600.0,2.0,2
2022HU1241452,07507,58,71,8.0,1,0.0,9141,44900.0,533053,157900.0,2.0,3
2022HU1241452,07507,55,68,10.0,2,0.0,,13000.0,,157900.0,2.0,3
2022HU1241452,07507,55,38,21.0,1,100000.0,1650,100000.0,1910XX,157900.0,2.0,3
2022HU1241957,07509,178,65,16.0,2,34000.0,5560,50000.0,435053,58000.0,2.0,2
2022HU1241957,07509,186,71,8.0,1,0.0,,8000.0,,58000.0,2.0,2
2022HU1242223,07510,69,43,19.0,1,0.0,1006,64300.0,151211,138300.0,3.0,2
2022HU1242223,07510,70,31,21.0,2,74000.0,0140,74000.0,113051,138300.0,3.0,2
2022HU1242822,07509,38,28,21.0,1,180000.0,0750,180000.0,131199,180000.0,3.0,1
2022HU1243100,07508,97,43,21.0,1,126000.0,1021,126000.0,151252,215000.0,3.0,2
2022HU1243100,07508,98,42,21.0,2,89000.0,2861,89000.0,273091,215000.0,3.0,2
2022HU1243342,07507,43,30,21.0,1,120000.0,4760,120000.0,412031,375000.0,3.0,4
2022HU1243342,07507,28,28,19.0,1,65000.0,4760,65000.0,412031,375000.0,3.0,4
2022HU1243342,07507,26,27,21.0,2,100000.0,0020,100000.0,111021,375000.0,3.0,4
2022HU1243342,07507,34,25,19.0,2,90000.0,1021,90000.0,151252,375000.0,3.0,4
2022HU1243693,07511,93,80,21.0,1,0.0,,4100.0,,4100.0,3.0,1
2022HU1243774,07512,79,61,1.0,2,0.0,,9300.0,,9300.0,3.0,3
2022HU1243774,07512,41,24,20.0,2,0.0,,0.0,,9300.0,3.0,3
2022HU1243774,07512,40,21,1.0,2,0.0,,0.0,,9300.0,3.0,3
2022HU1243950,07509,81,42,23.0,1,0.0,1305,15000.0,171011,15250.0,3.0,5
2022HU1243950,07509,74,44,23.0,2,0.0,4020,250.0,352010,15250.0,3.0,5
2022HU1243950,07509,70,11,9.0,1,,,,,15250.0,3.0,5
2022HU1243950,07509,69,10,7.0,1,,,,,15250.0,3.0,5
2022HU1243950,07509,70,8,5.0,1,,,,,15250.0,3.0,5
2022HU1244221,07511,55,38,24.0,1,200000.0,0440,217200.0,1191XX,597200.0,1.0,3
2022HU1244221,07511,56,38,24.0,2,380000.0,0440,380000.0,1191XX,597200.0,1.0,3
2022HU1244221,07511,82,2,,1,,,,,597200.0,1.0,3
2022HU1244746,07510,90,33,21.0,1,687000.0,0020,698000.0,111021,957000.0,1.0,2
2022HU1244746,07510,94,30,21.0,2,259000.0,1021,259000.0,151252,957000.0,1.0,2
2022HU1244758,07511,71,57,1.0,2,0.0,,0.0,,65000.0,3.0,2
2022HU1244758,07511,45,22,21.0,1,65000.0,1360,65000.0,172051,65000.0,3.0,2
2022HU1244864,07512,71,48,24.0,1,120000.0,2350,120000.0,253041,202700.0,3.0,3
2022HU1244864,07512,54,43,20.0,2,76000.0,4510,76000.0,395012,202700.0,3.0,3
2022HU1244864,07512,52,43,16.0,1,5000.0,1900,6700.0,194010,202700.0,3.0,3
2022HU1244985,07507,87,52,19.0,1,120000.0,3402,120000.0,292043,120000.0,1.0,1
2022HU1245496,07513,107,57,21.0,2,0.0,4920,135000.0,419020,297000.0,1.0,3
2022HU1245496,07513,102,64,22.0,1,150000.0,0010,150000.0,1110XX,297000.0,1.0,3
2022HU1245496,07513,102,88,11.0,2,0.0,,12000.0,,297000.0,1.0,3
2022HU1245653,07507,79,89,9.0,2,0.0,,18800.0,,84000.0,1.0,4
2022HU1245653,07507,66,69,20.0,2,9000.0,0020,34000.0,111021,84000.0,1.0,4
2022HU1245653,07507,63,44,16.0,1,31200.0,4251,31200.0,373011,84000.0,1.0,4
2022HU1245653,07507,42,50,19.0,2,0.0,4720,0.0,412010,84000.0,1.0,4
2022HU1245951,07510,77,23,21.0,1,50000.0,0630,50000.0,131070,56000.0,3.0,2
2022HU1245951,07510,101,22,21.0,1,6000.0,4020,6000.0,352010,56000.0,3.0,2
2022HU1246039,07510,97,29,23.0,1,65000.0,0800,65000.0,132011,135000.0,3.0,2
2022HU1246039,07510,80,27,23.0,2,70000.0,0800,70000.0,132011,135000.0,3.0,2
2022HU1247004,07507,50,61,23.0,2,100000.0,2205,100000.0,251000,100000.0,1.0,1
2022HU1247338,07512,111,25,21.0,2,0.0,3602,28800.0,311122,113800.0,3.0,5
2022HU1247338,07512,81,30,22.0,2,0.0,6050,0.0,4520XX,113800.0,3.0,5
2022HU1247338,07512,62,24,21.0,2,50000.0,1970,50000.0,1940YY,113800.0,3.0,5
2022HU1247338,07512,61,23,21.0,2,0.0,2350,3400.0,253041,113800.0,3.0,5
2022HU1247338,07512,119,22,21.0,2,28600.0,2205,31600.0,251000,113800.0,3.0,5
2022HU1248150,07508,48,46,22.0,2,90000.0,2330,90000.0,252050,90000.0,3.0,1
2022HU1248217,07514,64,46,17.0,2,0.0,4965,11200.0,419099,11200.0,3.0,1
2022HU1248505,07511,47,47,21.0,2,687000.0,0051,687000.0,112021,1374000.0,1.0,4
2022HU1248505,07511,61,46,22.0,1,687000.0,2640,687000.0,27102X,1374000.0,1.0,4
2022HU1248505,07511,54,17,13.0,1,0.0,,0.0,,1374000.0,1.0,4
2022HU1248505,07511,53,12,8.0,1,,,,,1374000.0,1.0,4
2022HU1248652,07512,107,49,23.0,1,0.0,1760,50000.0,192099,50000.0,3.0,2
2022HU1248652,07512,70,15,11.0,1,0.0,,0.0,,50000.0,3.0,2
2022HU1248837,07508,188,66,21.0,2,0.0,,197500.0,,197500.0,2.0,1
2022HU1249037,07511,96,37,20.0,1,80000.0,4000,90000.0,351011,190000.0,3.0,2
2022HU1249037,07511,86,32,16.0,2,100000.0,0110,100000.0,113021,190000.0,3.0,2
2022HU1249351,07511,58,47,22.0,1,180000.0,0800,180000.0,132011,180000.0,1.0,1
2022HU1249968,07511,53,66,22.0,1,0.0,2002,50000.0,211012,50000.0,3.0,1
2022HU1250184,07514,91,27,21.0,2,200000.0,1010,200000.0,151251,455000.0,3.0,3
2022HU1250184,07514,100,27,21.0,1,170000.0,1021,170000.0,151252,455000.0,3.0,3
2022HU1250184,07514,84,26,21.0,2,85000.0,0110,85000.0,113021,455000.0,3.0,3
2022HU1250606,07514,56,71,22.0,2,0.0,,61100.0,,179100.0,2.0,5
2022HU1250606,07514,38,46,23.0,2,38000.0,5740,38000.0,436014,179100.0,2.0,5
2022HU1250606,07514,86,10,8.0,1,,,,,179100.0,2.0,5
2022HU1250606,07514,57,6,3.0,1,,,,,179100.0,2.0,5
2022HU1250606,07514,65,36,20.0,1,80000.0,3401,80000.0,292042,179100.0,2.0,5
2022HU1251111,07509,94,28,24.0,2,0.0,3000,60000.0,291011,60000.0,3.0,1
2022HU1254030,07507,73,33,15.0,2,0.0,,0.0,,90000.0,3.0,5
2022HU1254030,07507,93,43,19.0,1,90000.0,9122,90000.0,533052,90000.0,3.0,5
2022HU1254030,07507,194,15,12.0,1,0.0,,0.0,,90000.0,3.0,5
2022HU1254030,07507,141,13,10.0,2,,,,,90000.0,3.0,5
2022HU1254030,07507,147,3,1.0,1,,,,,90000.0,3.0,5
2022HU1254511,07513,57,62,21.0,2,140000.0,0440,156000.0,1191XX,191500.0,1.0,3
2022HU1254511,07513,99,82,16.0,2,0.0,,24000.0,,191500.0,1.0,3
2022HU1254511,07513,67,87,16.0,1,0.0,,11500.0,,191500.0,1.0,3
2022HU1254762,07514,101,31,21.0,1,687000.0,4820,687000.0,413031,807000.0,3.0,2
2022HU1254762,07514,112,31,21.0,2,120000.0,0440,120000.0,1191XX,807000.0,3.0,2
2022HU1254795,07514,61,80,22.0,2,0.0,2310,58400.0,252020,58400.0,3.0,1
2022HU1254803,07508,145,36,21.0,1,100000.0,1021,100000.0,151252,182000.0,3.0,2
2022HU1254803,07508,165,25,21.0,2,82000.0,1910,82000.0,194021,182000.0,3.0,2
2022HU1255223,07511,64,81,21.0,1,0.0,,10600.0,,10600.0,3.0,1
2022HU1255423,07512,77,57,22.0,2,136000.0,2850,136000.0,273043,205400.0,1.0,4
2022HU1255423,07512,100,53,22.0,1,45400.0,0845,69400.0,132051,205400.0,1.0,4
2022HU1255423,07512,70,18,14.0,1,0.0,,0.0,,205400.0,1.0,4
2022HU1255423,07512,148,15,12.0,2,0.0,,0.0,,205400.0,1.0,4
2022HU1256950,07507,77,71,1.0,2,0.0,,8000.0,,8000.0,3.0,1
2022HU1256953,07511,66,72,21.0,2,0.0,0150,68480.0,113061,68480.0,3.0,1
2022HU1257371,07507,53,25,21.0,2,130000.0,1021,130000.0,151252,490450.0,1.0,3
2022HU1257371,07507,51,27,22.0,2,170000.0,0845,170450.0,132051,490450.0,1.0,3
2022HU1257371,07507,45,28,21.0,1,190000.0,1021,190000.0,151252,490450.0,1.0,3
2022HU1257695,07510,82,52,21.0,1,85000.0,3310,85000.0,291292,235000.0,1.0,2
2022HU1257695,07510,74,51,23.0,1,150000.0,2100,150000.0,2310XX,235000.0,1.0,2
2022HU1258654,07510,53,40,20.0,2,20000.0,5120,20000.0,433031,20190.0,2.0,3
2022HU1258654,07510,47,17,13.0,2,190.0,4030,190.0,352021,20190.0,2.0,3
2022HU1258654,07510,48,9,7.0,2,,,,,20190.0,2.0,3
2022HU1259132,07511,49,59,23.0,1,0.0,9142,18000.0,533054,108000.0,3.0,3
2022HU1259132,07511,94,62,19.0,2,90000.0,2145,90000.0,232011,108000.0,3.0,3
2022HU1259132,07511,231,18,15.0,1,0.0,,0.0,,108000.0,3.0,3
2022HU1259610,07511,50,32,22.0,1,300000.0,1021,350000.0,151252,450000.0,2.0,3
2022HU1259610,07511,48,32,21.0,2,100000.0,0750,100000.0,131199,450000.0,2.0,3
2022HU1259610,07511,64,0,,2,,,,,450000.0,2.0,3
2022HU1260322,07511,150,25,23.0,2,14800.0,2105,12100.0,231012,62100.0,3.0,3
2022HU1260322,07511,178,28,21.0,2,25000.0,4230,25000.0,372012,62100.0,3.0,3
2022HU1260322,07511,201,25,21.0,2,25000.0,3245,25000.0,29112X,62100.0,3.0,3
2022HU1261852,07509,472,29,22.0,2,70000.0,3255,70000.0,291141,140000.0,3.0,2
2022HU1261852,07509,427,29,22.0,1,70000.0,3160,70000.0,291123,140000.0,3.0,2
2022HU1262288,07514,63,47,21.0,2,86000.0,4760,86000.0,412031,86000.0,3.0,1
2022HU1262404,07508,67,36,23.0,1,160000.0,2100,192000.0,2310XX,307000.0,1.0,2
2022HU1262404,07508,79,36,21.0,2,115000.0,0710,115000.0,131111,307000.0,1.0,2
2022HU1262813,07510,116,75,22.0,1,0.0,,182100.0,,182100.0,2.0,1
2022HU1262982,07511,80,37,24.0,1,687000.0,1021,707000.0,151252,807000.0,1.0,4
2022HU1262982,07511,81,37,24.0,2,100000.0,1825,100000.0,19303X,807000.0,1.0,4
2022HU1262982,07511,119,1,,1,,,,,807000.0,1.0,4
2022HU1262982,07511,119,0,,1,,,,,807000.0,1.0,4
2022HU1263120,07513,140,39,21.0,1,0.0,,1200.0,,221200.0,3.0,3
2022HU1263120,07513,118,40,23.0,2,220000.0,0051,220000.0,112021,221200.0,3.0,3
2022HU1263120,07513,105,2,,1,,,,,221200.0,3.0,3
2022HU1263317,07513,60,36,20.0,2,93000.0,0630,93000.0,131070,214000.0,1.0,5
2022HU1263317,07513,66,46,19.0,1,121000.0,1050,121000.0,151230,214000.0,1.0,5
2022HU1263317,07513,49,6,3.0,1,,,,,214000.0,1.0,5
2022HU1263317,07513,59,5,2.0,2,,,,,214000.0,1.0,5
2022HU1263317,07513,58,85,1.0,1,0.0,,0.0,,214000.0,1.0,5
2022HU1263464,07507,56,62,1.0,2,15000.0,3602,24200.0,311122,41200.0,2.0,2
2022HU1263464,07507,56,67,15.0,1,7800.0,3602,17000.0,311122,41200.0,2.0,2
2022HU1264235,07509,266,28,23.0,1,100000.0,0850,100000.0,132052,435000.0,3.0,3
2022HU1264235,07509,257,29,23.0,1,110000.0,1021,110000.0,151252,435000.0,3.0,3
2022HU1264235,07509,293,40,22.0,1,225000.0,4840,225000.0,413091,435000.0,3.0,3
2022HU1264362,07511,53,24,21.0,2,200000.0,0440,200000.0,1191XX,200000.0,3.0,1
2022HU1264555,07514,29,24,21.0,2,114000.0,0530,114000.0,131023,200000.0,3.0,2
2022HU1264555,07514,52,25,21.0,1,86000.0,0051,86000.0,112021,200000.0,3.0,2
2022HU1265143,07512,186,71,18.0,2,0.0,,87900.0,,87900.0,2.0,1
2022HU1265791,07511,60,28,21.0,1,62000.0,1760,62000.0,192099,162000.0,3.0,2
2022HU1265791,07511,54,25,21.0,1,100000.0,1760,100000.0,192099,162000.0,3.0,2
2022HU1265792,07514,116,34,21.0,2,145000.0,0051,146000.0,112021,146000.0,3.0,1
2022HU1266507,07508,224,27,21.0,1,50000.0,4760,50000.0,412031,100000.0,3.0,2
2022HU1266507,07508,214,26,21.0,1,50000.0,4840,50000.0,413091,100000.0,3.0,2
2022HU1266699,07507,197,59,21.0,2,97000.0,2310,97000.0,252020,105300.0,1.0,5
2022HU1266699,07507,182,61,22.0,1,0.0,,0.0,,105300.0,1.0,5
2022HU1266699,07507,100,20,19.0,2,3500.0,4055,3500.0,353023,105300.0,1.0,5
2022HU1266699,07507,193,16,13.0,2,4800.0,4055,4800.0,353023,105300.0,1.0,5
2022HU1266699,07507,193,16,13.0,2,0.0,,0.0,,105300.0,1.0,5
2022HU1266955,07510,134,52,19.0,1,125000.0,4850,132000.0,414010,132000.0,1.0,1
2022HU1267973,07513,63,62,1.0,1,0.0,0220,6000.0,119021,250000.0,1.0,5
2022HU1267973,07513,61,59,1.0,2,40000.0,4230,40000.0,372012,250000.0,1.0,5
2022HU1267973,07513,62,31,21.0,2,120000.0,0800,120000.0,132011,250000.0,1.0,5
2022HU1267973,07513,53,23,21.0,1,60000.0,1650,60000.0,1910XX,250000.0,1.0,5
2022HU1267973,07513,57,89,1.0,2,0.0,,24000.0,,250000.0,1.0,5
2022HU1269086,07508,50,48,22.0,1,50000.0,2320,50000.0,252030,50000.0,3.0,1
2022HU1269166,07512,135,63,16.0,2,38500.0,5000,38500.0,431011,200950.0,2.0,4
2022HU1269166,07512,145,59,16.0,1,60000.0,9122,60000.0,533052,200950.0,2.0,4
2022HU1269166,07512,112,33,21.0,2,61000.0,5500,61450.0,435011,200950.0,2.0,4
2022HU1269166,07512,111,30,21.0,2,41000.0,5730,41000.0,436013,200950.0,2.0,4
2022HU1269175,07512,76,84,21.0,2,0.0,,49210.0,,49210.0,1.0,1
2022HU1269254,07510,83,77,22.0,1,161000.0,2830,211600.0,273041,307600.0,1.0,3
2022HU1269254,07510,75,68,21.0,1,70000.0,5110,96000.0,433021,307600.0,1.0,3
2022HU1269254,07510,81,42,13.0,1,0.0,,0.0,,307600.0,1.0,3
2022HU1269287,07511,43,29,21.0,2,75000.0,9645,75000.0,537065,218000.0,3.0,2
2022HU1269287,07511,47,29,21.0,1,143000.0,0440,143000.0,1191XX,218000.0,3.0,2
2022HU1269685,07507,55,62,21.0,2,140000.0,0350,334100.0,119111,334100.0,2.0,1
2022HU1270327,07509,64,80,21.0,2,0.0,,36500.0,,36500.0,3.0,1
2022HU1270450,07512,153,45,21.0,1,100000.0,1021,100000.0,151252,226100.0,1.0,3
2022HU1270450,07512,126,40,22.0,2,110000.0,0710,110000.0,131111,226100.0,1.0,3
2022HU1270450,07512,123,75,21.0,1,0.0,,16100.0,,226100.0,1.0,3
2022HU1271069,07513,144,37,21.0,2,687000.0,0440,687000.0,1191XX,1374000.0,1.0,2
2022HU1271069,07513,178,46,21.0,1,687000.0,1021,687000.0,151252,1374000.0,1.0,2
2022HU1271362,07511,51,62,22.0,1,124000.0,1305,124200.0,171011,210200.0,1.0,3
2022HU1271362,07511,51,59,23.0,1,58000.0,3649,58000.0,319097,210200.0,1.0,3
2022HU1271362,07511,65,49,19.0,1,28000.0,9645,28000.0,537065,210200.0,1.0,3
2022HU1272411,07514,87,40,19.0,1,40000.0,2700,40000.0,272011,180000.0,3.0,2
2022HU1272411,07514,78,35,20.0,1,140000.0,0440,140000.0,1191XX,180000.0,3.0,2
2022HU1272503,07508,67,54,19.0,2,80000.0,4510,80000.0,395012,80000.0,1.0,1
2022HU1272602,07513,62,52,22.0,2,180000.0,1021,180000.0,151252,360000.0,1.0,3
2022HU1272602,07513,65,52,22.0,1,180000.0,0230,180000.0,119030,360000.0,1.0,3
2022HU1272602,07513,55,21,16.0,1,0.0,,0.0,,360000.0,1.0,3
2022HU1272799,07508,78,44,16.0,1,25200.0,9142,27330.0,533054,34830.0,3.0,5
2022HU1272799,07508,69,38,16.0,2,0.0,,7500.0,,34830.0,3.0,5
2022HU1272799,07508,69,15,12.0,1,0.0,,0.0,,34830.0,3.0,5
2022HU1272799,07508,66,10,7.0,2,,,,,34830.0,3.0,5
2022HU1272799,07508,67,8,5.0,2,,,,,34830.0,3.0,5
2022HU1272859,07508,60,53,22.0,1,0.0,2910,14200.0,274021,14360.0,3.0,3
2022HU1272859,07508,41,45,22.0,2,0.0,2310,160.0,252020,14360.0,3.0,3
2022HU1272859,07508,56,16,13.0,2,0.0,,0.0,,14360.0,3.0,3
2022HU1273283,07508,75,73,21.0,2,0.0,,45200.0,,45200.0,2.0,1
2022HU1273490,07513,33,41,21.0,1,200000.0,0440,200000.0,1191XX,298000.0,1.0,4
2022HU1273490,07513,38,37,22.0,2,98000.0,0705,98000.0,131082,298000.0,1.0,4
2022HU1273490,07513,61,2,,2,,,,,298000.0,1.0,4
2022HU1273490,07513,31,0,,1,,,,,298000.0,1.0,4
2022HU1274140,07511,42,26,21.0,1,167000.0,0040,167000.0,112011,247000.0,3.0,2
2022HU1274140,07511,45,27,21.0,2,80000.0,0440,80000.0,1191XX,247000.0,3.0,2
2022HU1274242,07509,108,51,1.0,2,0.0,,0.0,,0.0,2.0,1
2022HU1274290,07513,29,56,20.0,2,0.0,,15900.0,,86800.0,3.0,6
2022HU1274290,07513,32,70,16.0,2,0.0,,6000.0,,86800.0,3.0,6
2022HU1274290,07513,28,51,18.0,1,0.0,,15600.0,,86800.0,3.0,6
2022HU1274290,07513,32,74,21.0,1,15000.0,9142,15000.0,533054,86800.0,3.0,6
2022HU1274290,07513,28,51,18.0,2,0.0,4525,10000.0,39509X,86800.0,3.0,6
2022HU1274290,07513,28,47,11.0,2,0.0,6260,24300.0,472061,86800.0,3.0,6
2022HU1275176,07509,125,51,21.0,1,0.0,9142,60000.0,533054,90000.0,3.0,5
2022HU1275176,07509,157,32,16.0,2,30000.0,5860,30000.0,439061,90000.0,3.0,5
2022HU1275176,07509,126,18,16.0,1,0.0,,0.0,,90000.0,3.0,5
2022HU1275176,07509,117,11,8.0,1,,,,,90000.0,3.0,5
2022HU1275176,07509,182,65,16.0,2,0.0,,0.0,,90000.0,3.0,5
2022HU1276892,07511,251,55,24.0,2,214000.0,0010,214000.0,1110XX,290000.0,1.0,2
2022HU1276892,07511,251,61,24.0,2,5000.0,0230,76000.0,119030,290000.0,1.0,2
2022HU1277216,07514,72,32,22.0,2,200000.0,0735,200000.0,131161,380000.0,3.0,2
2022HU1277216,07514,62,31,22.0,1,175000.0,0300,180000.0,119041,380000.0,3.0,2
2022HU1277255,07511,56,34,23.0,2,280000.0,2100,280000.0,2310XX,280000.0,3.0,1
2022HU1277744,07512,141,55,21.0,1,100000.0,0020,100000.0,111021,214000.0,1.0,4
2022HU1277744,07512,104,48,21.0,2,110000.0,0120,110000.0,113031,214000.0,1.0,4
2022HU1277744,07512,95,21,16.0,1,4000.0,5510,4000.0,435021,214000.0,1.0,4
2022HU1277744,07512,77,15,12.0,1,0.0,,0.0,,214000.0,1.0,4
2022HU1277928,07510,129,36,19.0,1,32000.0,4110,32000.0,353031,39200.0,3.0,2
2022HU1277928,07510,107,67,16.0,2,0.0,,7200.0,,39200.0,3.0,2
2022HU1278079,07508,50,68,24.0,2,204000.0,2205,212100.0,251000,486100.0,1.0,2
2022HU1278079,07508,64,67,24.0,1,270000.0,0010,274000.0,1110XX,486100.0,1.0,2
2022HU1278178,07509,304,36,12.0,1,0.0,4655,34000.0,399099,64000.0,3.0,5
2022HU1278178,07509,323,31,15.0,2,30000.0,9645,30000.0,537065,64000.0,3.0,5
2022HU1278178,07509,315,4,2.0,2,,,,,64000.0,3.0,5
2022HU1278178,07509,316,0,,2,,,,,64000.0,3.0,5
2022HU1278178,07509,513,10,8.0,1,,,,,64000.0,3.0,5
2022HU1278431,07514,54,28,21.0,1,110000.0,1650,110000.0,1910XX,310000.0,3.0,2
2022HU1278431,07514,44,28,21.0,2,200000.0,4760,200000.0,412031,310000.0,3.0,2
2022HU1278882,07512,51,26,21.0,2,50000.0,0010,50000.0,1110XX,267600.0,2.0,7
2022HU1278882,07512,41,40,11.0,1,72000.0,8620,72000.0,518031,267600.0,2.0,7
2022HU1278882,07512,47,36,11.0,2,69000.0,4110,72000.0,353031,267600.0,2.0,7
2022HU1278882,07512,58,61,16.0,1,0.0,,0.0,,267600.0,2.0,7
2022HU1278882,07512,52,54,15.0,2,0.0,3602,48000.0,311122,267600.0,2.0,7
2022HU1278882,07512,46,54,15.0,1,25600.0,4030,25600.0,352021,267600.0,2.0,7
2022HU1278882,07512,34,24,8.0,2,0.0,,0.0,,267600.0,2.0,7
2022HU1279137,07511,57,62,19.0,2,33000.0,4000,33000.0,351011,44400.0,3.0,2
2022HU1279137,07511,52,66,21.0,1,11400.0,7810,11400.0,513020,44400.0,3.0,2
2022HU1279232,07514,76,25,21.0,2,90000.0,2634,90000.0,271024,90000.0,3.0,1
2022HU1279235,07509,74,30,21.0,2,133000.0,0060,135600.0,112030,160800.0,3.0,2
2022HU1279235,07509,79,76,21.0,1,0.0,,25200.0,,160800.0,3.0,2
2022HU1279445,07514,83,33,21.0,1,200000.0,4920,200000.0,419020,200000.0,3.0,1
2022HU1279925,07508,28,39,17.0,2,40000.0,5300,40000.0,434081,40000.0,3.0,1
2022HU1280160,07510,140,60,22.0,1,365000.0,0010,365000.0,1110XX,365000.0,3.0,1
2022HU1281039,07507,192,85,20.0,2,0.0,,1500.0,,41900.0,2.0,3
2022HU1281039,07507,156,67,19.0,2,0.0,,1400.0,,41900.0,2.0,3
2022HU1281039,07507,323,39,19.0,1,39000.0,3601,39000.0,311121,41900.0,2.0,3
2022HU1281276,07510,182,94,1.0,2,0.0,,12000.0,,42000.0,2.0,2
2022HU1281276,07510,144,52,16.0,1,30000.0,5510,30000.0,435021,42000.0,2.0,2
2022HU1281874,07507,79,66,5.0,2,0.0,,32000.0,,80500.0,1.0,9
2022HU1281874,07507,71,44,16.0,1,33500.0,9645,33500.0,537065,80500.0,1.0,9
2022HU1281874,07507,63,43,14.0,2,0.0,2545,0.0,259040,80500.0,1.0,9
2022HU1281874,07507,48,60,8.0,2,0.0,,0.0,,80500.0,1.0,9
2022HU1281874,07507,48,21,16.0,2,15000.0,4020,15000.0,352010,80500.0,1.0,9
2022HU1281874,07507,118,3,1.0,2,,,,,80500.0,1.0,9
2022HU1281874,07507,63,39,16.0,2,0.0,,0.0,,80500.0,1.0,9
2022HU1281874,07507,117,6,4.0,2,,,,,80500.0,1.0,9
2022HU1281874,07507,118,0,,2,,,,,80500.0,1.0,9
2022HU1281964,07510,47,69,21.0,1,0.0,,1800.0,,1800.0,3.0,1
2022HU1282057,07508,81,56,21.0,2,0.0,1310,0.0,171020,20000.0,1.0,3
2022HU1282057,07508,60,21,16.0,1,20000.0,4700,20000.0,411011,20000.0,1.0,3
2022HU1282057,07508,58,16,13.0,2,0.0,2006,0.0,211019,20000.0,1.0,3
2022HU1282771,07509,117,48,21.0,1,170000.0,1320,172000.0,172011,172000.0,3.0,1
2022HU1282852,07514,72,83,22.0,1,0.0,,12700.0,,12700.0,3.0,1
2022HU1283381,07513,34,46,22.0,1,131000.0,1021,136000.0,151252,271000.0,3.0,3
2022HU1283381,07513,32,37,21.0,2,135000.0,1021,135000.0,151252,271000.0,3.0,3
2022HU1283381,07513,25,12,9.0,1,,,,,271000.0,3.0,3
2022HU1283998,07513,134,33,21.0,2,0.0,0705,21000.0,131082,221000.0,3.0,3
2022HU1283998,07513,214,35,21.0,1,200000.0,0020,200000.0,111021,221000.0,3.0,3
2022HU1283998,07513,173,1,,1,,,,,221000.0,3.0,3
2022HU1284334,07511,54,44,22.0,2,53000.0,3150,53000.0,291122,120000.0,1.0,4
2022HU1284334,07511,51,53,19.0,1,67000.0,4251,67000.0,373011,120000.0,1.0,4
2022HU1284334,07511,207,10,7.0,2,,,,,120000.0,1.0,4
2022HU1284334,07511,208,7,4.0,2,,,,,120000.0,1.0,4
2022HU1284407,07511,71,33,21.0,1,125000.0,0010,125000.0,1110XX,315000.0,1.0,2
2022HU1284407,07511,77,35,23.0,2,190000.0,3010,190000.0,291020,315000.0,1.0,2
2022HU1284445,07509,117,72,21.0,1,0.0,,66500.0,,66500.0,3.0,1
2022HU1285018,07514,80,35,21.0,1,230000.0,0800,230000.0,132011,230000.0,3.0,1
2022HU1285133,07514,152,44,22.0,1,64000.0,0220,74800.0,119021,74800.0,3.0,1
2022HU1285745,07508,75,51,21.0,1,100000.0,0845,150000.0,132051,345600.0,2.0,5
2022HU1285745,07508,68,49,21.0,2,180000.0,3255,180000.0,291141,345600.0,2.0,5
2022HU1285745,07508,77,19,16.0,1,0.0,,0.0,,345600.0,2.0,5
2022HU1285745,07508,83,75,1.0,1,0.0,,8400.0,,345600.0,2.0,5
2022HU1285745,07508,68,73,1.0,2,0.0,,7200.0,,345600.0,2.0,5
2022HU1285884,07509,226,50,16.0,1,15000.0,7610,15000.0,499098,41000.0,3.0,3
2022HU1285884,07509,247,43,16.0,1,12000.0,4020,12000.0,352010,41000.0,3.0,3
2022HU1285884,07509,340,34,16.0,1,14000.0,6600,14000.0,473010,41000.0,3.0,3
2022HU1286098,07514,52,61,21.0,2,0.0,,425000.0,,625000.0,2.0,2
2022HU1286098,07514,55,60,21.0,1,150000.0,0850,200000.0,132052,625000.0,2.0,2
2022HU1286476,07509,83,56,21.0,1,55000.0,5900,55000.0,439071,55000.0,3.0,1
2022HU1286667,07511,62,44,21.0,2,64000.0,2861,64000.0,273091,78600.0,3.0,3
2022HU1286667,07511,31,19,16.0,2,5000.0,2350,5000.0,253041,78600.0,3.0,3
2022HU1286667,07511,49,70,21.0,1,0.0,0310,9600.0,119051,78600.0,3.0,3
2022HU1286755,07509,172,41,18.0,1,240000.0,0020,247900.0,111021,247900.0,2.0,1
2022HU1287286,07514,62,33,22.0,2,80000.0,0051,80000.0,112021,200000.0,3.0,2
2022HU1287286,07514,88,32,22.0,1,120000.0,0850,120000.0,132052,200000.0,3.0,2
2022HU1287594,07508,63,39,21.0,2,350000.0,0850,350000.0,132052,450000.0,3.0,2
2022HU1287594,07508,61,41,24.0,2,100000.0,2320,100000.0,252030,450000.0,3.0,2
2022HU1287694,07513,179,41,21.0,2,80000.0,5240,80000.0,434051,767000.0,3.0,2
2022HU1287694,07513,143,46,19.0,1,687000.0,6200,687000.0,471011,767000.0,3.0,2
2022HU1287810,07511,68,44,18.0,2,24000.0,5850,26600.0,439051,26600.0,3.0,1
2022HU1287967,07513,55,54,19.0,2,70000.0,2145,70000.0,232011,110000.0,1.0,2
2022HU1287967,07513,52,51,23.0,1,40000.0,2100,40000.0,2310XX,110000.0,1.0,2
2022HU1288123,07507,59,88,18.0,2,0.0,,58100.0,,58100.0,2.0,1
2022HU1288252,07514,106,56,22.0,1,160000.0,0845,160000.0,132051,160000.0,2.0,1
2022HU1288300,07514,273,32,21.0,1,0.0,0750,0.0,131199,0.0,3.0,1
2022HU1289027,07510,32,48,20.0,2,200000.0,4522,200000.0,395094,250000.0,3.0,2
2022HU1289027,07510,30,29,16.0,1,50000.0,5540,50000.0,435051,250000.0,3.0,2
2022HU1289149,07508,49,65,1.0,2,46500.0,4030,46500.0,352021,46500.0,3.0,1
2022HU1290229,07509,115,45,18.0,2,0.0,4950,21000.0,419091,21000.0,3.0,2
2022HU1290229,07509,151,9,6.0,2,,,,,21000.0,3.0,2
2022HU1290403,07513,52,64,23.0,2,6000.0,4230,56000.0,372012,241600.0,1.0,6
2022HU1290403,07513,62,37,21.0,2,87000.0,2300,87000.0,252010,241600.0,1.0,6
2022HU1290403,07513,58,32,21.0,2,30000.0,3910,30000.0,339021,241600.0,1.0,6
2022HU1290403,07513,83,2,,1,,,,,241600.0,1.0,6
2022HU1290403,07513,54,25,19.0,2,48600.0,4020,48600.0,352010,241600.0,1.0,6
2022HU1290403,07513,79,40,18.0,1,5000.0,8810,20000.0,519120,241600.0,1.0,6
2022HU1291984,07509,210,29,22.0,1,128000.0,1021,128000.0,151252,128000.0,3.0,1
2022HU1292626,07511,78,94,22.0,1,0.0,,39900.0,,39900.0,2.0,1
2022HU1293550,07511,61,70,19.0,1,77000.0,1010,113300.0,151251,113300.0,4.0,1
2022HU1293990,07511,169,68,19.0,1,0.0,3910,43100.0,339021,43100.0,3.0,1
2022HU1294573,07507,52,61,21.0,1,0.0,,64660.0,,219360.0,1.0,3
2022HU1294573,07507,59,70,20.0,1,8000.0,3255,89700.0,291141,219360.0,1.0,3
2022HU1294573,07507,49,58,21.0,1,65000.0,4850,65000.0,414010,219360.0,1.0,3
2022HU1295019,07513,128,43,22.0,2,170000.0,0440,170000.0,1191XX,520000.0,1.0,4
2022HU1295019,07513,114,40,21.0,1,350000.0,1460,350000.0,172141,520000.0,1.0,4
2022HU1295019,07513,116,8,5.0,2,,,,,520000.0,1.0,4
2022HU1295019,07513,211,3,2.0,2,,,,,520000.0,1.0,4
2022HU1295423,07509,118,94,18.0,2,0.0,,40300.0,,86500.0,2.0,2
2022HU1295423,07509,115,80,18.0,1,0.0,,46200.0,,86500.0,2.0,2
2022HU1296006,07511,157,21,21.0,1,15000.0,1021,15050.0,151252,23050.0,3.0,2
2022HU1296006,07511,155,22,21.0,1,8000.0,1021,8000.0,151252,23050.0,3.0,2
2022HU1296719,07511,48,71,24.0,1,170000.0,2205,206900.0,251000,239900.0,1.0,2
2022HU1296719,07511,54,54,13.0,2,33000.0,4030,33000.0,352021,239900.0,1.0,2
2022HU1296796,07510,62,52,22.0,1,185000.0,1021,185000.0,151252,380000.0,1.0,3
2022HU1296796,07510,62,49,21.0,2,190000.0,0440,195000.0,1191XX,380000.0,1.0,3
2022HU1296796,07510,62,8,5.0,2,,,,,380000.0,1.0,3
2022HU1297507,07507,57,71,24.0,1,250000.0,2205,506600.0,251000,522500.0,2.0,2
2022HU1297507,07507,63,69,22.0,2,0.0,2435,15900.0,254022,522500.0,2.0,2
2022HU1297806,07508,273,66,21.0,2,0.0,1821,950.0,193033,139950.0,1.0,3
2022HU1297806,07508,278,44,23.0,1,10000.0,2700,39000.0,272011,139950.0,1.0,3
2022HU1297806,07508,248,32,21.0,2,100000.0,1240,100000.0,1520XX,139950.0,1.0,3
2022HU1298736,07509,96,58,21.0,1,0.0,,2400.0,,2400.0,4.0,1
2022HU1299286,07512,83,49,21.0,1,100000.0,1021,100000.0,151252,220000.0,1.0,4
2022HU1299286,07512,61,49,23.0,2,120000.0,0230,120000.0,119030,220000.0,1.0,4
2022HU1299286,07512,45,17,14.0,1,0.0,,0.0,,220000.0,1.0,4
2022HU1299286,07512,46,15,12.0,1,0.0,,0.0,,220000.0,1.0,4
2022HU1299712,07507,49,65,21.0,2,65000.0,5120,65000.0,433031,90600.0,2.0,2
2022HU1299712,07507,51,67,18.0,1,1000.0,5240,25600.0,434051,90600.0,2.0,2
2022HU1300678,07509,62,35,21.0,2,177000.0,0110,187000.0,113021,187000.0,3.0,1
2022HU1301026,07509,154,30,21.0,1,140000.0,0710,140000.0,131111,240000.0,3.0,2
2022HU1301026,07509,150,27,21.0,2,100000.0,0710,100000.0,131111,240000.0,3.0,2
2022HU1301123,07512,88,67,22.0,2,0.0,,12400.0,,12400.0,1.0,1
2022HU1301227,07507,69,71,19.0,2,0.0,,44800.0,,44800.0,1.0,1
2022HU1301248,07510,115,69,20.0,1,0.0,,21800.0,,21800.0,3.0,1
2022HU1301342,07509,104,57,16.0,2,0.0,,0.0,,21000.0,3.0,3
2022HU1301342,07509,97,55,15.0,1,21000.0,6410,21000.0,472140,21000.0,3.0,3
2022HU1301342,07509,116,30,21.0,1,0.0,4720,0.0,412010,21000.0,3.0,3
2022HU1301735,07513,55,51,21.0,1,66000.0,0710,74000.0,131111,74000.0,3.0,1
2022HU1301911,07510,255,33,23.0,2,230000.0,3090,230000.0,291210,350000.0,1.0,2
2022HU1301911,07510,269,35,23.0,1,120000.0,4710,120000.0,411012,350000.0,1.0,2
2022HU1302366,07511,104,73,19.0,1,0.0,,22700.0,,88200.0,1.0,2
2022HU1302366,07511,135,75,22.0,2,0.0,,65500.0,,88200.0,1.0,2
2022HU1302425,07513,43,21,19.0,2,0.0,,0.0,,0.0,3.0,1
2022HU1302627,07507,61,36,20.0,2,55000.0,5710,55000.0,436011,97000.0,3.0,3
2022HU1302627,07507,69,38,13.0,1,40000.0,4000,42000.0,351011,97000.0,3.0,3
2022HU1302627,07507,68,0,,1,,,,,97000.0,3.0,3
2022HU1303394,07514,217,44,21.0,2,295000.0,0010,310300.0,1110XX,1017300.0,1.0,3
2022HU1303394,07514,154,51,22.0,1,687000.0,0010,707000.0,1110XX,1017300.0,1.0,3
2022HU1303394,07514,152,7,3.0,2,,,,,1017300.0,1.0,3
2022HU1303453,07511,73,76,21.0,1,0.0,,15000.0,,15000.0,3.0,1
2022HU1303807,07512,210,56,24.0,2,130000.0,0705,144000.0,131082,144000.0,1.0,2
2022HU1303807,07512,211,65,24.0,1,0.0,1610,0.0,191020,144000.0,1.0,2
2022HU1304035,07507,53,47,21.0,2,0.0,0440,12000.0,1191XX,218000.0,2.0,5
2022HU1304035,07507,63,53,21.0,1,200000.0,0010,200000.0,1110XX,218000.0,2.0,5
2022HU1304035,07507,42,8,6.0,1,,,,,218000.0,2.0,5
2022HU1304035,07507,43,11,8.0,1,,,,,218000.0,2.0,5
2022HU1304035,07507,52,41,16.0,2,0.0,,6000.0,,218000.0,2.0,5
2022HU1304043,07507,54,56,18.0,1,0.0,4350,35000.0,392021,125000.0,1.0,3
2022HU1304043,07507,82,50,20.0,2,90000.0,0440,90000.0,1191XX,125000.0,1.0,3
2022HU1304043,07507,60,18,16.0,1,0.0,,0.0,,125000.0,1.0,3
2022HU1304104,07507,134,65,19.0,2,48000.0,3602,48000.0,311122,85200.0,3.0,3
2022HU1304104,07507,133,62,19.0,1,30000.0,9121,30000.0,533051,85200.0,3.0,3
2022HU1304104,07507,160,32,19.0,1,0.0,,7200.0,,85200.0,3.0,3
2022HU1304664,07514,332,61,16.0,1,80000.0,9130,80000.0,533030,80000.0,3.0,1
2022HU1304856,07509,70,37,20.0,2,70000.0,3255,80000.0,291141,80000.0,3.0,1
2022HU1304938,07508,89,70,22.0,1,0.0,0710,123200.0,131111,230900.0,1.0,4
2022HU1304938,07508,79,71,21.0,2,0.0,,15300.0,,230900.0,1.0,4
2022HU1304938,07508,79,37,21.0,1,91000.0,4850,92400.0,414010,230900.0,1.0,4
2022HU1304938,07508,95,33,21.0,1,0.0,9920,0.0,999920,230900.0,1.0,4
2022HU1305172,07507,37,79,20.0,1,0.0,,48000.0,,74000.0,2.0,2
2022HU1305172,07507,40,76,19.0,2,0.0,,26000.0,,74000.0,2.0,2
2022HU1305243,07510,101,53,21.0,2,0.0,2205,0.0,251000,0.0,3.0,2
2022HU1305243,07510,96,62,21.0,1,0.0,2634,0.0,271024,0.0,3.0,2
2022HU1305554,07511,61,31,21.0,2,260000.0,0300,260000.0,119041,510000.0,1.0,2
2022HU1305554,07511,64,33,21.0,1,250000.0,1021,250000.0,151252,510000.0,1.0,2
2022HU1305721,07510,66,50,20.0,2,72000.0,5420,72000.0,434YYY,84400.0,1.0,3
2022HU1305721,07510,62,16,13.0,2,6000.0,2545,6000.0,259040,84400.0,1.0,3
2022HU1305721,07510,63,15,12.0,2,0.0,,6400.0,,84400.0,1.0,3
2022HU1306524,07511,89,49,14.0,1,0.0,9130,445000.0,533030,445000.0,2.0,2
2022HU1306524,07511,76,20,16.0,2,0.0,,0.0,,445000.0,2.0,2
2022HU1307022,07512,130,51,22.0,1,87000.0,2320,87360.0,252030,229360.0,1.0,2
2022HU1307022,07512,150,50,22.0,2,142000.0,2320,142000.0,252030,229360.0,1.0,2
2022HU1307746,07511,62,35,24.0,2,0.0,3245,445000.0,29112X,746200.0,1.0,4
2022HU1307746,07511,63,35,22.0,1,300000.0,0735,301200.0,131161,746200.0,1.0,4
2022HU1307746,07511,72,3,2.0,2,,,,,746200.0,1.0,4
2022HU1307746,07511,72,1,,2,,,,,746200.0,1.0,4
2022HU1308652,07510,60,39,22.0,1,270000.0,1240,270000.0,1520XX,620000.0,1.0,4
2022HU1308652,07510,69,38,22.0,2,350000.0,0710,350000.0,131111,620000.0,1.0,4
2022HU1308652,07510,56,3,1.0,1,,,,,620000.0,1.0,4
2022HU1308652,07510,110,0,,2,,,,,620000.0,1.0,4
2022HU1309754,07510,55,36,22.0,1,197000.0,3258,197000.0,2911XX,197000.0,1.0,1
2022HU1309829,07511,47,29,22.0,2,250000.0,0845,250000.0,132051,500050.0,3.0,2
2022HU1309829,07511,59,33,22.0,1,250000.0,1021,250050.0,151252,500050.0,3.0,2
2022HU1309900,07512,248,40,24.0,2,145000.0,1240,145000.0,1520XX,270000.0,3.0,2
2022HU1309900,07512,232,49,21.0,2,125000.0,2320,125000.0,252030,270000.0,3.0,2
2022HU1310136,07508,171,38,22.0,2,0.0,1825,75000.0,19303X,275000.0,3.0,3
2022HU1310136,07508,238,32,21.0,2,100000.0,0020,100000.0,111021,275000.0,3.0,3
2022HU1310136,07508,178,29,16.0,2,100000.0,0440,100000.0,1191XX,275000.0,3.0,3
2022HU1310569,07511,141,46,21.0,2,23300.0,2300,23300.0,252010,23300.0,3.0,2
2022HU1310569,07511,173,10,9.0,2,,,,,23300.0,3.0,2
2022HU1310696,07514,54,51,19.0,2,40000.0,5560,130000.0,435053,130000.0,3.0,1
2022HU1310703,07513,88,84,21.0,2,0.0,,144500.0,,144500.0,2.0,1
2022HU1310809,07507,280,26,16.0,2,0.0,4720,0.0,412010,868000.0,3.0,8
2022HU1310809,07507,199,28,16.0,1,37400.0,6442,38900.0,472152,868000.0,3.0,8
2022HU1310809,07507,413,1,,2,,,,,868000.0,3.0,8
2022HU1310809,07507,165,22,19.0,2,35000.0,3300,35100.0,292010,868000.0,3.0,8
2022HU1310809,07507,190,46,13.0,2,10000.0,9620,10000.0,537062,868000.0,3.0,8
2022HU1310809,07507,246,43,16.0,1,0.0,3270,27000.0,291299,868000.0,3.0,8
2022HU1310809,07507,186,26,21.0,1,687000.0,1021,687000.0,151252,868000.0,3.0,8
2022HU1310809,07507,139,24,16.0,1,0.0,9130,70000.0,533030,868000.0,3.0,8
2022HU1310825,07514,56,41,21.0,2,0.0,2751,12100.0,272041,100350.0,2.0,3
2022HU1310825,07514,61,85,22.0,1,0.0,,79500.0,,100350.0,2.0,3
2022HU1310825,07514,28,72,21.0,2,0.0,,8750.0,,100350.0,2.0,3
2022HU1310983,07511,143,94,21.0,2,0.0,,63100.0,,63100.0,2.0,2
2022HU1310983,07511,110,59,21.0,1,0.0,,0.0,,63100.0,2.0,2
2022HU1311008,07507,105,80,1.0,1,0.0,4030,21600.0,352021,21600.0,1.0,2
2022HU1311008,07507,93,74,1.0,2,0.0,,0.0,,21600.0,1.0,2
2022HU1311788,07508,89,57,4.0,1,0.0,2910,6300.0,274021,21500.0,3.0,2
2022HU1311788,07508,95,60,20.0,2,0.0,,15200.0,,21500.0,3.0,2
2022HU1312057,07511,72,42,21.0,1,300000.0,1021,300000.0,151252,305000.0,3.0,2
2022HU1312057,07511,72,39,21.0,2,5000.0,4040,5000.0,353011,305000.0,3.0,2
2022HU1312294,07510,120,65,4.0,1,0.0,,7800.0,,7800.0,3.0,1
2022HU1312530,07513,84,53,21.0,2,8000.0,0020,21000.0,111021,156000.0,1.0,4
2022HU1312530,07513,91,54,21.0,1,135000.0,0440,135000.0,1191XX,156000.0,1.0,4
2022HU1312530,07513,93,15,12.0,1,0.0,,0.0,,156000.0,1.0,4
2022HU1312530,07513,91,13,10.0,1,,,,,156000.0,1.0,4
2022HU1312586,07513,96,67,19.0,1,0.0,5860,37600.0,439061,37600.0,3.0,1
2022HU1313065,07510,124,63,20.0,1,0.0,,2320.0,,2320.0,3.0,1
2022HU1313374,07509,108,37,22.0,2,0.0,0110,0.0,113021,150000.0,3.0,2
2022HU1313374,07509,98,39,21.0,1,150000.0,1010,150000.0,151251,150000.0,3.0,2
2022HU1313738,07507,87,84,16.0,2,0.0,,41000.0,,53000.0,2.0,2
2022HU1313738,07507,101,59,16.0,1,0.0,,12000.0,,53000.0,2.0,2
2022HU1314124,07513,40,44,24.0,1,108000.0,2205,110800.0,251000,110800.0,3.0,1
2022HU1314204,07507,81,58,15.0,1,48000.0,7340,48000.0,499071,103420.0,4.0,5
2022HU1314204,07507,122,51,16.0,2,24000.0,5630,25200.0,435111,103420.0,4.0,5
2022HU1314204,07507,108,28,20.0,2,0.0,,0.0,,103420.0,4.0,5
2022HU1314204,07507,59,21,16.0,1,30000.0,5120,30000.0,433031,103420.0,4.0,5
2022HU1314204,07507,103,54,16.0,1,0.0,9920,220.0,999920,103420.0,4.0,5
2022HU1314337,07507,338,51,12.0,1,0.0,,0.0,,0.0,4.0,1
2022HU1314582,07507,67,76,21.0,2,0.0,2360,13500.0,2530XX,83500.0,1.0,2
2022HU1314582,07507,55,62,20.0,1,50000.0,1360,70000.0,172051,83500.0,1.0,2
2022HU1314731,07509,121,68,17.0,1,18600.0,3602,22100.0,311122,59400.0,3.0,3
2022HU1314731,07509,112,67,16.0,2,0.0,,24500.0,,59400.0,3.0,3
2022HU1314731,07509,106,32,19.0,2,12800.0,4110,12800.0,353031,59400.0,3.0,3
2022HU1315451,07508,50,51,21.0,1,150000.0,4010,150000.0,351012,150000.0,3.0,1
2022HU1315627,07508,69,90,1.0,2,0.0,,33900.0,,33900.0,2.0,1
2022HU1315850,07514,98,34,23.0,2,200000.0,3090,200000.0,291210,286000.0,3.0,2
2022HU1315850,07514,118,38,21.0,1,84000.0,0060,86000.0,112030,286000.0,3.0,2
2022HU1315988,07510,165,21,16.0,2,17000.0,5410,17100.0,434181,17100.0,3.0,1
2022HU1316315,07507,60,77,17.0,2,0.0,,17000.0,,55600.0,2.0,4
2022HU1316315,07507,54,74,14.0,1,0.0,,3600.0,,55600.0,2.0,4
2022HU1316315,07507,52,73,12.0,2,0.0,,0.0,,55600.0,2.0,4
2022HU1316315,07507,44,54,20.0,2,35000.0,4920,35000.0,419020,55600.0,2.0,4
2022HU1316471,07507,183,46,11.0,2,20000.0,2545,24500.0,259040,106300.0,3.0,7
2022HU1316471,07507,198,19,16.0,1,1000.0,4140,1000.0,359021,106300.0,3.0,7
2022HU1316471,07507,127,17,14.0,1,0.0,,0.0,,106300.0,3.0,7
2022HU1316471,07507,127,15,12.0,1,0.0,,0.0,,106300.0,3.0,7
2022HU1316471,07507,153,10,7.0,1,,,,,106300.0,3.0,7
2022HU1316471,07507,175,73,11.0,2,60000.0,3602,74000.0,311122,106300.0,3.0,7
2022HU1316471,07507,182,70,11.0,1,0.0,,6800.0,,106300.0,3.0,7
2022HU1316543,07514,100,59,22.0,1,0.0,0120,5000.0,113031,5000.0,3.0,1
2022HU1317628,07508,164,50,21.0,2,111000.0,5740,112200.0,436014,112200.0,1.0,3
2022HU1317628,07508,261,18,14.0,1,0.0,9620,0.0,537062,112200.0,1.0,3
2022HU1317628,07508,174,14,10.0,1,,,,,112200.0,1.0,3
2022HU1317875,07509,63,62,21.0,2,186000.0,3255,186000.0,291141,186000.0,2.0,1
2022HU1319483,07514,83,51,24.0,1,687000.0,0850,1152000.0,132052,1272000.0,1.0,4
2022HU1319483,07514,98,49,21.0,2,120000.0,0735,120000.0,131161,1272000.0,1.0,4
2022HU1319483,07514,75,3,1.0,1,,,,,1272000.0,1.0,4
2022HU1319483,07514,146,1,,2,,,,,1272000.0,1.0,4
2022HU1319499,07509,77,76,23.0,2,0.0,,80200.0,,80200.0,3.0,1
2022HU1320254,07508,69,45,21.0,2,168000.0,0440,168000.0,1191XX,333000.0,3.0,2
2022HU1320254,07508,86,45,19.0,1,165000.0,4850,165000.0,414010,333000.0,3.0,2
2022HU1321559,07509,89,67,15.0,1,5400.0,9130,11100.0,533030,11100.0,3.0,1
2022HU1322989,07509,75,68,20.0,2,12600.0,3602,12600.0,311122,12600.0,3.0,1
2022HU1323613,07514,92,49,21.0,1,45000.0,0020,47000.0,111021,47000.0,3.0,1
2022HU1323759,07507,182,64,21.0,1,50000.0,3945,50000.0,339093,105000.0,3.0,3
2022HU1323759,07507,168,64,21.0,2,35000.0,3602,35000.0,311122,105000.0,3.0,3
2022HU1323759,07507,157,36,21.0,1,20000.0,2400,20000.0,254010,105000.0,3.0,3
2022HU1324150,07508,96,66,24.0,2,0.0,2100,30000.0,2310XX,258000.0,2.0,3
2022HU1324150,07508,95,63,24.0,1,175000.0,2100,195000.0,2310XX,258000.0,2.0,3
2022HU1324150,07508,80,32,19.0,1,30000.0,7810,33000.0,513020,258000.0,2.0,3
2022HU1324211,07513,71,21,21.0,2,28200.0,0940,28200.0,132082,28200.0,3.0,1
2022HU1325033,07511,83,37,24.0,1,223000.0,1760,223000.0,192099,223000.0,3.0,1
2022HU1325900,07511,82,54,24.0,1,280000.0,0440,280000.0,1191XX,280000.0,3.0,3
2022HU1325900,07511,65,13,10.0,2,,,,,280000.0,3.0,3
2022HU1325900,07511,67,7,4.0,2,,,,,280000.0,3.0,3
2022HU1327012,07511,59,48,22.0,2,405000.0,0051,405000.0,112021,680000.0,1.0,2
2022HU1327012,07511,70,50,22.0,1,275000.0,0051,275000.0,112021,680000.0,1.0,2
2022HU1327965,07508,271,56,21.0,2,0.0,0310,180000.0,119051,180000.0,3.0,2
2022HU1327965,07508,249,6,6.0,2,,,,,180000.0,3.0,2
2022HU1328165,07512,70,53,21.0,2,6000.0,2545,6000.0,259040,96400.0,1.0,5
2022HU1328165,07512,64,53,21.0,1,84000.0,1108,84000.0,151299,96400.0,1.0,5
2022HU1328165,07512,56,21,21.0,1,0.0,,0.0,,96400.0,1.0,5
2022HU1328165,07512,44,15,13.0,1,0.0,,0.0,,96400.0,1.0,5
2022HU1328165,07512,55,73,8.0,2,0.0,,6400.0,,96400.0,1.0,5
2022HU1328295,07508,62,62,21.0,2,40000.0,3602,40000.0,311122,83200.0,3.0,3
2022HU1328295,07508,54,34,1.0,1,0.0,,13200.0,,83200.0,3.0,3
2022HU1328295,07508,57,26,21.0,2,30000.0,3602,30000.0,311122,83200.0,3.0,3
2022HU1328472,07513,34,60,19.0,2,50000.0,5120,50000.0,433031,50000.0,1.0,2
2022HU1328472,07513,31,60,1.0,2,0.0,,0.0,,50000.0,1.0,2
2022HU1328556,07511,64,41,22.0,1,400000.0,5600,440000.0,435061,653000.0,2.0,4
2022HU1328556,07511,67,40,22.0,2,213000.0,0010,213000.0,1110XX,653000.0,2.0,4
2022HU1328556,07511,55,10,7.0,2,,,,,653000.0,2.0,4
2022HU1328556,07511,48,7,4.0,1,,,,,653000.0,2.0,4
2022HU1328586,07514,126,31,21.0,2,210000.0,2640,210000.0,27102X,210000.0,3.0,1
2022HU1329214,07512,110,29,22.0,2,0.0,3258,70000.0,2911XX,250000.0,3.0,2
2022HU1329214,07512,173,29,21.0,1,180000.0,0440,180000.0,1191XX,250000.0,3.0,2
2022HU1329381,07507,44,56,19.0,1,45000.0,9645,45070.0,537065,73970.0,3.0,3
2022HU1329381,07507,48,58,16.0,2,0.0,,0.0,,73970.0,3.0,3
2022HU1329381,07507,42,32,22.0,2,31600.0,0440,28900.0,1191XX,73970.0,3.0,3
2022HU1330004,07511,76,74,20.0,1,0.0,,14700.0,,14700.0,3.0,1
2022HU1330523,07511,60,31,21.0,1,145000.0,2640,145000.0,27102X,500000.0,3.0,4
2022HU1330523,07511,57,32,21.0,2,35000.0,2700,35000.0,272011,500000.0,3.0,4
2022HU1330523,07511,58,32,21.0,1,130000.0,1021,130000.0,151252,500000.0,3.0,4
2022HU1330523,07511,64,31,21.0,1,180000.0,1021,190000.0,151252,500000.0,3.0,4
2022HU1330680,07508,64,43,21.0,1,350000.0,2710,363400.0,272012,363400.0,3.0,3
2022HU1330680,07508,54,8,5.0,1,,,,,363400.0,3.0,3
2022HU1330680,07508,55,8,5.0,2,,,,,363400.0,3.0,3
2022HU1330732,07511,249,61,21.0,1,150000.0,3820,277000.0,333021,356800.0,2.0,5
2022HU1330732,07511,274,59,21.0,2,0.0,,0.0,,356800.0,2.0,5
2022HU1330732,07511,234,25,21.0,2,60000.0,0705,60000.0,131082,356800.0,2.0,5
2022HU1330732,07511,135,24,21.0,2,16000.0,0051,16000.0,112021,356800.0,2.0,5
2022HU1330732,07511,135,22,21.0,2,3800.0,2350,3800.0,253041,356800.0,2.0,5
2022HU1331027,07511,124,40,21.0,1,30000.0,0960,30000.0,1320XX,30000.0,3.0,3
2022HU1331027,07511,100,35,21.0,2,0.0,2310,0.0,252020,30000.0,3.0,3
2022HU1331027,07511,260,2,,2,,,,,30000.0,3.0,3
2022HU1331262,07508,40,52,23.0,1,250000.0,0440,414000.0,1191XX,539000.0,1.0,3
2022HU1331262,07508,52,53,21.0,2,100000.0,2830,125000.0,273041,539000.0,1.0,3
2022HU1331262,07508,21,16,13.0,1,0.0,,0.0,,539000.0,1.0,3
2022HU1331299,07512,79,63,19.0,1,40000.0,4720,40000.0,412010,50000.0,1.0,4
2022HU1331299,07512,59,49,15.0,2,0.0,,0.0,,50000.0,1.0,4
2022HU1331299,07512,54,23,21.0,1,0.0,,0.0,,50000.0,1.0,4
2022HU1331299,07512,41,22,21.0,2,0.0,0051,10000.0,112021,50000.0,1.0,4
2022HU1331491,07509,49,58,23.0,2,50000.0,2145,60000.0,232011,60000.0,3.0,1
2022HU1332043,07514,122,30,21.0,1,687000.0,0440,687000.0,1191XX,687000.0,3.0,1
2022HU1332126,07512,68,68,1.0,1,0.0,,36200.0,,67900.0,2.0,2
2022HU1332126,07512,62,66,1.0,2,0.0,5160,31700.0,433071,67900.0,2.0,2
2022HU1332645,07514,64,25,21.0,1,200000.0,4850,200000.0,414010,300000.0,3.0,2
2022HU1332645,07514,55,25,21.0,1,100000.0,4840,100000.0,413091,300000.0,3.0,2
2022HU1332831,07512,56,27,21.0,2,200000.0,5040,200000.0,432099,200000.0,3.0,1
2022HU1332844,07514,275,29,21.0,1,230000.0,7340,230000.0,499071,230000.0,3.0,1
2022HU1332988,07513,95,45,22.0,2,0.0,2350,62000.0,253041,62000.0,3.0,1
2022HU1333157,07508,100,37,18.0,1,84000.0,6260,84000.0,472061,124000.0,3.0,3
2022HU1333157,07508,83,32,21.0,2,40000.0,2310,40000.0,252020,124000.0,3.0,3
2022HU1333157,07508,116,9,5.0,1,,,,,124000.0,3.0,3
2022HU1333180,07507,58,34,18.0,2,50000.0,2640,50000.0,27102X,58700.0,3.0,2
2022HU1333180,07507,68,41,20.0,1,0.0,3930,8700.0,339030,58700.0,3.0,2
2022HU1333603,07507,51,37,21.0,2,95000.0,0440,95020.0,1191XX,425020.0,1.0,3
2022HU1333603,07507,48,39,20.0,1,260000.0,4920,330000.0,419020,425020.0,1.0,3
2022HU1333603,07507,90,1,,2,,,,,425020.0,1.0,3
2022HU1333735,07512,60,47,21.0,2,130000.0,3255,130000.0,291141,330000.0,1.0,3
2022HU1333735,07512,66,48,18.0,1,200000.0,0630,200000.0,131070,330000.0,1.0,3
2022HU1333735,07512,80,13,10.0,2,,,,,330000.0,1.0,3
2022HU1333759,07514,543,32,21.0,1,78000.0,0420,78000.0,119151,303600.0,3.0,8
2022HU1333759,07514,369,64,19.0,2,37000.0,5240,37000.0,434051,303600.0,3.0,8
2022HU1333759,07514,384,62,24.0,1,12000.0,4655,12000.0,399099,303600.0,3.0,8
2022HU1333759,07514,533,39,20.0,2,20000.0,0051,20000.0,112021,303600.0,3.0,8
2022HU1333759,07514,534,35,17.0,2,76000.0,2600,79600.0,271010,303600.0,3.0,8
2022HU1333759,07514,217,22,16.0,1,15000.0,9350,15000.0,536021,303600.0,3.0,8
2022HU1333759,07514,217,22,19.0,1,62000.0,8740,62000.0,519061,303600.0,3.0,8
2022HU1333759,07514,522,1,,1,,,,,303600.0,3.0,8
2022HU1334185,07510,474,35,21.0,2,200000.0,3255,200000.0,291141,200000.0,3.0,1
2022HU1334544,07508,66,62,16.0,2,87000.0,5740,87000.0,436014,106000.0,3.0,2
2022HU1334544,07508,118,87,12.0,2,0.0,,19000.0,,106000.0,3.0,2
2022HU1334655,07512,76,85,22.0,2,0.0,,63000.0,,63000.0,1.0,1
2022HU1335461,07509,65,34,22.0,2,250000.0,1021,251400.0,151252,251400.0,3.0,1
2022HU1336534,07509,55,50,21.0,2,30000.0,3255,30000.0,291141,30000.0,3.0,1
2022HU1337258,07511,64,30,21.0,1,160000.0,1021,160000.0,151252,160000.0,1.0,1
2022HU1337272,07512,176,70,24.0,1,0.0,2205,26200.0,251000,196200.0,1.0,2
2022HU1337272,07512,154,65,24.0,2,170000.0,2205,170000.0,251000,196200.0,1.0,2
2022HU1338293,07511,53,34,22.0,1,125000.0,1220,125000.0,152031,235000.0,3.0,2
2022HU1338293,07511,52,32,22.0,2,110000.0,2014,110000.0,211029,235000.0,3.0,2
2022HU1338841,07512,68,52,21.0,1,20000.0,8740,20000.0,519061,33000.0,2.0,2
2022HU1338841,07512,55,82,1.0,2,0.0,,13000.0,,33000.0,2.0,2
2022HU1339210,07513,78,38,18.0,1,80000.0,5610,80000.0,435071,80000.0,2.0,2
2022HU1339210,07513,67,52,15.0,1,0.0,3930,0.0,339030,80000.0,2.0,2
2022HU1339615,07508,65,58,22.0,1,130000.0,0440,130000.0,1191XX,130000.0,3.0,1
2022HU1340386,07507,62,78,3.0,1,0.0,,0.0,,0.0,3.0,2
2022HU1340386,07507,61,80,1.0,2,0.0,,0.0,,0.0,3.0,2
2022HU1340404,07507,65,74,16.0,1,0.0,,20000.0,,176600.0,1.0,5
2022HU1340404,07507,62,73,16.0,2,0.0,,16000.0,,176600.0,1.0,5
2022HU1340404,07507,85,51,16.0,2,40000.0,5740,40000.0,436014,176600.0,1.0,5
2022HU1340404,07507,43,16,14.0,1,600.0,2722,600.0,272022,176600.0,1.0,5
2022HU1340404,07507,72,51,16.0,1,100000.0,3870,100000.0,333050,176600.0,1.0,5
2022HU1340449,07510,142,35,21.0,1,2600.0,2850,2600.0,273043,2600.0,3.0,1
2022HU1341167,07510,30,26,21.0,1,75000.0,1021,75000.0,151252,183000.0,3.0,2
2022HU1341167,07510,26,25,21.0,2,108000.0,2640,108000.0,27102X,183000.0,3.0,2
2022HU1341559,07509,68,36,20.0,1,0.0,2600,-5500.0,271010,-5500.0,3.0,1
2022HU1342134,07508,56,60,22.0,2,0.0,2435,82000.0,254022,82000.0,3.0,1
2022HU1342300,07513,83,86,20.0,1,0.0,,201400.0,,257750.0,3.0,2
2022HU1342300,07513,87,86,20.0,2,0.0,,56350.0,,257750.0,3.0,2
2022HU1342791,07508,64,39,21.0,1,300000.0,1021,294500.0,151252,338500.0,1.0,2
2022HU1342791,07508,77,42,19.0,2,44000.0,7750,44000.0,5120XX,338500.0,1.0,2
2022HU1343547,07510,130,60,22.0,2,20100.0,1310,20100.0,171020,41000.0,3.0,3
2022HU1343547,07510,77,30,16.0,2,0.0,2545,0.0,259040,41000.0,3.0,3
2022HU1343547,07510,111,18,18.0,1,20900.0,5740,20900.0,436014,41000.0,3.0,3
2022HU1344004,07507,54,62,16.0,1,0.0,6240,42000.0,472040,130320.0,2.0,3
2022HU1344004,07507,75,29,21.0,2,72000.0,0750,72010.0,131199,130320.0,2.0,3
2022HU1344004,07507,75,27,21.0,2,16300.0,2310,16310.0,252020,130320.0,2.0,3
2022HU1344092,07509,156,57,22.0,2,120000.0,0710,129000.0,131111,129000.0,3.0,1
2022HU1344177,07509,99,84,19.0,2,0.0,,4800.0,,4800.0,3.0,1
2022HU1344753,07513,80,71,15.0,1,0.0,,90000.0,,144700.0,2.0,3
2022HU1344753,07513,79,70,16.0,2,0.0,,11700.0,,144700.0,2.0,3
2022HU1344753,07513,69,43,21.0,2,43000.0,5240,43000.0,434051,144700.0,2.0,3
2022HU1346121,07512,60,28,21.0,2,78000.0,0630,78000.0,131070,258000.0,3.0,2
2022HU1346121,07512,63,27,21.0,1,180000.0,0051,180000.0,112021,258000.0,3.0,2
2022HU1346216,07512,60,67,20.0,2,0.0,5120,22000.0,433031,44000.0,1.0,2
2022HU1346216,07512,65,63,19.0,2,0.0,,22000.0,,44000.0,1.0,2
2022HU1346659,07511,60,31,21.0,2,82000.0,0110,99000.0,113021,399000.0,1.0,2
2022HU1346659,07511,71,36,22.0,2,300000.0,0440,300000.0,1191XX,399000.0,1.0,2
2022HU1347510,07511,59,85,18.0,1,0.0,,26500.0,,27300.0,2.0,2
2022HU1347510,07511,69,45,16.0,1,800.0,9620,800.0,537062,27300.0,2.0,2
2022HU1349887,07508,61,71,21.0,2,0.0,,18600.0,,131900.0,2.0,2
2022HU1349887,07508,75,72,22.0,1,0.0,,113300.0,,131900.0,2.0,2
2022HU1349900,07509,93,69,22.0,1,0.0,,65000.0,,65000.0,3.0,1
2022HU1349906,07507,51,44,22.0,2,0.0,1825,60000.0,19303X,260000.0,1.0,4
2022HU1349906,07507,55,48,21.0,1,200000.0,0710,200000.0,131111,260000.0,1.0,4
2022HU1349906,07507,45,12,9.0,1,,,,,260000.0,1.0,4
2022HU1349906,07507,45,7,3.0,1,,,,,260000.0,1.0,4
2022HU1349939,07511,88,29,24.0,2,60000.0,3040,60000.0,291041,140000.0,3.0,2
2022HU1349939,07511,86,29,22.0,2,80000.0,3230,80000.0,291127,140000.0,3.0,2
2022HU1350301,07507,140,48,16.0,1,3500.0,4110,3500.0,353031,209500.0,1.0,14
2022HU1350301,07507,159,39,1.0,2,70000.0,4110,70000.0,353031,209500.0,1.0,14
2022HU1350301,07507,99,16,12.0,1,0.0,,0.0,,209500.0,1.0,14
2022HU1350301,07507,136,15,11.0,2,0.0,,0.0,,209500.0,1.0,14
2022HU1350301,07507,158,57,1.0,1,0.0,4020,0.0,352010,209500.0,1.0,14
2022HU1350301,07507,145,55,16.0,2,60000.0,3500,60000.0,292061,209500.0,1.0,14
2022HU1350301,07507,152,82,1.0,2,0.0,,11700.0,,209500.0,1.0,14
2022HU1350301,07507,137,71,1.0,2,0.0,,8300.0,,209500.0,1.0,14
2022HU1350301,07507,152,49,1.0,2,0.0,4720,0.0,412010,209500.0,1.0,14
2022HU1350301,07507,149,39,1.0,2,56000.0,4130,56000.0,359011,209500.0,1.0,14
2022HU1350301,07507,126,26,16.0,1,0.0,,0.0,,209500.0,1.0,14
2022HU1350301,07507,130,23,16.0,1,0.0,,0.0,,209500.0,1.0,14
2022HU1350301,07507,130,18,16.0,1,0.0,,0.0,,209500.0,1.0,14
2022HU1350301,07507,121,10,5.0,1,,,,,209500.0,1.0,14
2022HU1350403,07508,168,39,21.0,1,52000.0,4230,52000.0,372012,52000.0,3.0,4
2022HU1350403,07508,154,31,16.0,2,0.0,,0.0,,52000.0,3.0,4
2022HU1350403,07508,150,8,5.0,1,,,,,52000.0,3.0,4
2022HU1350403,07508,302,0,,2,,,,,52000.0,3.0,4
2022HU1350677,07507,57,73,20.0,1,0.0,,36000.0,,36000.0,2.0,1
2022HU1351350,07514,68,94,15.0,2,0.0,,16700.0,,16700.0,4.0,1
2022HU1351485,07508,45,49,21.0,2,300000.0,0850,300000.0,132052,300000.0,3.0,1
2022HU1351607,07513,65,50,18.0,1,0.0,0220,55250.0,119021,138750.0,3.0,3
2022HU1351607,07513,61,47,18.0,2,0.0,5740,23500.0,436014,138750.0,3.0,3
2022HU1351607,07513,62,54,18.0,1,60000.0,9150,60000.0,533099,138750.0,3.0,3
2022HU1351651,07507,62,56,21.0,1,0.0,4000,96530.0,351011,284560.0,1.0,5
2022HU1351651,07507,77,50,21.0,2,0.0,0310,80530.0,119051,284560.0,1.0,5
2022HU1351651,07507,45,25,19.0,1,43500.0,5860,43500.0,439061,284560.0,1.0,5
2022HU1351651,07507,52,63,20.0,2,0.0,4030,23000.0,352021,284560.0,1.0,5
2022HU1351651,07507,61,50,20.0,1,41000.0,4120,41000.0,353041,284560.0,1.0,5
2022HU1352396,07507,85,26,21.0,2,97000.0,2300,97000.0,252010,151000.0,2.0,4
2022HU1352396,07507,52,57,21.0,2,0.0,,0.0,,151000.0,2.0,4
2022HU1352396,07507,56,57,16.0,1,40000.0,8140,40000.0,514120,151000.0,2.0,4
2022HU1352396,07507,90,79,11.0,2,0.0,,14000.0,,151000.0,2.0,4
2022HU1352702,07510,52,61,22.0,1,85000.0,2320,85000.0,252030,220000.0,1.0,3
2022HU1352702,07510,47,60,22.0,2,95000.0,2435,95000.0,254022,220000.0,1.0,3
2022HU1352702,07510,29,20,16.0,2,40000.0,4055,40000.0,353023,220000.0,1.0,3
2022HU1352888,07511,257,65,19.0,2,36000.0,5720,36000.0,436012,61000.0,3.0,2
2022HU1352888,07511,199,35,19.0,2,25000.0,3603,25000.0,311131,61000.0,3.0,2
2022HU1353179,07510,146,37,23.0,1,200000.0,0136,202500.0,113121,202500.0,3.0,1
2022HU1353277,07508,54,54,22.0,2,32000.0,1306,35000.0,171012,725000.0,3.0,4
2022HU1353277,07508,80,50,21.0,1,687000.0,0010,687000.0,1110XX,725000.0,3.0,4
2022HU1353277,07508,61,16,14.0,1,3000.0,8950,3000.0,519198,725000.0,3.0,4
2022HU1353277,07508,57,13,10.0,1,,,,,725000.0,3.0,4
2022HU1354231,07507,37,65,1.0,1,0.0,,900.0,,13900.0,1.0,3
2022HU1354231,07507,35,65,1.0,2,0.0,,13000.0,,13900.0,1.0,3
2022HU1354231,07507,37,30,19.0,1,0.0,1006,0.0,151211,13900.0,1.0,3
2022HU1354583,07512,144,29,22.0,2,58000.0,5710,58000.0,436011,108000.0,3.0,2
2022HU1354583,07512,110,33,19.0,1,50000.0,4760,50000.0,412031,108000.0,3.0,2
2022HU1354614,07507,52,74,24.0,2,260000.0,2205,366500.0,251000,421500.0,2.0,2
2022HU1354614,07507,58,76,24.0,2,26000.0,2850,55000.0,273043,421500.0,2.0,2
2022HU1354638,07509,96,64,17.0,1,10800.0,3602,10800.0,311122,28800.0,3.0,2
2022HU1354638,07509,93,82,1.0,1,0.0,,18000.0,,28800.0,3.0,2
2022HU1354759,07511,59,51,22.0,2,58000.0,2440,55300.0,254031,52600.0,2.0,3
2022HU1354759,07511,67,51,21.0,1,0.0,,-2700.0,,52600.0,2.0,3
2022HU1354759,07511,62,11,8.0,1,,,,,52600.0,2.0,3
2022HU1354840,07511,60,43,21.0,1,0.0,1021,425000.0,151252,425000.0,1.0,5
2022HU1354840,07511,53,32,21.0,2,0.0,0725,0.0,131121,425000.0,1.0,5
2022HU1354840,07511,48,15,13.0,1,0.0,,0.0,,425000.0,1.0,5
2022HU1354840,07511,47,12,8.0,1,,,,,425000.0,1.0,5
2022HU1354840,07511,89,0,,1,,,,,425000.0,1.0,5
2022HU1355797,07507,52,32,22.0,2,30000.0,1240,32100.0,1520XX,117100.0,3.0,3
2022HU1355797,07507,50,34,24.0,1,85000.0,3090,85000.0,291210,117100.0,3.0,3
2022HU1355797,07507,47,1,,1,,,,,117100.0,3.0,3
2022HU1356117,07514,89,28,21.0,1,68000.0,1240,493000.0,1520XX,493000.0,3.0,1
2022HU1356214,07512,61,43,22.0,1,189000.0,2205,189000.0,251000,487000.0,1.0,4
2022HU1356214,07512,64,39,23.0,2,298000.0,2100,298000.0,2310XX,487000.0,1.0,4
2022HU1356214,07512,75,5,3.0,2,,,,,487000.0,1.0,4
2022HU1356214,07512,63,0,,1,,,,,487000.0,1.0,4
2022HU1356360,07507,207,85,16.0,2,0.0,,41000.0,,41000.0,2.0,1
2022HU1356877,07513,37,73,16.0,2,3000.0,2545,3000.0,259040,54000.0,2.0,2
2022HU1356877,07513,34,80,22.0,1,20000.0,6410,51000.0,472140,54000.0,2.0,2
2022HU1357215,07507,85,76,22.0,2,0.0,,194000.0,,194000.0,3.0,1
2022HU1357649,07511,57,30,22.0,1,300000.0,0120,300000.0,113031,550000.0,3.0,2
2022HU1357649,07511,53,30,22.0,2,250000.0,0051,250000.0,112021,550000.0,3.0,2
2022HU1357694,07509,76,31,21.0,2,250000.0,4700,255000.0,411011,405000.0,3.0,2
2022HU1357694,07509,64,31,21.0,1,150000.0,0020,150000.0,111021,405000.0,3.0,2
2022HU1357878,07509,49,75,16.0,2,0.0,,14100.0,,14100.0,3.0,1
2022HU1357960,07511,55,56,24.0,2,125000.0,2205,125000.0,251000,325000.0,1.0,2
2022HU1357960,07511,62,54,24.0,1,200000.0,0110,200000.0,113021,325000.0,1.0,2
2022HU1358551,07507,77,55,20.0,1,70000.0,5550,111800.0,435052,183500.0,1.0,5
2022HU1358551,07507,72,59,20.0,1,36400.0,4700,36400.0,411011,183500.0,1.0,5
2022HU1358551,07507,73,56,16.0,1,0.0,,10800.0,,183500.0,1.0,5
2022HU1358551,07507,77,86,5.0,1,0.0,,11600.0,,183500.0,1.0,5
2022HU1358551,07507,117,83,10.0,2,0.0,,12900.0,,183500.0,1.0,5
2022HU1358552,07511,61,53,21.0,1,112000.0,1530,112000.0,1721YY,224500.0,1.0,4
2022HU1358552,07511,46,51,22.0,2,110000.0,3255,110000.0,291141,224500.0,1.0,4
2022HU1358552,07511,37,17,13.0,1,2500.0,4251,2500.0,373011,224500.0,1.0,4
2022HU1358552,07511,50,14,10.0,2,,,,,224500.0,1.0,4
2022HU1359055,07514,45,65,19.0,1,0.0,4700,75000.0,411011,92600.0,3.0,2
2022HU1359055,07514,45,65,21.0,1,0.0,2861,17600.0,273091,92600.0,3.0,2
2022HU1359216,07513,112,67,23.0,1,0.0,0440,35000.0,1191XX,71500.0,2.0,3
2022HU1359216,07513,93,63,21.0,2,0.0,2850,500.0,273043,71500.0,2.0,3
2022HU1359216,07513,88,29,21.0,1,6000.0,1240,36000.0,1520XX,71500.0,2.0,3
2022HU1359232,07508,118,55,21.0,2,0.0,3255,425000.0,291141,425000.0,1.0,1
2022HU1359691,07512,298,25,21.0,1,170000.0,1021,170000.0,151252,325000.0,3.0,2
2022HU1359691,07512,217,24,21.0,2,155000.0,1021,155000.0,151252,325000.0,3.0,2
2022HU1360298,07508,36,47,22.0,1,156000.0,1006,175000.0,151211,185000.0,2.0,4
2022HU1360298,07508,44,43,20.0,2,10000.0,3601,10000.0,311121,185000.0,2.0,4
2022HU1360298,07508,33,11,8.0,2,,,,,185000.0,2.0,4
2022HU1360298,07508,32,8,4.0,1,,,,,185000.0,2.0,4
2022HU1360542,07511,69,78,23.0,1,0.0,3090,153300.0,291210,295300.0,2.0,2
2022HU1360542,07511,63,63,23.0,2,142000.0,3090,142000.0,291210,295300.0,2.0,2
2022HU1360806,07511,67,77,22.0,2,65000.0,2555,132000.0,2590XX,142000.0,2.0,3
2022HU1360806,07511,54,36,21.0,2,0.0,,10000.0,,142000.0,2.0,3
2022HU1360806,07511,232,11,8.0,1,,,,,142000.0,2.0,3
2022HU1360988,07510,36,80,1.0,2,0.0,,27600.0,,37700.0,2.0,5
2022HU1360988,07510,45,83,1.0,1,0.0,,6000.0,,37700.0,2.0,5
2022HU1360988,07510,36,47,17.0,1,0.0,7315,4100.0,499021,37700.0,2.0,5
2022HU1360988,07510,31,16,13.0,2,0.0,,0.0,,37700.0,2.0,5
2022HU1360988,07510,27,8,6.0,1,,,,,37700.0,2.0,5
2022HU1361385,07511,58,30,22.0,2,155000.0,0710,155000.0,131111,192600.0,3.0,2
2022HU1361385,07511,63,30,21.0,1,30400.0,5710,37600.0,436011,192600.0,3.0,2
2022HU1361469,07511,56,78,22.0,1,31000.0,0010,118200.0,1110XX,168000.0,1.0,2
2022HU1361469,07511,62,80,21.0,2,0.0,,49800.0,,168000.0,1.0,2
2022HU1361627,07510,35,47,23.0,2,687000.0,3090,707000.0,291210,707000.0,1.0,1
2022HU1362058,07509,117,75,15.0,2,0.0,9620,6500.0,537062,6500.0,3.0,1
2022HU1362147,07508,68,38,20.0,2,7000.0,0710,7000.0,131111,14330.0,3.0,4
2022HU1362147,07508,53,13,10.0,1,,,,,14330.0,3.0,4
2022HU1362147,07508,55,12,9.0,2,,,,,14330.0,3.0,4
2022HU1362147,07508,67,64,16.0,2,0.0,,7330.0,,14330.0,3.0,4
2022HU1362559,07514,57,66,21.0,1,60000.0,2850,77800.0,273043,95800.0,3.0,2
2022HU1362559,07514,61,68,23.0,2,0.0,2205,18000.0,251000,95800.0,3.0,2
2022HU1363467,07511,85,25,22.0,1,215000.0,1021,215000.0,151252,609000.0,3.0,4
2022HU1363467,07511,83,26,22.0,1,130000.0,1021,130000.0,151252,609000.0,3.0,4
2022HU1363467,07511,83,25,21.0,1,164000.0,1021,164000.0,151252,609000.0,3.0,4
2022HU1363467,07511,83,25,21.0,1,100000.0,1760,100000.0,192099,609000.0,3.0,4
2022HU1363897,07508,52,57,21.0,2,85000.0,4840,85000.0,413091,335000.0,2.0,2
2022HU1363897,07508,65,50,19.0,1,250000.0,1306,250000.0,171012,335000.0,2.0,2
2022HU1364541,07509,54,73,22.0,2,0.0,,200000.0,,247000.0,3.0,2
2022HU1364541,07509,57,76,18.0,2,0.0,,47000.0,,247000.0,3.0,2
2022HU1365363,07510,98,63,21.0,2,0.0,1240,15000.0,1520XX,15000.0,1.0,1
2022HU1365500,07514,57,27,21.0,2,95000.0,0440,95000.0,1191XX,295000.0,3.0,2
2022HU1365500,07514,65,28,21.0,1,200000.0,4840,200000.0,413091,295000.0,3.0,2
2022HU1366244,07510,97,40,21.0,1,80000.0,2640,80000.0,27102X,125600.0,1.0,2
2022HU1366244,07510,89,36,20.0,2,0.0,3602,45600.0,311122,125600.0,1.0,2
2022HU1366762,07509,111,34,22.0,1,252000.0,0051,249300.0,112021,421600.0,1.0,2
2022HU1366762,07509,101,37,21.0,2,175000.0,0710,172300.0,131111,421600.0,1.0,2
2022HU1367089,07514,54,25,21.0,1,206000.0,0440,206000.0,1191XX,206000.0,3.0,1
2022HU1367123,07511,56,73,23.0,2,0.0,3258,103800.0,2911XX,199700.0,1.0,2
2022HU1367123,07511,66,77,23.0,1,0.0,,95900.0,,199700.0,1.0,2
2022HU1367363,07510,106,45,23.0,1,687000.0,3090,687000.0,291210,762000.0,3.0,2
2022HU1367363,07510,94,40,24.0,2,75000.0,2205,75000.0,251000,762000.0,3.0,2
2022HU1367385,07509,51,63,16.0,1,0.0,0220,75000.0,119021,75000.0,3.0,1
2022HU1367876,07508,67,65,24.0,2,0.0,9920,0.0,999920,0.0,2.0,2
2022HU1367876,07508,82,31,21.0,1,0.0,,0.0,,0.0,2.0,2
2022HU1368411,07510,96,37,21.0,1,200000.0,0300,204300.0,119041,329300.0,1.0,2
2022HU1368411,07510,69,33,22.0,2,125000.0,0160,125000.0,113071,329300.0,1.0,2
2022HU1369038,07511,59,34,21.0,1,687000.0,0705,737000.0,131082,1137000.0,3.0,2
2022HU1369038,07511,57,31,21.0,2,400000.0,4700,400000.0,411011,1137000.0,3.0,2
2022HU1369113,07511,67,30,21.0,1,210000.0,1021,210000.0,151252,518000.0,3.0,5
2022HU1369113,07511,65,30,22.0,2,144000.0,1021,144000.0,151252,518000.0,3.0,5
2022HU1369113,07511,53,3,1.0,1,,,,,518000.0,3.0,5
2022HU1369113,07511,53,1,,1,,,,,518000.0,3.0,5
2022HU1369113,07511,69,30,21.0,1,164000.0,1021,164000.0,151252,518000.0,3.0,5
2022HU1369121,07511,57,60,16.0,1,30000.0,6355,110000.0,472111,110000.0,3.0,2
2022HU1369121,07511,73,75,11.0,2,0.0,,0.0,,110000.0,3.0,2
2022HU1369478,07514,57,57,21.0,1,150000.0,0052,151900.0,112022,151900.0,3.0,1
2022HU1369998,07514,64,58,21.0,2,0.0,,44700.0,,44700.0,3.0,1
2022HU1370028,07514,77,74,21.0,2,0.0,,210300.0,,210300.0,3.0,1
2022HU1370115,07509,79,27,21.0,1,75000.0,1006,90000.0,151211,170000.0,3.0,2
2022HU1370115,07509,90,29,21.0,2,80000.0,0160,80000.0,113071,170000.0,3.0,2
2022HU1370195,07508,86,55,21.0,1,0.0,4700,7200.0,411011,7200.0,2.0,1
2022HU1371186,07507,64,59,1.0,1,22000.0,6260,22000.0,472061,65700.0,1.0,3
2022HU1371186,07507,79,54,1.0,2,0.0,,0.0,,65700.0,1.0,3
2022HU1371186,07507,48,21,16.0,1,43700.0,1050,43700.0,151230,65700.0,1.0,3
2022HU1372016,07511,87,72,11.0,1,65000.0,4760,87600.0,412031,100300.0,2.0,2
2022HU1372016,07511,83,70,11.0,2,0.0,,12700.0,,100300.0,2.0,2
2022HU1372101,07511,92,41,19.0,1,60000.0,5550,60000.0,435052,100400.0,3.0,3
2022HU1372101,07511,125,76,19.0,1,19500.0,3930,30300.0,339030,100400.0,3.0,3
2022HU1372101,07511,110,72,19.0,2,0.0,,10100.0,,100400.0,3.0,3
2022HU1372495,07510,38,40,22.0,1,687000.0,4840,687000.0,413091,749200.0,1.0,2
2022HU1372495,07510,30,33,22.0,2,53000.0,0420,62200.0,119151,749200.0,1.0,2
2022HU1373764,07512,65,43,22.0,2,190000.0,0440,190060.0,1191XX,370060.0,3.0,4
2022HU1373764,07512,70,48,24.0,1,180000.0,1760,180000.0,192099,370060.0,3.0,4
2022HU1373764,07512,58,20,19.0,1,0.0,9920,0.0,999920,370060.0,3.0,4
2022HU1373764,07512,46,16,13.0,1,0.0,,0.0,,370060.0,3.0,4
2022HU1373853,07511,58,31,22.0,1,150000.0,3255,150000.0,291141,400000.0,3.0,2
2022HU1373853,07511,60,36,21.0,1,250000.0,0051,250000.0,112021,400000.0,3.0,2
2022HU1374025,07511,54,66,19.0,1,140000.0,6200,140000.0,471011,140000.0,3.0,1
2022HU1374281,07510,98,28,21.0,2,687000.0,1021,687000.0,151252,687000.0,3.0,1
2022HU1374582,07508,55,49,19.0,2,0.0,,66300.0,,90300.0,1.0,3
2022HU1374582,07508,64,52,19.0,1,0.0,1305,24000.0,171011,90300.0,1.0,3
2022HU1374582,07508,54,14,11.0,1,,,,,90300.0,1.0,3
2022HU1374683,07511,51,51,18.0,2,0.0,2910,80000.0,274021,200000.0,1.0,2
2022HU1374683,07511,54,51,21.0,1,120000.0,3870,120000.0,333050,200000.0,1.0,2
2022HU1375496,07507,68,79,1.0,2,0.0,,63000.0,,63000.0,2.0,1
2022HU1375982,07511,62,53,21.0,2,102000.0,0630,102000.0,131070,102000.0,2.0,1
2022HU1376643,07510,147,37,22.0,1,687000.0,0440,737000.0,1191XX,737000.0,3.0,2
2022HU1376643,07510,170,1,,2,,,,,737000.0,3.0,2
2022HU1376667,07512,98,81,16.0,2,0.0,,3600.0,,3600.0,1.0,1
2022HU1376850,07513,36,45,22.0,1,250000.0,0440,253300.0,1191XX,293300.0,1.0,4
2022HU1376850,07513,34,42,16.0,2,40000.0,4110,40000.0,353031,293300.0,1.0,4
2022HU1376850,07513,27,11,8.0,1,,,,,293300.0,1.0,4
2022HU1376850,07513,26,8,4.0,1,,,,,293300.0,1.0,4
2022HU1377175,07508,67,67,22.0,1,0.0,,89000.0,,89000.0,1.0,2
2022HU1377175,07508,76,59,20.0,2,0.0,,0.0,,89000.0,1.0,2
2022HU1377487,07511,59,69,22.0,1,20000.0,2310,20000.0,252020,120000.0,2.0,2
2022HU1377487,07511,60,68,23.0,2,100000.0,2100,100000.0,2310XX,120000.0,2.0,2
2022HU1377517,07510,112,37,22.0,1,150000.0,1460,150000.0,172141,150000.0,3.0,1
2022HU1378669,07511,55,36,23.0,1,375000.0,2100,375000.0,2310XX,625000.0,1.0,4
2022HU1378669,07511,54,36,22.0,2,250000.0,0750,250000.0,131199,625000.0,1.0,4
2022HU1378669,07511,65,3,2.0,2,,,,,625000.0,1.0,4
2022HU1378669,07511,63,1,,2,,,,,625000.0,1.0,4
2022HU1379363,07508,122,32,23.0,1,79000.0,3010,79000.0,291020,79000.0,3.0,1
2022HU1379431,07514,52,71,22.0,2,0.0,,64200.0,,80200.0,2.0,2
2022HU1379431,07514,46,73,22.0,1,0.0,,16000.0,,80200.0,2.0,2
2022HU1379549,07510,82,33,19.0,1,200000.0,1021,210000.0,151252,210000.0,3.0,1
2022HU1379602,07509,97,64,19.0,1,50000.0,5100,50000.0,433011,50000.0,3.0,1
2022HU1379690,07512,109,59,22.0,1,400000.0,0440,400000.0,1191XX,400000.0,3.0,1
2022HU1380433,07511,58,68,21.0,2,0.0,3255,87100.0,291141,87100.0,2.0,1
2022HU1380596,07511,182,27,18.0,1,110000.0,1021,110000.0,151252,110000.0,3.0,1
2022HU1380704,07510,297,60,21.0,2,75000.0,8760,75000.0,519080,75000.0,3.0,1
2022HU1381203,07507,64,75,21.0,1,60000.0,0800,84000.0,132011,92500.0,3.0,2
2022HU1381203,07507,67,50,24.0,1,0.0,,8500.0,,92500.0,3.0,2
2022HU1381216,07514,84,29,22.0,2,120000.0,1021,120000.0,151252,120000.0,3.0,1
2022HU1381854,07512,101,36,24.0,1,0.0,1800,437000.0,193011,587000.0,2.0,3
2022HU1381854,07512,97,35,23.0,2,150000.0,3090,150000.0,291210,587000.0,2.0,3
2022HU1381854,07512,100,3,1.0,1,,,,,587000.0,2.0,3
2022HU1381886,07514,46,48,22.0,1,230000.0,0300,305000.0,119041,992000.0,3.0,4
2022HU1381886,07514,28,48,21.0,2,687000.0,2100,687000.0,2310XX,992000.0,3.0,4
2022HU1381886,07514,40,12,10.0,2,,,,,992000.0,3.0,4
2022HU1381886,07514,40,8,4.0,2,,,,,992000.0,3.0,4
2022HU1382523,07511,66,57,24.0,2,0.0,3261,47000.0,291291,47000.0,3.0,1
2022HU1382682,07509,42,41,22.0,1,100000.0,3245,110000.0,29112X,310000.0,3.0,3
2022HU1382682,07509,98,34,21.0,2,200000.0,0630,200000.0,131070,310000.0,3.0,3
2022HU1382682,07509,58,1,,1,,,,,310000.0,3.0,3
2022HU1383445,07510,166,40,21.0,2,150000.0,3550,150000.0,299000,260600.0,3.0,2
2022HU1383445,07510,155,37,18.0,1,107000.0,1021,110600.0,151252,260600.0,3.0,2
2022HU1384042,07510,114,37,22.0,1,8000.0,0750,8000.0,131199,18000.0,3.0,2
2022HU1384042,07510,105,33,21.0,1,10000.0,4920,10000.0,419020,18000.0,3.0,2
2022HU1384113,07511,98,57,19.0,1,25000.0,0725,25000.0,131121,200000.0,3.0,3
2022HU1384113,07511,88,50,17.0,1,55000.0,2025,55000.0,21109X,200000.0,3.0,3
2022HU1384113,07511,114,35,17.0,1,120000.0,1108,120000.0,151299,200000.0,3.0,3
2022HU1384525,07512,61,79,13.0,2,0.0,,67300.0,,67300.0,2.0,1
2022HU1384554,07510,76,22,21.0,2,820.0,2545,820.0,259040,6220.0,3.0,2
2022HU1384554,07510,91,26,21.0,2,0.0,4600,5400.0,399011,6220.0,3.0,2
2022HU1384625,07512,59,28,21.0,2,115000.0,0440,115000.0,1191XX,205000.0,3.0,2
2022HU1384625,07512,53,34,22.0,1,90000.0,0705,90000.0,131082,205000.0,3.0,2
2022HU1384717,07512,48,44,22.0,1,275000.0,1305,302500.0,171011,302500.0,1.0,3
2022HU1384717,07512,46,41,19.0,2,0.0,0020,0.0,111021,302500.0,1.0,3
2022HU1384717,07512,45,4,2.0,2,,,,,302500.0,1.0,3
2022HU1385330,07510,78,72,21.0,2,0.0,,113100.0,,179000.0,1.0,2
2022HU1385330,07510,48,70,21.0,1,0.0,,65900.0,,179000.0,1.0,2
2022HU1385608,07512,63,42,21.0,2,250000.0,4700,259000.0,411011,559000.0,1.0,3
2022HU1385608,07512,54,38,22.0,1,300000.0,0120,300000.0,113031,559000.0,1.0,3
2022HU1385608,07512,125,0,,2,,,,,559000.0,1.0,3
2022HU1386639,07509,46,66,16.0,2,15000.0,4110,27600.0,353031,27600.0,3.0,1
2022HU1386671,07514,48,25,21.0,2,96000.0,0850,96000.0,132052,196000.0,3.0,2
2022HU1386671,07514,42,25,21.0,2,100000.0,0860,100000.0,132053,196000.0,3.0,2
2022HU1386760,07507,90,76,16.0,2,0.0,,35900.0,,35900.0,2.0,1
2022HU1386776,07510,126,42,22.0,1,130000.0,1840,147300.0,193051,147300.0,1.0,1
2022HU1387280,07507,199,35,21.0,1,190000.0,3740,190000.0,332011,250000.0,1.0,2
2022HU1387280,07507,174,35,21.0,2,60000.0,9050,60000.0,532031,250000.0,1.0,2
2022HU1388846,07511,87,44,22.0,1,400000.0,1021,400000.0,151252,400000.0,1.0,1
2022HU1389237,07510,77,77,19.0,1,0.0,,119000.0,,244090.0,2.0,3
2022HU1389237,07510,64,34,19.0,1,110000.0,2025,115000.0,21109X,244090.0,2.0,3
2022HU1389237,07510,59,31,22.0,2,10000.0,3245,10090.0,29112X,244090.0,2.0,3
2022HU1389315,07511,102,37,22.0,1,150000.0,2640,160000.0,27102X,219000.0,3.0,2
2022HU1389315,07511,102,37,21.0,2,59000.0,5360,59000.0,434161,219000.0,3.0,2
2022HU1389620,07514,164,55,16.0,1,17000.0,9142,17000.0,533054,17000.0,3.0,2
2022HU1389620,07514,149,52,16.0,2,0.0,,0.0,,17000.0,3.0,2
2022HU1390071,07513,34,60,16.0,2,67000.0,5920,67000.0,439111,179200.0,2.0,3
2022HU1390071,07513,41,60,9.0,1,80000.0,6410,80000.0,472140,179200.0,2.0,3
2022HU1390071,07513,59,86,16.0,2,0.0,,32200.0,,179200.0,2.0,3
2022HU1390822,07511,50,33,21.0,1,65000.0,5040,65000.0,432099,183000.0,3.0,2
2022HU1390822,07511,49,33,22.0,2,118000.0,1021,118000.0,151252,183000.0,3.0,2
2022HU1391365,07509,57,29,21.0,2,150000.0,0735,150000.0,131161,330000.0,3.0,2
2022HU1391365,07509,73,30,21.0,1,180000.0,1530,180000.0,1721YY,330000.0,3.0,2
2022HU1391666,07514,29,22,21.0,2,41000.0,5600,41000.0,435061,146000.0,2.0,3
2022HU1391666,07514,26,22,21.0,2,65000.0,4840,65000.0,413091,146000.0,2.0,3
2022HU1391666,07514,27,22,21.0,2,40000.0,2300,40000.0,252010,146000.0,2.0,3
2022HU1391836,07511,67,68,21.0,1,0.0,,65000.0,,65000.0,3.0,1
2022HU1391863,07510,36,51,23.0,1,206000.0,1305,206000.0,171011,326000.0,3.0,2
2022HU1391863,07510,30,48,21.0,1,120000.0,1021,120000.0,151252,326000.0,3.0,2
2022HU1392195,07509,47,48,21.0,1,165000.0,4700,165000.0,411011,165000.0,3.0,1
2022HU1392204,07510,109,76,16.0,1,0.0,,36000.0,,36000.0,3.0,1
2022HU1392416,07513,97,49,22.0,1,300000.0,1360,301500.0,172051,601500.0,1.0,3
2022HU1392416,07513,97,50,22.0,2,300000.0,0420,300000.0,119151,601500.0,1.0,3
2022HU1392416,07513,105,16,13.0,1,0.0,,0.0,,601500.0,1.0,3
2022HU1392914,07514,52,53,21.0,2,15000.0,3255,15000.0,291141,15000.0,1.0,1
2022HU1393596,07510,85,27,21.0,1,243000.0,1021,243000.0,151252,513000.0,3.0,2
2022HU1393596,07510,90,33,22.0,2,270000.0,0440,270000.0,1191XX,513000.0,3.0,2
2022HU1394034,07507,35,94,1.0,2,0.0,,12500.0,,12500.0,3.0,1
2022HU1394372,07509,338,48,1.0,1,95000.0,4220,95000.0,37201X,143000.0,3.0,3
2022HU1394372,07509,331,48,1.0,2,40000.0,4220,40000.0,37201X,143000.0,3.0,3
2022HU1394372,07509,351,24,21.0,2,8000.0,4760,8000.0,412031,143000.0,3.0,3
2022HU1394445,07514,56,53,23.0,1,687000.0,3090,687000.0,291210,1087000.0,2.0,2
2022HU1394445,07514,54,60,22.0,1,400000.0,0010,400000.0,1110XX,1087000.0,2.0,2
2022HU1394502,07511,54,61,24.0,1,350000.0,1106,350000.0,151241,350000.0,3.0,1
2022HU1394679,07513,50,53,22.0,2,90000.0,2011,90000.0,211021,330000.0,1.0,2
2022HU1394679,07513,46,46,22.0,1,240000.0,0440,240000.0,1191XX,330000.0,1.0,2
2022HU1394693,07511,64,40,23.0,2,335000.0,3090,335000.0,291210,560000.0,1.0,2
2022HU1394693,07511,62,38,21.0,2,175000.0,4621,225000.0,399031,560000.0,1.0,2
2022HU1394715,07512,64,76,21.0,2,0.0,,68400.0,,68400.0,2.0,1
2022HU1395196,07507,76,60,16.0,2,100000.0,9610,100000.0,537061,499000.0,2.0,6
2022HU1395196,07507,77,30,21.0,1,190000.0,1021,190000.0,151252,499000.0,2.0,6
2022HU1395196,07507,73,29,22.0,2,87000.0,0350,87000.0,119111,499000.0,2.0,6
2022HU1395196,07507,99,50,20.0,2,32000.0,9620,32000.0,537062,499000.0,2.0,6
2022HU1395196,07507,77,80,1.0,2,0.0,,0.0,,499000.0,2.0,6
2022HU1395196,07507,63,28,22.0,1,90000.0,3647,90000.0,319095,499000.0,2.0,6
2022HU1395621,07514,47,32,21.0,1,170000.0,4840,170000.0,413091,320000.0,3.0,2
2022HU1395621,07514,53,31,21.0,2,150000.0,3255,150000.0,291141,320000.0,3.0,2
2022HU1395901,07513,43,36,21.0,2,55000.0,0705,68200.0,131082,130200.0,3.0,4
2022HU1395901,07513,47,38,19.0,1,62000.0,4251,62000.0,373011,130200.0,3.0,4
2022HU1395901,07513,76,7,3.0,1,,,,,130200.0,3.0,4
2022HU1395901,07513,47,3,1.0,1,,,,,130200.0,3.0,4
2022HU1397531,07511,143,57,21.0,1,6000.0,2014,16000.0,211029,10500.0,3.0,3
2022HU1397531,07511,163,61,21.0,2,0.0,0440,-5500.0,1191XX,10500.0,3.0,3
2022HU1397531,07511,709,22,20.0,1,0.0,,0.0,,10500.0,3.0,3
2022HU1398302,07510,103,29,21.0,2,194000.0,1021,194000.0,151252,310800.0,3.0,3
2022HU1398302,07510,93,29,21.0,2,75000.0,5240,75000.0,434051,310800.0,3.0,3
2022HU1398302,07510,71,24,21.0,2,44500.0,1760,41800.0,192099,310800.0,3.0,3
2022HU1398568,07510,47,75,21.0,1,27000.0,2825,174300.0,273031,187300.0,1.0,2
2022HU1398568,07510,52,72,22.0,2,0.0,,13000.0,,187300.0,1.0,2
2022HU1398670,07508,58,63,22.0,2,28000.0,2330,28000.0,252050,28000.0,3.0,2
2022HU1398670,07508,62,20,18.0,2,0.0,,0.0,,28000.0,3.0,2
2022HU1399078,07512,133,41,21.0,2,200000.0,3255,200000.0,291141,400000.0,1.0,4
2022HU1399078,07512,150,35,21.0,1,200000.0,0137,200000.0,113131,400000.0,1.0,4
2022HU1399078,07512,157,4,1.0,2,,,,,400000.0,1.0,4
2022HU1399078,07512,158,1,,1,,,,,400000.0,1.0,4
2022HU1399220,07509,122,51,20.0,2,60000.0,0440,60000.0,1191XX,60000.0,3.0,2
2022HU1399220,07509,105,17,14.0,1,0.0,,0.0,,60000.0,3.0,2
2022HU1399242,07508,49,22,19.0,1,0.0,,0.0,,6700.0,3.0,2
2022HU1399242,07508,48,22,21.0,1,6700.0,2722,6700.0,272022,6700.0,3.0,2
2022HU1399786,07509,82,25,19.0,2,0.0,,0.0,,59000.0,3.0,3
2022HU1399786,07509,82,25,19.0,2,15000.0,4621,35000.0,399031,59000.0,3.0,3
2022HU1399786,07509,80,26,21.0,2,24000.0,2205,24000.0,251000,59000.0,3.0,3
2022HU1400035,07509,90,26,21.0,1,120000.0,4840,120000.0,413091,120000.0,3.0,1
2022HU1400160,07511,81,48,24.0,1,300000.0,1240,300000.0,1520XX,500000.0,1.0,3
2022HU1400160,07511,65,54,22.0,2,200000.0,0800,200000.0,132011,500000.0,1.0,3
2022HU1400160,07511,41,17,14.0,1,0.0,,0.0,,500000.0,1.0,3
2022HU1400400,07507,63,79,21.0,1,4500.0,1530,222500.0,1721YY,222500.0,2.0,2
2022HU1400400,07507,65,57,21.0,2,0.0,,0.0,,222500.0,2.0,2
2022HU1400539,07511,64,55,22.0,2,185000.0,2100,186200.0,2310XX,923200.0,1.0,3
2022HU1400539,07511,58,58,22.0,1,687000.0,1021,737000.0,151252,923200.0,1.0,3
2022HU1400539,07511,55,18,16.0,1,0.0,,0.0,,923200.0,1.0,3
2022HU1400579,07513,49,45,23.0,1,687000.0,2205,717000.0,251000,1077000.0,1.0,3
2022HU1400579,07513,60,43,24.0,2,360000.0,1760,360000.0,192099,1077000.0,1.0,3
2022HU1400579,07513,46,10,7.0,1,,,,,1077000.0,1.0,3
2022HU1401066,07510,146,70,9.0,2,0.0,8300,19000.0,516011,31000.0,3.0,2
2022HU1401066,07510,148,94,8.0,2,0.0,,12000.0,,31000.0,3.0,2
2022HU1401261,07508,112,59,21.0,2,0.0,0710,122400.0,131111,122400.0,2.0,1
2022HU1402041,07510,82,39,20.0,1,132000.0,6355,132000.0,472111,217000.0,1.0,2
2022HU1402041,07510,95,36,21.0,2,85000.0,1006,85000.0,151211,217000.0,1.0,2
2022HU1402254,07510,224,32,22.0,2,150000.0,0051,150000.0,112021,150000.0,3.0,1
2022HU1402673,07510,145,58,22.0,1,60000.0,2310,100000.0,252020,300000.0,2.0,2
2022HU1402673,07510,133,60,21.0,2,200000.0,4700,200000.0,411011,300000.0,2.0,2
2022HU1403112,07513,36,70,21.0,1,0.0,2830,38000.0,273041,72000.0,1.0,2
2022HU1403112,07513,43,71,21.0,2,0.0,7700,34000.0,511011,72000.0,1.0,2
2022HU1403260,07513,309,44,21.0,1,120000.0,1108,120200.0,151299,120200.0,3.0,1
2022HU1403897,07512,57,78,21.0,2,0.0,,9700.0,,9700.0,3.0,1
2022HU1404313,07513,105,49,24.0,2,687000.0,2100,687000.0,2310XX,687000.0,1.0,1
2022HU1405697,07508,45,47,22.0,2,100000.0,9310,100050.0,535020,210050.0,3.0,2
2022HU1405697,07508,69,51,20.0,1,110000.0,4525,110000.0,39509X,210050.0,3.0,2
2022HU1405710,07514,152,50,21.0,1,350000.0,1530,452000.0,1721YY,452000.0,3.0,1
2022HU1405808,07514,249,83,20.0,2,0.0,,102500.0,,102500.0,1.0,1
2022HU1406074,07511,103,31,22.0,1,225000.0,0845,275000.0,132051,425000.0,3.0,3
2022HU1406074,07511,98,31,22.0,2,150000.0,0120,150000.0,113031,425000.0,3.0,3
2022HU1406074,07511,131,0,,2,,,,,425000.0,3.0,3
2022HU1406114,07514,93,47,22.0,1,172000.0,0440,172000.0,1191XX,172000.0,3.0,3
2022HU1406114,07514,58,10,6.0,1,,,,,172000.0,3.0,3
2022HU1406114,07514,65,10,6.0,2,,,,,172000.0,3.0,3
2022HU1406501,07508,60,62,22.0,2,0.0,,45700.0,,45700.0,3.0,1
2022HU1406599,07510,57,31,22.0,2,125000.0,0440,150000.0,1191XX,259600.0,3.0,3
2022HU1406599,07510,53,31,22.0,2,100000.0,0020,100000.0,111021,259600.0,3.0,3
2022HU1406599,07510,51,31,1.0,2,0.0,5510,9600.0,435021,259600.0,3.0,3
2022HU1407042,07508,64,44,22.0,1,0.0,4920,20000.0,419020,440000.0,3.0,5
2022HU1407042,07508,58,37,22.0,2,0.0,2722,120000.0,272022,440000.0,3.0,5
2022HU1407042,07508,71,3,1.0,2,,,,,440000.0,3.0,5
2022HU1407042,07508,58,61,21.0,1,300000.0,0440,300000.0,1191XX,440000.0,3.0,5
2022HU1407042,07508,58,60,23.0,2,0.0,0350,0.0,119111,440000.0,3.0,5
2022HU1407218,07514,28,52,12.0,2,0.0,,0.0,,176050.0,2.0,4
2022HU1407218,07514,32,51,19.0,1,176000.0,1032,176000.0,151255,176050.0,2.0,4
2022HU1407218,07514,34,16,13.0,1,0.0,,50.0,,176050.0,2.0,4
2022HU1407218,07514,37,14,12.0,1,,,,,176050.0,2.0,4
2022HU1407657,07511,50,51,19.0,1,65000.0,2025,65000.0,21109X,65000.0,3.0,1
2022HU1407837,07507,153,58,19.0,1,60000.0,9350,60000.0,536021,305300.0,2.0,4
2022HU1407837,07507,91,23,21.0,1,110000.0,1360,107300.0,172051,305300.0,2.0,4
2022HU1407837,07507,91,23,21.0,1,90000.0,0710,90000.0,131111,305300.0,2.0,4
2022HU1407837,07507,107,59,16.0,2,48000.0,0101,48000.0,113012,305300.0,2.0,4
2022HU1407998,07513,417,47,21.0,1,180000.0,5000,204000.0,431011,484000.0,1.0,4
2022HU1407998,07513,380,46,21.0,2,240000.0,2635,280000.0,271025,484000.0,1.0,4
2022HU1407998,07513,441,11,8.0,1,,,,,484000.0,1.0,4
2022HU1407998,07513,495,8,5.0,2,,,,,484000.0,1.0,4
2022HU1408002,07510,23,68,15.0,1,0.0,,18000.0,,42000.0,4.0,2
2022HU1408002,07510,28,63,16.0,2,24000.0,2545,24000.0,259040,42000.0,4.0,2
2022HU1408547,07511,58,51,21.0,2,0.0,,0.0,,210000.0,1.0,3
2022HU1408547,07511,87,42,21.0,1,210000.0,1021,210000.0,151252,210000.0,1.0,3
2022HU1408547,07511,63,5,2.0,1,,,,,210000.0,1.0,3
2022HU1408726,07513,110,66,16.0,2,19000.0,9130,21100.0,533030,21100.0,2.0,1
2022HU1409068,07511,64,74,19.0,2,0.0,,41400.0,,41400.0,3.0,1
2022HU1410162,07511,176,47,16.0,2,0.0,9620,25000.0,537062,25000.0,3.0,4
2022HU1410162,07511,110,18,14.0,1,0.0,,0.0,,25000.0,3.0,4
2022HU1410162,07511,170,60,16.0,1,0.0,,0.0,,25000.0,3.0,4
2022HU1410162,07511,170,56,16.0,1,0.0,,0.0,,25000.0,3.0,4
2022HU1410214,07510,79,34,21.0,1,164000.0,1021,164000.0,151252,164000.0,3.0,1
2022HU1410382,07508,48,21,16.0,1,900.0,9620,900.0,537062,13500.0,3.0,3
2022HU1410382,07508,45,21,16.0,1,1100.0,9620,1100.0,537062,13500.0,3.0,3
2022HU1410382,07508,47,20,16.0,1,11500.0,0725,11500.0,131121,13500.0,3.0,3
2022HU1410632,07511,77,33,21.0,1,160000.0,1530,160000.0,1721YY,160000.0,3.0,1
2022HU1410925,07514,105,38,23.0,2,108000.0,2100,108000.0,2310XX,163000.0,3.0,3
2022HU1410925,07514,105,38,21.0,1,55000.0,4700,55000.0,411011,163000.0,3.0,3
2022HU1410925,07514,181,1,,2,,,,,163000.0,3.0,3
2022HU1411124,07509,100,61,18.0,1,225000.0,2640,225000.0,27102X,225000.0,3.0,1
2022HU1412648,07512,32,75,20.0,1,0.0,,279000.0,,279000.0,1.0,2
2022HU1412648,07512,91,72,17.0,2,0.0,,0.0,,279000.0,1.0,2
2022HU1412910,07512,234,27,21.0,2,30000.0,5400,30000.0,434171,70000.0,2.0,2
2022HU1412910,07512,296,32,19.0,1,40000.0,5510,40000.0,435021,70000.0,2.0,2
2022HU1413276,07511,45,51,23.0,2,0.0,1825,75000.0,19303X,229000.0,3.0,3
2022HU1413276,07511,43,52,21.0,2,130000.0,2320,130000.0,252030,229000.0,3.0,3
2022HU1413276,07511,53,31,20.0,2,0.0,4350,24000.0,392021,229000.0,3.0,3
2022HU1413608,07509,67,76,1.0,2,0.0,,12500.0,,12500.0,3.0,1
2022HU1414977,07507,63,69,3.0,2,11000.0,9150,11000.0,533099,191000.0,2.0,8
2022HU1414977,07507,65,73,17.0,1,0.0,,0.0,,191000.0,2.0,8
2022HU1414977,07507,61,28,21.0,2,90000.0,0800,90000.0,132011,191000.0,2.0,8
2022HU1414977,07507,61,63,3.0,2,40000.0,0350,40000.0,119111,191000.0,2.0,8
2022HU1414977,07507,65,94,17.0,1,0.0,,0.0,,191000.0,2.0,8
2022HU1414977,07507,64,94,17.0,2,0.0,,0.0,,191000.0,2.0,8
2022HU1414977,07507,66,30,21.0,1,50000.0,2770,50000.0,272099,191000.0,2.0,8
2022HU1414977,07507,54,22,21.0,1,0.0,4622,0.0,399032,191000.0,2.0,8
2022HU1415156,07510,126,38,17.0,2,0.0,4110,8300.0,353031,39500.0,3.0,2
2022HU1415156,07510,141,51,17.0,1,31200.0,2013,31200.0,211023,39500.0,3.0,2
2022HU1415808,07511,76,46,21.0,1,126000.0,2600,126000.0,271010,126000.0,1.0,2
2022HU1415808,07511,63,18,16.0,1,0.0,,0.0,,126000.0,1.0,2
2022HU1417472,07508,372,44,21.0,1,32000.0,2205,32000.0,251000,197000.0,3.0,2
2022HU1417472,07508,298,50,24.0,2,165000.0,0110,165000.0,113021,197000.0,3.0,2
2022HU1417613,07508,96,70,20.0,2,0.0,,14400.0,,14400.0,3.0,1
2022HU1418056,07510,95,65,1.0,2,0.0,4230,13200.0,372012,13200.0,3.0,1
2022HU1419354,07508,172,28,21.0,1,18000.0,4700,18000.0,411011,258000.0,3.0,4
2022HU1419354,07508,44,32,21.0,1,100000.0,4920,100000.0,419020,258000.0,3.0,4
2022HU1419354,07508,61,29,21.0,1,100000.0,4760,100000.0,412031,258000.0,3.0,4
2022HU1419354,07508,60,26,21.0,1,40000.0,3300,40000.0,292010,258000.0,3.0,4
2022HU1419509,07509,79,49,19.0,2,0.0,4920,30000.0,419020,30000.0,3.0,1
2022HU1419965,07510,90,66,22.0,2,76000.0,2840,99000.0,273042,284200.0,2.0,2
2022HU1419965,07510,99,68,22.0,1,160000.0,2840,185200.0,273042,284200.0,2.0,2
2022HU1419979,07510,80,30,21.0,2,64000.0,4760,64000.0,412031,179000.0,3.0,2
2022HU1419979,07510,83,31,22.0,2,115000.0,1460,115000.0,172141,179000.0,3.0,2
2022HU1420129,07507,70,54,21.0,1,70000.0,2710,101000.0,272012,157300.0,2.0,2
2022HU1420129,07507,56,63,21.0,2,0.0,0800,56300.0,132011,157300.0,2.0,2
2022HU1420236,07513,35,75,1.0,1,0.0,,10000.0,,341000.0,2.0,4
2022HU1420236,07513,35,68,21.0,2,0.0,0800,259000.0,132011,341000.0,2.0,4
2022HU1420236,07513,43,33,16.0,1,0.0,,12000.0,,341000.0,2.0,4
2022HU1420236,07513,27,28,16.0,1,60000.0,3930,60000.0,339030,341000.0,2.0,4
2022HU1420245,07510,364,75,16.0,2,0.0,,33800.0,,94300.0,1.0,2
2022HU1420245,07510,324,77,16.0,1,0.0,,60500.0,,94300.0,1.0,2
2022HU1420718,07510,356,28,21.0,1,81000.0,4965,81000.0,419099,261000.0,3.0,2
2022HU1420718,07510,323,27,21.0,1,180000.0,1021,180000.0,151252,261000.0,3.0,2
2022HU1421266,07514,306,33,14.0,1,50000.0,7315,57000.0,499021,57000.0,3.0,1
2022HU1422304,07513,87,49,21.0,2,235000.0,5000,236000.0,431011,337000.0,1.0,2
2022HU1422304,07513,116,58,23.0,1,0.0,2100,101000.0,2310XX,337000.0,1.0,2
2022HU1422523,07509,196,63,18.0,1,15000.0,3930,15000.0,339030,15000.0,3.0,1
2022HU1422824,07510,72,47,22.0,2,0.0,2850,30500.0,273043,309300.0,1.0,4
2022HU1422824,07510,88,43,20.0,1,248000.0,0220,278800.0,119021,309300.0,1.0,4
2022HU1422824,07510,153,9,6.0,1,,,,,309300.0,1.0,4
2022HU1422824,07510,154,7,4.0,1,,,,,309300.0,1.0,4
2022HU1423269,07508,65,75,24.0,2,0.0,2205,149300.0,251000,149300.0,1.0,1
2022HU1423515,07511,47,48,21.0,2,107000.0,0010,107300.0,1110XX,152900.0,3.0,2
2022HU1423515,07511,44,64,21.0,1,0.0,,45600.0,,152900.0,3.0,2
2022HU1423874,07511,49,50,24.0,2,110000.0,2435,118000.0,254022,210000.0,1.0,2
2022HU1423874,07511,60,57,21.0,2,90000.0,1108,92000.0,151299,210000.0,1.0,2
2022HU1424043,07510,95,63,16.0,1,0.0,9050,82900.0,532031,277900.0,1.0,3
2022HU1424043,07510,136,53,21.0,1,85000.0,0750,105000.0,131199,277900.0,1.0,3
2022HU1424043,07510,93,41,21.0,1,90000.0,2640,90000.0,27102X,277900.0,1.0,3
2022HU1424773,07512,70,36,21.0,1,100000.0,0705,107000.0,131082,107000.0,2.0,1
2022HU1425014,07508,69,40,21.0,1,0.0,1460,90000.0,172141,90000.0,3.0,1
2022HU1425345,07511,66,65,21.0,2,0.0,0230,36600.0,119030,173500.0,2.0,2
2022HU1425345,07511,71,59,23.0,2,0.0,2205,136900.0,251000,173500.0,2.0,2
2022HU1425374,07512,190,74,22.0,2,0.0,,29800.0,,29800.0,2.0,1
2022HU1425648,07511,55,33,24.0,1,155000.0,1760,155000.0,192099,165000.0,3.0,3
2022HU1425648,07511,59,37,22.0,2,0.0,2350,10000.0,253041,165000.0,3.0,3
2022HU1425648,07511,88,1,,1,,,,,165000.0,3.0,3
2022HU1426099,07514,71,25,21.0,1,100000.0,4840,525000.0,413091,525000.0,3.0,1
2022HU1426868,07511,61,30,21.0,2,50000.0,2905,50510.0,2740XX,440560.0,3.0,3
2022HU1426868,07511,62,32,21.0,1,366000.0,1021,366050.0,151252,440560.0,3.0,3
2022HU1426868,07511,56,28,22.0,2,24000.0,2205,24000.0,251000,440560.0,3.0,3
2022HU1427133,07510,71,46,21.0,1,131000.0,0010,132800.0,1110XX,262850.0,1.0,2
2022HU1427133,07510,58,47,22.0,2,130000.0,2840,130050.0,273042,262850.0,1.0,2
2022HU1427308,07510,53,63,21.0,1,230000.0,1021,241700.0,151252,418500.0,1.0,4
2022HU1427308,07510,49,63,22.0,2,41800.0,4435,41800.0,3930XX,418500.0,1.0,4
2022HU1427308,07510,29,22,21.0,2,10000.0,0110,10000.0,113021,418500.0,1.0,4
2022HU1427308,07510,30,23,21.0,2,125000.0,0845,125000.0,132051,418500.0,1.0,4
2022HU1427488,07507,64,61,24.0,2,140000.0,1760,150000.0,192099,160000.0,2.0,2
2022HU1427488,07507,60,61,20.0,1,0.0,1320,10000.0,172011,160000.0,2.0,2
2022HU1428505,07508,47,46,22.0,2,140000.0,5000,140000.0,431011,827000.0,3.0,4
2022HU1428505,07508,60,46,21.0,1,687000.0,1021,687000.0,151252,827000.0,3.0,4
2022HU1428505,07508,53,17,14.0,1,0.0,,0.0,,827000.0,3.0,4
2022HU1428505,07508,53,14,10.0,2,,,,,827000.0,3.0,4
2022HU1428828,07509,62,72,22.0,1,0.0,,143720.0,,143720.0,3.0,1
2022HU1428938,07510,89,44,21.0,1,687000.0,0010,762000.0,1110XX,1012500.0,1.0,3
2022HU1428938,07510,82,39,24.0,2,250000.0,0705,250500.0,131082,1012500.0,1.0,3
2022HU1428938,07510,93,4,2.0,1,,,,,1012500.0,1.0,3
2022HU1430879,07514,56,28,21.0,2,200000.0,3255,200440.0,291141,287440.0,3.0,2
2022HU1430879,07514,64,28,21.0,1,87000.0,4850,87000.0,414010,287440.0,3.0,2
2022HU1431127,07511,53,29,22.0,2,150000.0,0440,150000.0,1191XX,225000.0,3.0,2
2022HU1431127,07511,63,31,21.0,1,75000.0,0020,75000.0,111021,225000.0,3.0,2
2022HU1431553,07510,57,66,20.0,1,30000.0,2910,93000.0,274021,95000.0,1.0,2
2022HU1431553,07510,70,66,21.0,2,0.0,2600,2000.0,271010,95000.0,1.0,2
2022HU1431662,07509,75,22,19.0,1,22200.0,4130,22200.0,359011,22200.0,3.0,1
2022HU1431784,07511,51,38,22.0,2,95000.0,0350,95000.0,119111,320090.0,3.0,4
2022HU1431784,07511,64,42,23.0,1,225000.0,1050,225090.0,151230,320090.0,3.0,4
2022HU1431784,07511,193,6,6.0,2,,,,,320090.0,3.0,4
2022HU1431784,07511,133,3,1.0,1,,,,,320090.0,3.0,4
2022HU1432082,07513,85,47,21.0,1,0.0,,52000.0,,52000.0,2.0,1
2022HU1432495,07508,266,23,21.0,2,40000.0,4840,40000.0,413091,190000.0,3.0,2
2022HU1432495,07508,137,22,21.0,2,150000.0,0051,150000.0,112021,190000.0,3.0,2
2022HU1432810,07511,280,36,22.0,2,190000.0,1010,190000.0,151251,390000.0,1.0,2
2022HU1432810,07511,281,40,22.0,1,200000.0,0300,200000.0,119041,390000.0,1.0,2
2022HU1433377,07507,111,28,19.0,2,40000.0,5400,40000.0,434171,64200.0,3.0,3
2022HU1433377,07507,73,55,19.0,1,13200.0,4720,13200.0,412010,64200.0,3.0,3
2022HU1433377,07507,77,26,19.0,1,11000.0,9640,11000.0,537064,64200.0,3.0,3
2022HU1433699,07509,141,74,21.0,2,0.0,0052,31200.0,112022,31200.0,2.0,1
2022HU1435355,07514,50,59,21.0,2,115000.0,0051,115000.0,112021,115000.0,1.0,1
2022HU1435701,07508,95,88,1.0,1,0.0,,21800.0,,49600.0,2.0,2
2022HU1435701,07508,86,86,16.0,2,0.0,,27800.0,,49600.0,2.0,2
2022HU1435786,07508,93,39,21.0,2,95000.0,3255,95000.0,291141,790000.0,1.0,4
2022HU1435786,07508,73,41,22.0,1,687000.0,0440,695000.0,1191XX,790000.0,1.0,4
2022HU1435786,07508,70,1,,1,,,,,790000.0,1.0,4
2022HU1435786,07508,69,0,,1,,,,,790000.0,1.0,4
2022HU1436023,07509,66,59,23.0,2,687000.0,2100,712000.0,2310XX,712000.0,1.0,1
2022HU1436422,07508,51,46,22.0,1,200000.0,1021,200200.0,151252,194700.0,1.0,4
2022HU1436422,07508,48,39,22.0,2,0.0,0230,-5500.0,119030,194700.0,1.0,4
2022HU1436422,07508,45,13,10.0,1,,,,,194700.0,1.0,4
2022HU1436422,07508,45,11,8.0,2,,,,,194700.0,1.0,4
2022HU1436473,07510,78,30,21.0,2,41700.0,4621,41710.0,399031,69290.0,3.0,4
2022HU1436473,07510,88,2,,2,,,,,69290.0,3.0,4
2022HU1436473,07510,84,25,21.0,2,22100.0,5940,22100.0,439XXX,69290.0,3.0,4
2022HU1436473,07510,46,23,21.0,2,5200.0,1970,5480.0,1940YY,69290.0,3.0,4
2022HU1436594,07509,94,46,22.0,1,65000.0,2600,65000.0,271010,65000.0,3.0,1
2022HU1437414,07511,57,47,21.0,2,130000.0,0705,230000.0,131082,230000.0,3.0,1
2022HU1438411,07511,65,56,21.0,1,270000.0,0630,270000.0,131070,270000.0,1.0,1
2022HU1438744,07513,58,78,21.0,1,0.0,,64100.0,,88100.0,1.0,2
2022HU1438744,07513,67,72,21.0,2,0.0,,24000.0,,88100.0,1.0,2
2022HU1438861,07512,55,44,21.0,1,100000.0,0705,100000.0,131082,180000.0,1.0,3
2022HU1438861,07512,62,44,21.0,2,80000.0,0051,80000.0,112021,180000.0,1.0,3
2022HU1438861,07512,72,1,,2,,,,,180000.0,1.0,3
2022HU1439715,07513,32,57,14.0,1,36000.0,4020,36000.0,352010,86000.0,1.0,3
2022HU1439715,07513,32,50,14.0,2,50000.0,4220,50000.0,37201X,86000.0,1.0,3
2022HU1439715,07513,30,16,14.0,1,0.0,2016,0.0,211093,86000.0,1.0,3
2022HU1439747,07509,362,36,24.0,1,300000.0,0010,300000.0,1110XX,380000.0,3.0,4
2022HU1439747,07509,332,36,23.0,2,80000.0,3090,80000.0,291210,380000.0,3.0,4
2022HU1439747,07509,344,3,2.0,1,,,,,380000.0,3.0,4
2022HU1439747,07509,344,0,,1,,,,,380000.0,3.0,4
2022HU1439997,07509,38,64,9.0,1,9100.0,4020,17300.0,352010,79600.0,3.0,4
2022HU1439997,07509,40,57,12.0,2,38000.0,7750,38000.0,5120XX,79600.0,3.0,4
2022HU1439997,07509,32,29,16.0,1,21600.0,4760,21600.0,412031,79600.0,3.0,4
2022HU1439997,07509,27,24,17.0,1,2700.0,4720,2700.0,412010,79600.0,3.0,4
2022HU1440298,07513,86,64,23.0,2,180000.0,3090,180000.0,291210,180000.0,2.0,1
2022HU1440571,07507,105,79,15.0,2,0.0,,3600.0,,3600.0,2.0,1
2022HU1440872,07514,176,49,21.0,1,200000.0,1021,200000.0,151252,200000.0,3.0,1
2022HU1440931,07509,82,72,18.0,2,0.0,,10800.0,,10800.0,3.0,1
2022HU1441413,07514,67,37,21.0,2,120000.0,2640,120000.0,27102X,120000.0,3.0,1
2022HU1441438,07507,52,44,22.0,2,83000.0,2310,85000.0,252020,85000.0,3.0,1
2022HU1441819,07510,54,29,18.0,1,687000.0,1007,687000.0,151212,687000.0,3.0,1
2022HU1441932,07509,228,39,18.0,2,50000.0,5240,50000.0,434051,95000.0,3.0,2
2022HU1441932,07509,194,39,16.0,1,45000.0,3930,45000.0,339030,95000.0,3.0,2
2022HU1442390,07509,142,41,21.0,1,8000.0,4760,26000.0,412031,26000.0,2.0,1
2022HU1442571,07508,65,53,19.0,1,50000.0,4830,84500.0,413041,234500.0,1.0,2
2022HU1442571,07508,46,50,20.0,2,150000.0,3255,150000.0,291141,234500.0,1.0,2
2022HU1442634,07514,73,43,23.0,2,687000.0,2100,688000.0,2310XX,688000.0,3.0,1
2022HU1442706,07511,70,55,19.0,2,82000.0,5860,82000.0,439061,82000.0,3.0,1
2022HU1443666,07509,65,43,16.0,2,30000.0,3945,30000.0,339093,84500.0,3.0,8
2022HU1443666,07509,56,42,16.0,1,20000.0,6442,20000.0,472152,84500.0,3.0,8
2022HU1443666,07509,48,18,19.0,1,700.0,4720,700.0,412010,84500.0,3.0,8
2022HU1443666,07509,74,17,14.0,2,500.0,4760,500.0,412031,84500.0,3.0,8
2022HU1443666,07509,56,14,11.0,1,,,,,84500.0,3.0,8
2022HU1443666,07509,57,94,16.0,2,0.0,,10100.0,,84500.0,3.0,8
2022HU1443666,07509,52,70,8.0,2,0.0,,12200.0,,84500.0,3.0,8
2022HU1443666,07509,57,72,22.0,1,11000.0,4220,11000.0,37201X,84500.0,3.0,8
2022HU1444228,07511,49,27,22.0,2,92000.0,3030,92000.0,291031,92000.0,3.0,1
2022HU1444341,07509,74,25,21.0,1,15000.0,8740,15000.0,519061,44000.0,3.0,2
2022HU1444341,07509,74,25,21.0,1,29000.0,1760,29000.0,192099,44000.0,3.0,2
2022HU1444727,07508,96,48,19.0,2,15000.0,3602,15000.0,311122,34000.0,3.0,4
2022HU1444727,07508,95,7,3.0,1,,,,,34000.0,3.0,4
2022HU1444727,07508,119,84,1.0,1,0.0,,9500.0,,34000.0,3.0,4
2022HU1444727,07508,103,81,1.0,2,0.0,,9500.0,,34000.0,3.0,4
2022HU1444813,07508,52,60,20.0,2,0.0,0735,0.0,131161,445000.0,1.0,2
2022HU1444813,07508,66,67,23.0,1,0.0,2100,445000.0,2310XX,445000.0,1.0,2
2022HU1444835,07507,50,40,21.0,2,125000.0,0440,125020.0,1191XX,195020.0,1.0,2
2022HU1444835,07507,118,40,16.0,1,70000.0,9130,70000.0,533030,195020.0,1.0,2
2022HU1444882,07513,63,49,21.0,1,35000.0,8740,35000.0,519061,62300.0,3.0,3
2022HU1444882,07513,57,90,19.0,1,0.0,,0.0,,62300.0,3.0,3
2022HU1444882,07513,53,79,21.0,2,21200.0,3602,27300.0,311122,62300.0,3.0,3
2022HU1445078,07509,100,64,1.0,1,0.0,6200,35030.0,471011,67830.0,3.0,3
2022HU1445078,07509,101,26,21.0,2,10800.0,1555,10800.0,17302X,67830.0,3.0,3
2022HU1445078,07509,81,24,16.0,1,22000.0,9610,22000.0,537061,67830.0,3.0,3
2022HU1445319,07508,81,48,22.0,2,85000.0,2320,85000.0,252030,137000.0,3.0,3
2022HU1445319,07508,71,43,21.0,1,52000.0,2006,52000.0,211019,137000.0,3.0,3
2022HU1445319,07508,111,7,3.0,1,,,,,137000.0,3.0,3
2022HU1445585,07511,69,64,21.0,1,150000.0,0220,150000.0,119021,250000.0,1.0,2
2022HU1445585,07511,63,45,21.0,2,100000.0,0800,100000.0,132011,250000.0,1.0,2
2022HU1445689,07507,59,71,20.0,2,0.0,4720,96100.0,412010,126500.0,1.0,6
2022HU1445689,07507,57,68,18.0,2,0.0,,0.0,,126500.0,1.0,6
2022HU1445689,07507,121,3,1.0,2,,,,,126500.0,1.0,6
2022HU1445689,07507,63,34,16.0,1,24000.0,4850,24000.0,414010,126500.0,1.0,6
2022HU1445689,07507,63,31,20.0,2,6400.0,2014,6400.0,211029,126500.0,1.0,6
2022HU1445689,07507,49,9,5.0,1,,,,,126500.0,1.0,6
2022HU1446313,07514,58,38,21.0,2,0.0,0726,100.0,131131,1112100.0,3.0,6
2022HU1446313,07514,57,38,22.0,1,687000.0,0220,1112000.0,119021,1112100.0,3.0,6
2022HU1446313,07514,55,7,4.0,1,,,,,1112100.0,3.0,6
2022HU1446313,07514,54,5,2.0,1,,,,,1112100.0,3.0,6
2022HU1446313,07514,106,2,,1,,,,,1112100.0,3.0,6
2022HU1446313,07514,52,76,22.0,2,0.0,,0.0,,1112100.0,3.0,6
2022HU1446406,07514,413,35,21.0,2,116000.0,0630,126000.0,131070,126000.0,3.0,1
